2026-09-04 15:47:42,964 [WARNING] [!] Skript läuft nicht als Root. Eskaliere Privilegien via sudo...
2026-09-04 15:47:43,118 [INFO] [Eingabe] Prüfe Systemvoraussetzungen...
2026-09-04 15:47:43,124 [INFO] [+] Systemcheck erfolgreich. WSL-IP ermittelt: 172.23.220.58
2026-09-04 15:47:43,124 [INFO] [Verarbeitung] Initialisiere 256MB RAM-Disk (tmpfs)...
2026-09-04 15:47:43,126 [INFO] Mounte 256MB tmpfs auf /mnt/tor_ramdisk...
2026-09-04 15:47:43,129 [INFO] [+] RAM-Disk erfolgreich gemountet.
2026-09-04 15:47:43,130 [INFO] [Verarbeitung] Erzeuge dynamische Konfigurationsdateien in der RAM-Disk...
2026-09-04 15:47:43,135 [INFO] [+] Dynamische torrc erfolgreich in RAM-Disk erzeugt: /mnt/tor_ramdisk/torrc
2026-09-04 15:47:43,139 [INFO] [+] Gehärtete Privoxy-Config in RAM-Disk erzeugt: /mnt/tor_ramdisk/privoxy.conf
2026-09-04 15:47:43,140 [INFO] [Verarbeitung] Wende strikte POSIX-Sicherheitsrechte an...
2026-09-04 15:47:43,140 [INFO] Setze strikte Dateirechte (POSIX Security)...
2026-09-04 15:47:43,141 [INFO] [+] POSIX-Dateirechte erfolgreich gehärtet (0700 / 0600).
2026-09-04 15:47:43,141 [INFO] [Verarbeitung] Konfiguriere Windows Defender Firewall-Regeln...
2026-09-04 15:47:43,141 [INFO] Konfiguriere Windows-Firewall-Regeln...
2026-09-04 15:47:43,143 [ERROR] [-] PowerShell-Firewall-Fehler: [Errno 2] No such file or directory: 'powershell.exe'
2026-09-04 15:47:43,143 [ERROR] [-] PowerShell-Firewall-Fehler: [Errno 2] No such file or directory: 'powershell.exe'
2026-09-04 15:47:43,144 [WARNING] [!] Firewall-Regeln konnten teilweise nicht gesetzt werden (Admin-Rechte unter Windows erforderlich).
2026-09-04 15:47:43,144 [INFO] [Verarbeitung] Aktiviere DNS-Leak-Schutz & nftables Kill-Switch...
2026-09-04 15:47:43,145 [INFO] [+] /etc/resolv.conf temporär auf lokalen Tor-DNS umgeleitet.
2026-09-04 15:47:43,153 [INFO] [+] nftables-Ruleset vorab gesichert.
2026-09-04 15:47:43,157 [INFO] [+] nftables Kill-Switch aktiv (Exklusiver Outbound für Tor-UID 136).
2026-09-04 15:47:43,158 [INFO] [Verarbeitung] Starte Tor-Dienst und Stealth-Relay...
2026-09-04 15:47:43,158 [INFO] Starte Tor-Prozess...
2026-09-04 15:47:43,159 [INFO] Warte auf Tor-Bootstrap (kann bei europäischen Exit-Nodes einen Moment dauern)...
2026-09-04 15:48:30,199 [INFO] [Cleanup] Fahre Cyberdeck Tor Suite herunter...
2026-09-04 15:48:30,199 [INFO] Deaktiviere Windows-Systemproxy...
2026-09-04 15:48:30,200 [ERROR] [-] Unerwarteter Fehler bei PowerShell-Ausführung: [Errno 2] No such file or directory: 'powershell.exe'
2026-09-04 15:48:30,201 [INFO] [+] Windows-Systemproxy erfolgreich deaktiviert.
2026-09-04 15:48:30,202 [INFO] Entferne temporäre Windows-Firewall-Regeln...
2026-09-04 15:48:30,202 [ERROR] [-] PowerShell-Firewall-Fehler: [Errno 2] No such file or directory: 'powershell.exe'
2026-09-04 15:48:30,203 [ERROR] [-] Fehler beim Löschen der Firewall-Regeln.
2026-09-04 15:48:30,221 [INFO] [+] Ursprüngliches nftables-Ruleset erfolgreich wiederhergestellt.
2026-09-04 15:48:30,222 [INFO] [+] Ursprüngliche /etc/resolv.conf wiederhergestellt.
2026-09-04 15:48:30,222 [INFO] Stoppe Privoxy-Dienst...
2026-09-04 15:48:30,223 [INFO] [+] Privoxy sauber beendet.
2026-09-04 15:48:30,223 [INFO] Stoppe Tor-Prozess und IP-Changer...
2026-09-04 15:48:30,224 [INFO] [+] Tor-Prozess sauber beendet.
2026-09-04 15:48:30,224 [INFO] Unmounte RAM-Disk unter /mnt/tor_ramdisk...
2026-09-04 15:48:30,228 [INFO] [+] RAM-Disk sauber unmountet und Spuren beseitigt.
2026-09-04 15:48:30,229 [INFO] [+] Shutdown abgeschlossen. Sämtliche temporären Daten wurden aus dem RAM gelöscht.
2026-09-04 16:10:43,590 [WARNING] [!] Skript läuft nicht als Root. Eskaliere Privilegien via sudo...
2026-09-04 16:10:43,743 [INFO] [Eingabe] Prüfe Systemvoraussetzungen...
2026-09-04 16:10:43,746 [INFO] [+] Systemcheck erfolgreich. WSL-IP ermittelt: 172.23.220.58
2026-09-04 16:10:43,746 [INFO] [Verarbeitung] Initialisiere 256MB RAM-Disk (tmpfs)...
2026-09-04 16:10:43,749 [INFO] Mounte 256MB tmpfs auf /mnt/tor_ramdisk...
2026-09-04 16:10:43,751 [INFO] [+] RAM-Disk erfolgreich gemountet.
2026-09-04 16:10:43,753 [INFO] [Verarbeitung] Erzeuge dynamische Konfigurationsdateien in der RAM-Disk...
2026-09-04 16:10:43,757 [INFO] [+] Dynamische torrc erfolgreich in RAM-Disk erzeugt: /mnt/tor_ramdisk/torrc
2026-09-04 16:10:43,761 [INFO] [+] Gehärtete Privoxy-Config in RAM-Disk erzeugt: /mnt/tor_ramdisk/privoxy.conf
2026-09-04 16:10:43,762 [INFO] [Verarbeitung] Wende strikte POSIX-Sicherheitsrechte an...
2026-09-04 16:10:43,762 [INFO] Setze strikte Dateirechte (POSIX Security)...
2026-09-04 16:10:43,763 [INFO] [+] POSIX-Dateirechte erfolgreich gehärtet (0700 / 0600).
2026-09-04 16:10:43,763 [INFO] [Verarbeitung] Konfiguriere Windows Defender Firewall-Regeln...
2026-09-04 16:10:43,764 [INFO] Konfiguriere Windows-Firewall-Regeln...
2026-09-04 16:10:46,762 [INFO] [+] Firewall-Regeln erfolgreich erstellt (8118 & 8443 TCP).
2026-09-04 16:10:46,763 [INFO] [Verarbeitung] Aktiviere DNS-Leak-Schutz & nftables Kill-Switch...
2026-09-04 16:10:46,764 [INFO] [+] /etc/resolv.conf temporär auf lokalen Tor-DNS umgeleitet.
2026-09-04 16:10:46,773 [INFO] [+] nftables-Ruleset vorab gesichert.
2026-09-04 16:10:46,777 [INFO] [+] nftables Kill-Switch aktiv (Exklusiver Outbound für Tor-UID 136).
2026-09-04 16:10:46,777 [INFO] [Verarbeitung] Starte Tor-Dienst und Stealth-Relay...
2026-09-04 16:10:46,778 [INFO] Starte Tor-Prozess...
2026-09-04 16:10:46,779 [INFO] Warte auf Tor-Bootstrap (kann bei europäischen Exit-Nodes einen Moment dauern)...
2026-09-04 16:11:46,787 [ERROR] [-] Timeout beim Tor-Bootstrap erreicht.
2026-09-04 16:27:20,181 [WARNING] [!] Skript läuft nicht als Root. Eskaliere Privilegien via sudo...
2026-09-04 16:27:20,336 [INFO] [Eingabe] Prüfe Systemvoraussetzungen...
2026-09-04 16:27:20,339 [INFO] [+] Systemcheck erfolgreich. WSL-IP ermittelt: 172.23.220.58
2026-09-04 16:27:20,339 [INFO] [Verarbeitung] Initialisiere 256MB RAM-Disk (tmpfs)...
2026-09-04 16:27:20,340 [INFO] [*] RAM-Disk ist bereits gemountet.
2026-09-04 16:27:20,340 [INFO] [Verarbeitung] Erzeuge dynamische Konfigurationsdateien in der RAM-Disk...
2026-09-04 16:27:20,345 [INFO] [+] Dynamische torrc erfolgreich in RAM-Disk erzeugt: /mnt/tor_ramdisk/torrc
2026-09-04 16:27:20,350 [INFO] [+] Gehärtete Privoxy-Config in RAM-Disk erzeugt: /mnt/tor_ramdisk/privoxy.conf
2026-09-04 16:27:20,351 [INFO] [Verarbeitung] Wende strikte POSIX-Sicherheitsrechte an...
2026-09-04 16:27:20,351 [INFO] Setze strikte Dateirechte (POSIX Security)...
2026-09-04 16:27:20,352 [INFO] [+] POSIX-Dateirechte erfolgreich gehärtet (0700 / 0600).
2026-09-04 16:27:20,352 [INFO] [Verarbeitung] Konfiguriere Windows Defender Firewall-Regeln...
2026-09-04 16:27:20,353 [INFO] Konfiguriere Windows-Firewall-Regeln...
2026-09-04 16:27:23,148 [INFO] [+] Firewall-Regeln erfolgreich erstellt (8118 & 8443 TCP).
2026-09-04 16:27:23,149 [INFO] [Verarbeitung] Aktiviere DNS-Leak-Schutz & nftables Kill-Switch...
2026-09-04 16:27:23,149 [INFO] [+] /etc/resolv.conf temporär auf lokalen Tor-DNS umgeleitet.
2026-09-04 16:27:23,154 [INFO] [+] nftables-Ruleset vorab gesichert.
2026-09-04 16:27:23,168 [INFO] [+] nftables Kill-Switch aktiv (Exklusiver Outbound für Tor-UID 136).
2026-09-04 16:27:23,169 [INFO] [Verarbeitung] Bereinige verwaiste Tor-Prozesse und aktiviere Tor-Dienst...
2026-09-04 16:27:23,170 [INFO] Prüfe auf verwaiste Tor-Prozesse und gebe Ports frei...
2026-09-04 16:27:23,681 [INFO] Aktiviere tor.service...
2026-09-04 16:27:24,027 [INFO] Starte tor.service neu...
2026-09-04 16:27:24,081 [INFO] [+] tor.service erfolgreich gestartet.
2026-09-04 16:27:24,081 [INFO] [Verarbeitung] Starte Tor-Dienst und Stealth-Relay...
2026-09-04 16:27:24,082 [INFO] Starte Tor-Prozess...
2026-09-04 16:27:24,083 [INFO] Warte auf Tor-Bootstrap (kann bei europäischen Exit-Nodes einen Moment dauern)...
2026-09-04 16:28:24,091 [ERROR] [-] Timeout beim Tor-Bootstrap erreicht.
2026-09-04 16:39:57,817 [WARNING] [!] Skript läuft nicht als Root. Eskaliere Privilegien via sudo...
2026-09-04 16:39:57,972 [INFO] [Eingabe] Prüfe Systemvoraussetzungen...
2026-09-04 16:39:57,976 [INFO] [+] Systemcheck erfolgreich. WSL-IP ermittelt: 172.23.220.58
2026-09-04 16:39:57,977 [INFO] [Verarbeitung] Initialisiere 256MB RAM-Disk (tmpfs)...
2026-09-04 16:39:57,977 [INFO] [*] RAM-Disk ist bereits gemountet.
2026-09-04 16:39:57,978 [INFO] [+] Unterstrukturen für Tor (/mnt/tor_ramdisk/tor_data) und Privoxy (/mnt/tor_ramdisk/privoxy) vorbereitet.
2026-09-04 16:39:57,978 [INFO] [Verarbeitung] Erzeuge dynamische Konfigurationsdateien in der RAM-Disk...
2026-09-04 16:39:57,983 [INFO] [+] Dynamische torrc erfolgreich in RAM-Disk erzeugt: /mnt/tor_ramdisk/torrc
2026-09-04 16:39:57,988 [INFO] [+] Gehärtete Privoxy-Config in RAM-Disk erzeugt: /mnt/tor_ramdisk/privoxy.conf
2026-09-04 16:39:57,988 [INFO] [Verarbeitung] Wende strikte POSIX-Sicherheitsrechte an...
2026-09-04 16:39:57,989 [INFO] Setze strikte Dateirechte (POSIX Security)...
2026-09-04 16:39:57,989 [INFO] [+] POSIX-Dateirechte erfolgreich gehärtet (0700 / 0600).
2026-09-04 16:39:57,989 [INFO] [Verarbeitung] Konfiguriere Windows Defender Firewall-Regeln...
2026-09-04 16:39:57,990 [INFO] Konfiguriere Windows-Firewall-Regeln...
2026-09-04 16:40:00,680 [INFO] [+] Firewall-Regeln erfolgreich erstellt (8118 & 8443 TCP).
2026-09-04 16:40:00,681 [INFO] [Verarbeitung] Aktiviere DNS-Leak-Schutz & nftables Kill-Switch...
2026-09-04 16:40:00,682 [INFO] [+] /etc/resolv.conf temporär auf lokalen Tor-DNS umgeleitet.
2026-09-04 16:40:00,690 [INFO] [+] nftables-Ruleset vorab gesichert.
2026-09-04 16:40:00,728 [INFO] [+] nftables Kill-Switch aktiv (Exklusiver Outbound für Tor-UID 136).
2026-09-04 16:40:00,729 [INFO] [Verarbeitung] Bereinige verwaiste Tor-Prozesse und aktiviere Tor-Dienst...
2026-09-04 16:40:00,730 [INFO] Prüfe auf verwaiste Tor-Prozesse und gebe Ports frei...
2026-09-04 16:40:01,241 [INFO] Aktiviere tor.service...
2026-09-04 16:40:01,595 [INFO] Starte tor.service neu...
2026-09-04 16:40:01,833 [INFO] [+] tor.service erfolgreich gestartet.
2026-09-04 16:40:01,833 [INFO] [Verarbeitung] Starte Tor-Dienst und Stealth-Relay...
2026-09-04 16:40:01,834 [INFO] Starte Tor-Prozess...
2026-09-04 16:40:01,835 [INFO] Warte auf Tor-Bootstrap (kann bei europäischen Exit-Nodes einen Moment dauern)...
2026-09-04 16:40:24,379 [INFO] [Cleanup] Fahre Cyberdeck Tor Suite herunter...
2026-09-04 16:40:24,380 [INFO] Deaktiviere Windows-Systemproxy...
2026-09-04 16:40:24,602 [INFO] [+] Windows-Systemproxy erfolgreich deaktiviert.
2026-09-04 16:40:24,602 [INFO] Entferne temporäre Windows-Firewall-Regeln...
2026-09-04 16:40:26,191 [INFO] [+] Windows-Firewall-Regeln sauber gelöscht.
2026-09-04 16:40:26,242 [INFO] [+] Ursprüngliches nftables-Ruleset erfolgreich wiederhergestellt.
2026-09-04 16:40:26,243 [INFO] [+] Ursprüngliche /etc/resolv.conf wiederhergestellt.
2026-09-04 16:40:26,243 [INFO] Stoppe Privoxy-Dienst...
2026-09-04 16:40:26,253 [INFO] [+] Privoxy sauber beendet.
2026-09-04 16:40:26,254 [INFO] Stoppe Tor-Prozess und IP-Changer...
2026-09-04 16:40:26,254 [INFO] [+] Tor-Prozess sauber beendet.
2026-09-04 16:40:26,255 [INFO] Stoppe tor.service...
2026-09-04 16:40:26,297 [INFO] [+] tor.service beendet.
2026-09-04 16:40:26,298 [INFO] Prüfe auf verwaiste Tor-Prozesse und gebe Ports frei...
2026-09-04 16:40:26,808 [INFO] Unmounte RAM-Disk unter /mnt/tor_ramdisk...
2026-09-04 16:40:26,814 [INFO] [+] RAM-Disk sauber unmountet und Spuren beseitigt.
2026-09-04 16:40:26,815 [INFO] [+] Shutdown abgeschlossen. Sämtliche temporären Daten wurden aus dem RAM gelöscht.
2026-09-04 16:44:40,553 [WARNING] [!] Skript läuft nicht als Root. Eskaliere Privilegien via sudo...
2026-09-04 16:44:40,709 [INFO] [Eingabe] Prüfe Systemvoraussetzungen...
2026-09-04 16:44:40,714 [INFO] [+] Systemcheck erfolgreich. WSL-IP ermittelt: 172.23.220.58
2026-09-04 16:44:40,714 [INFO] [Verarbeitung] Initialisiere 256MB RAM-Disk (tmpfs)...
2026-09-04 16:44:40,716 [INFO] Mounte 256MB tmpfs auf /mnt/tor_ramdisk...
2026-09-04 16:44:40,720 [INFO] [+] RAM-Disk erfolgreich gemountet.
2026-09-04 16:44:40,721 [INFO] [+] Unterstrukturen für Tor (/mnt/tor_ramdisk/tor_data) und Privoxy (/mnt/tor_ramdisk/privoxy) vorbereitet.
2026-09-04 16:44:40,722 [INFO] [Verarbeitung] Erzeuge dynamische Konfigurationsdateien in der RAM-Disk...
2026-09-04 16:44:40,726 [INFO] [+] Dynamische torrc erfolgreich in RAM-Disk erzeugt: /mnt/tor_ramdisk/torrc
2026-09-04 16:44:40,731 [INFO] [+] Gehärtete Privoxy-Config in RAM-Disk erzeugt: /mnt/tor_ramdisk/privoxy.conf
2026-09-04 16:44:40,731 [INFO] [Verarbeitung] Wende strikte POSIX-Sicherheitsrechte an...
2026-09-04 16:44:40,732 [INFO] Setze strikte Dateirechte (POSIX Security)...
2026-09-04 16:44:40,732 [INFO] [+] POSIX-Dateirechte erfolgreich gehärtet (0700 / 0600).
2026-09-04 16:44:40,733 [INFO] [Verarbeitung] Konfiguriere Windows Defender Firewall-Regeln...
2026-09-04 16:44:40,733 [INFO] Konfiguriere Windows-Firewall-Regeln...
2026-09-04 16:44:43,356 [INFO] [+] Firewall-Regeln erfolgreich erstellt (8118 & 8443 TCP).
2026-09-04 16:44:43,357 [INFO] [Verarbeitung] Aktiviere DNS-Leak-Schutz & nftables Kill-Switch...
2026-09-04 16:44:43,358 [INFO] [+] /etc/resolv.conf temporär auf lokalen Tor-DNS umgeleitet.
2026-09-04 16:44:43,371 [INFO] [+] nftables-Ruleset vorab gesichert.
2026-09-04 16:44:43,393 [INFO] [+] nftables Kill-Switch aktiv (Exklusiver Outbound für Tor-UID 136).
2026-09-04 16:44:43,393 [INFO] [Verarbeitung] Bereinige verwaiste Tor-Prozesse und aktiviere Tor-Dienst...
2026-09-04 16:44:43,394 [INFO] Prüfe auf verwaiste Tor-Prozesse und gebe Ports frei...
2026-09-04 16:44:43,905 [INFO] Aktiviere tor.service...
2026-09-04 16:44:44,227 [INFO] Starte tor.service neu...
2026-09-04 16:44:44,270 [INFO] [+] tor.service erfolgreich gestartet.
2026-09-04 16:44:44,271 [INFO] [Verarbeitung] Starte Tor-Dienst und Stealth-Relay...
2026-09-04 16:44:44,272 [INFO] Starte Tor-Prozess...
2026-09-04 16:44:44,273 [INFO] Warte auf Tor-Bootstrap (kann bei europäischen Exit-Nodes einen Moment dauern)...
2026-09-04 16:45:44,282 [ERROR] [-] Timeout beim Tor-Bootstrap erreicht.
2026-09-04 17:09:30,171 [WARNING] [!] Skript läuft nicht als Root. Eskaliere Privilegien via sudo...
2026-09-04 17:09:30,573 [INFO] [Eingabe] Prüfe Systemvoraussetzungen...
2026-09-04 17:09:30,576 [INFO] [+] Systemcheck erfolgreich. WSL-IP ermittelt: 172.23.220.58
2026-09-04 17:09:30,577 [INFO] [Verarbeitung] Initialisiere 256MB RAM-Disk (tmpfs)...
2026-09-04 17:09:30,578 [INFO] Mounte 256MB tmpfs auf /mnt/tor_ramdisk...
2026-09-04 17:09:30,580 [INFO] [+] RAM-Disk erfolgreich gemountet.
2026-09-04 17:09:30,580 [INFO] [+] Unterstrukturen für Tor (/mnt/tor_ramdisk/tor_data) und Privoxy (/mnt/tor_ramdisk/privoxy) vorbereitet.
2026-09-04 17:09:30,581 [INFO] [Verarbeitung] Erzeuge dynamische Konfigurationsdateien in der RAM-Disk...
2026-09-04 17:09:30,586 [INFO] [+] Dynamische torrc erfolgreich in RAM-Disk erzeugt: /mnt/tor_ramdisk/torrc
2026-09-04 17:09:30,590 [INFO] [+] Gehärtete Privoxy-Config in RAM-Disk erzeugt: /mnt/tor_ramdisk/privoxy.conf
2026-09-04 17:09:30,591 [INFO] [Verarbeitung] Wende strikte POSIX-Sicherheitsrechte an...
2026-09-04 17:09:30,591 [INFO] Setze strikte Dateirechte (POSIX Security)...
2026-09-04 17:09:30,592 [INFO] [+] POSIX-Dateirechte erfolgreich gehärtet (0700 / 0600).
2026-09-04 17:09:30,592 [INFO] [Verarbeitung] Konfiguriere Windows Defender Firewall-Regeln...
2026-09-04 17:09:30,593 [INFO] Konfiguriere Windows-Firewall-Regeln für Ports 8118 (Privoxy) & 8443 (ORPort)...
2026-09-04 17:09:33,369 [INFO] [+] Firewall-Regeln erfolgreich erstellt (8118 & 8443 TCP).
2026-09-04 17:09:33,369 [INFO] [Verarbeitung] Aktiviere DNS-Leak-Schutz & nftables Kill-Switch...
2026-09-04 17:09:33,371 [INFO] [+] /etc/resolv.conf temporär auf lokalen Tor-DNS umgeleitet.
2026-09-04 17:09:33,375 [INFO] [+] nftables-Ruleset vorab gesichert.
2026-09-04 17:09:33,379 [INFO] [+] nftables Kill-Switch aktiv (Exklusiver Outbound für Tor-UID 136, DNS-Port 5353).
2026-09-04 17:09:33,379 [INFO] [Verarbeitung] Bereinige verwaiste Tor-Prozesse und aktiviere Tor-Dienst...
2026-09-04 17:09:33,380 [INFO] Prüfe auf verwaiste Tor-Prozesse und gebe Ports frei...
2026-09-04 17:09:33,891 [INFO] Aktiviere tor.service...
2026-09-04 17:09:34,156 [INFO] Starte tor.service neu...
2026-09-04 17:09:34,189 [ERROR] [-] Fehler beim Starten von tor.service: Job for tor.service failed because the control process exited with error code.
See "systemctl status tor.service" and "journalctl -xeu tor.service" for details.
2026-09-04 17:19:17,918 [WARNING] [!] Skript läuft nicht als Root. Eskaliere Privilegien via sudo...
2026-09-04 17:19:18,341 [INFO] [Eingabe] Prüfe Systemvoraussetzungen...
2026-09-04 17:19:18,346 [INFO] [+] Systemcheck erfolgreich. WSL-IP ermittelt: 172.23.220.58
2026-09-04 17:19:18,347 [INFO] [Verarbeitung] Initialisiere 256MB RAM-Disk (tmpfs)...
2026-09-04 17:19:18,347 [INFO] [*] RAM-Disk ist bereits gemountet.
2026-09-04 17:19:18,348 [INFO] [+] Unterstrukturen für Tor (/mnt/tor_ramdisk/tor_data) und Privoxy (/mnt/tor_ramdisk/privoxy) vorbereitet.
2026-09-04 17:19:18,348 [INFO] [Verarbeitung] Erzeuge dynamische Konfigurationsdateien in der RAM-Disk...
2026-09-04 17:19:18,353 [INFO] [+] Dynamische torrc erfolgreich in RAM-Disk erzeugt: /mnt/tor_ramdisk/torrc
2026-09-04 17:19:18,358 [INFO] [+] Gehärtete Privoxy-Config in RAM-Disk erzeugt: /mnt/tor_ramdisk/privoxy.conf
2026-09-04 17:19:18,358 [INFO] [Verarbeitung] Wende strikte POSIX-Sicherheitsrechte an...
2026-09-04 17:19:18,358 [INFO] Setze strikte Dateirechte & erstelle Systempfade...
2026-09-04 17:19:18,360 [INFO] [+] Pfad /run/cyberdeck/tor/torrc mit Rechte 0600 & User-UID 136 vorbereitet.
2026-09-04 17:19:18,360 [INFO] [Verarbeitung] Konfiguriere Windows Defender Firewall-Regeln...
2026-09-04 17:19:18,361 [INFO] Konfiguriere Windows-Firewall-Regeln für Ports 8118 (Privoxy) & 9001 (ORPort)...
2026-09-04 17:19:20,293 [INFO] [+] Firewall-Regeln erfolgreich gesetzt (8118 & 9001 TCP).
2026-09-04 17:19:20,294 [INFO] [Verarbeitung] Aktiviere DNS-Leak-Schutz & nftables Kill-Switch...
2026-09-04 17:19:20,299 [INFO] [+] /etc/resolv.conf gehärtet und auf lokalen Tor-DNS umgeleitet.
2026-09-04 17:19:20,330 [INFO] [+] nftables Kill-Switch aktiv (Exklusiver Outbound für Tor-UID 136, DNS-Port 5353).
2026-09-04 17:19:20,330 [INFO] [Verarbeitung] Bereinige verwaiste Tor-Prozesse und aktiviere Tor-Dienst...
2026-09-04 17:19:20,331 [INFO] Prüfe auf verwaiste Tor-Prozesse und gebe Ports frei...
2026-09-04 17:19:20,841 [INFO] Aktiviere tor.service...
2026-09-04 17:19:21,154 [INFO] Starte tor.service neu...
2026-09-04 17:19:21,458 [INFO] [+] tor.service erfolgreich gestartet.
2026-09-04 17:19:21,459 [INFO] [Verarbeitung] Starte Tor-Dienst und Stealth-Relay...
2026-09-04 17:19:21,464 [INFO] [+] Dynamische torrc erfolgreich in RAM-Disk erzeugt: /mnt/tor_ramdisk/torrc
2026-09-04 17:19:21,465 [INFO] Setze systemd Fehlerzustände zurück und starte tor.service...
2026-09-04 17:19:21,497 [INFO] [+] systemd tor.service erfolgreich gestartet.
2026-09-04 17:19:21,498 [INFO] Warte auf Tor-Bootstrap (kann bei europäischen Exit-Nodes einen Moment dauern)...
2026-09-04 17:20:21,523 [ERROR] [-] Timeout beim Tor-Bootstrap erreicht.
2026-09-05 22:12:21,273 [INFO] [Eingabe] Prüfe Systemvoraussetzungen...
2026-09-05 22:12:21,276 [INFO] [+] Systemcheck erfolgreich. WSL-IP ermittelt: 172.23.220.58
2026-09-05 22:12:21,276 [INFO] [Verarbeitung] Initialisiere 256MB RAM-Disk (tmpfs)...
2026-09-05 22:12:21,277 [INFO] Mounte 256MB tmpfs auf /mnt/tor_ramdisk...
2026-09-05 22:12:21,279 [INFO] [+] RAM-Disk erfolgreich gemountet.
2026-09-05 22:12:21,280 [INFO] [+] Unterstrukturen für Tor (/mnt/tor_ramdisk/tor_data) und Privoxy (/mnt/tor_ramdisk/privoxy) vorbereitet.
2026-09-05 22:12:21,280 [INFO] [Verarbeitung] Erzeuge dynamische Konfigurationsdateien in der RAM-Disk...
2026-09-05 22:12:21,284 [INFO] [+] Dynamische torrc erfolgreich in RAM-Disk erzeugt: /mnt/tor_ramdisk/torrc
2026-09-05 22:12:21,287 [INFO] [+] Gehärtete Privoxy-Config in RAM-Disk erzeugt: /mnt/tor_ramdisk/privoxy.conf
2026-09-05 22:12:21,288 [INFO] [Verarbeitung] Wende strikte POSIX-Sicherheitsrechte an...
2026-09-05 22:12:21,288 [INFO] Setze strikte Dateirechte & erstelle Systempfade...
2026-09-05 22:12:21,289 [INFO] [+] Pfad /mnt/tor_ramdisk/torrc mit Rechte 0600 & User-UID 136 vorbereitet.
2026-09-05 22:12:21,289 [INFO] [Verarbeitung] Konfiguriere Windows Defender Firewall-Regeln...
2026-09-05 22:12:21,289 [INFO] Konfiguriere Windows-Firewall-Regeln für Ports 8118 (Privoxy) & 8443 (ORPort)...
2026-09-05 22:12:23,373 [INFO] [+] Firewall-Regeln erfolgreich gesetzt (8118 & 8443 TCP).
2026-09-05 22:12:23,374 [INFO] [Verarbeitung] Aktiviere DNS-Leak-Schutz (Redirect 53->5353) & nftables Kill-Switch...
2026-09-05 22:12:23,375 [ERROR] [-] Fehler beim Setzen von /etc/resolv.conf: [Errno 2] No such file or directory: '/mnt/tor_ramdisk/backup/resolv.conf.cyberdeck.bak'
2026-09-05 22:12:23,380 [INFO] [+] DNS-Redirect aktiv: jeder Port-53-Aufruf -> Tor-DNSPort 5353 (kein DNS-Leak).
2026-09-05 22:12:23,384 [INFO] [+] nftables Kill-Switch aktiv (Exklusiver Outbound für Tor-UID 136, DNS-Port 5353).
2026-09-05 22:12:23,385 [INFO] [Verarbeitung] Bereinige verwaiste Tor-Prozesse und aktiviere Tor-Dienst...
2026-09-05 22:12:23,385 [INFO] Stoppe System-Tor-Instanz (tor@default)...
2026-09-05 22:12:23,430 [INFO] Prüfe auf verwaiste Tor-Prozesse und gebe Ports frei...
2026-09-05 22:12:23,939 [INFO] [+] System-Tor gestoppt – Ports frei für den Suite-eigenen Tor (RAM-Disk).
2026-09-05 22:12:23,940 [INFO] [Verarbeitung] Starte Tor-Dienst und Stealth-Relay...
2026-09-05 22:12:23,945 [INFO] [+] Dynamische torrc erfolgreich in RAM-Disk erzeugt: /mnt/tor_ramdisk/torrc
2026-09-05 22:12:23,947 [INFO] Starte Tor als direkten Prozess: tor -f /mnt/tor_ramdisk/torrc
2026-09-05 22:12:25,947 [INFO] Warte auf Tor-Bootstrap (kann bei europäischen Exit-Nodes einen Moment dauern)...
2026-09-05 22:12:35,328 [DEBUG] GETCONF __owningcontrollerprocess (runtime: 0.0002)
2026-09-05 22:12:35,329 [DEBUG] GETINFO status/bootstrap-phase (runtime: 0.0002)
2026-09-05 22:12:35,330 [INFO] Error while receiving a control message (SocketClosed): received exception "read of closed file"
2026-09-05 22:12:36,332 [DEBUG] GETCONF __owningcontrollerprocess (runtime: 0.0003)
2026-09-05 22:12:36,333 [DEBUG] GETINFO status/bootstrap-phase (runtime: 0.0002)
2026-09-05 22:12:36,334 [INFO] Error while receiving a control message (SocketClosed): received exception "read of closed file"
2026-09-05 22:12:37,337 [DEBUG] GETCONF __owningcontrollerprocess (runtime: 0.0002)
2026-09-05 22:12:37,337 [DEBUG] GETINFO status/bootstrap-phase (runtime: 0.0002)
2026-09-05 22:12:37,338 [INFO] Error while receiving a control message (SocketClosed): received exception "read of closed file"
2026-09-05 22:12:38,340 [DEBUG] GETCONF __owningcontrollerprocess (runtime: 0.0002)
2026-09-05 22:12:38,341 [DEBUG] GETINFO status/bootstrap-phase (runtime: 0.0002)
2026-09-05 22:12:38,342 [INFO] Error while receiving a control message (SocketClosed): received exception "read of closed file"
2026-09-05 22:12:39,344 [DEBUG] GETCONF __owningcontrollerprocess (runtime: 0.0002)
2026-09-05 22:12:39,345 [DEBUG] GETINFO status/bootstrap-phase (runtime: 0.0002)
2026-09-05 22:12:39,345 [INFO] Error while receiving a control message (SocketClosed): received exception "read of closed file"
2026-09-05 22:12:40,348 [DEBUG] GETCONF __owningcontrollerprocess (runtime: 0.0002)
2026-09-05 22:12:40,349 [DEBUG] GETINFO status/bootstrap-phase (runtime: 0.0002)
2026-09-05 22:12:40,349 [INFO] Error while receiving a control message (SocketClosed): received exception "read of closed file"
2026-09-05 22:12:41,351 [DEBUG] GETCONF __owningcontrollerprocess (runtime: 0.0002)
2026-09-05 22:12:41,352 [DEBUG] GETINFO status/bootstrap-phase (runtime: 0.0002)
2026-09-05 22:12:41,353 [INFO] Error while receiving a control message (SocketClosed): received exception "read of closed file"
2026-09-05 22:12:42,355 [DEBUG] GETCONF __owningcontrollerprocess (runtime: 0.0002)
2026-09-05 22:12:42,356 [DEBUG] GETINFO status/bootstrap-phase (runtime: 0.0002)
2026-09-05 22:12:42,356 [INFO] Error while receiving a control message (SocketClosed): received exception "read of closed file"
2026-09-05 22:12:43,358 [DEBUG] GETCONF __owningcontrollerprocess (runtime: 0.0002)
2026-09-05 22:12:43,359 [DEBUG] GETINFO status/bootstrap-phase (runtime: 0.0002)
2026-09-05 22:12:43,360 [INFO] Error while receiving a control message (SocketClosed): received exception "read of closed file"
2026-09-05 22:12:44,362 [DEBUG] GETCONF __owningcontrollerprocess (runtime: 0.0002)
2026-09-05 22:12:44,363 [DEBUG] GETINFO status/bootstrap-phase (runtime: 0.0002)
2026-09-05 22:12:44,363 [INFO] Error while receiving a control message (SocketClosed): received exception "read of closed file"
2026-09-05 22:12:45,365 [DEBUG] GETCONF __owningcontrollerprocess (runtime: 0.0002)
2026-09-05 22:12:45,366 [DEBUG] GETINFO status/bootstrap-phase (runtime: 0.0002)
2026-09-05 22:12:45,367 [INFO] Error while receiving a control message (SocketClosed): received exception "read of closed file"
2026-09-05 22:12:46,642 [DEBUG] GETCONF __owningcontrollerprocess (runtime: 0.0070)
2026-09-05 22:12:46,691 [DEBUG] GETINFO status/bootstrap-phase (runtime: 0.0480)
2026-09-05 22:12:46,692 [INFO] Error while receiving a control message (SocketClosed): received exception "read of closed file"
2026-09-05 22:12:47,747 [DEBUG] GETCONF __owningcontrollerprocess (runtime: 0.0005)
2026-09-05 22:12:47,807 [DEBUG] GETINFO status/bootstrap-phase (runtime: 0.0585)
2026-09-05 22:12:47,807 [INFO] Error while receiving a control message (SocketClosed): received exception "read of closed file"
2026-09-05 22:12:48,928 [DEBUG] GETCONF __owningcontrollerprocess (runtime: 0.0003)
2026-09-05 22:12:49,031 [DEBUG] GETINFO status/bootstrap-phase (runtime: 0.1018)
2026-09-05 22:12:49,032 [INFO] Error while receiving a control message (SocketClosed): received exception "read of closed file"
2026-09-05 22:12:51,094 [DEBUG] GETCONF __owningcontrollerprocess (runtime: 0.2544)
2026-09-05 22:12:51,267 [DEBUG] GETINFO status/bootstrap-phase (runtime: 0.1719)
2026-09-05 22:12:51,267 [INFO] Error while receiving a control message (SocketClosed): received exception "read of closed file"
2026-09-05 22:12:53,635 [DEBUG] GETCONF __owningcontrollerprocess (runtime: 0.1833)
2026-09-05 22:12:54,032 [DEBUG] GETINFO status/bootstrap-phase (runtime: 0.3957)
2026-09-05 22:12:54,033 [INFO] Error while receiving a control message (SocketClosed): received exception "read of closed file"
2026-09-05 22:12:55,418 [DEBUG] GETCONF __owningcontrollerprocess (runtime: 0.0410)
2026-09-05 22:12:55,420 [DEBUG] GETINFO status/bootstrap-phase (runtime: 0.0003)
2026-09-05 22:12:55,420 [INFO] Error while receiving a control message (SocketClosed): received exception "read of closed file"
2026-09-05 22:12:56,423 [DEBUG] GETCONF __owningcontrollerprocess (runtime: 0.0002)
2026-09-05 22:12:56,423 [DEBUG] GETINFO status/bootstrap-phase (runtime: 0.0002)
2026-09-05 22:12:56,424 [INFO] Error while receiving a control message (SocketClosed): received exception "read of closed file"
2026-09-05 22:12:57,426 [DEBUG] GETCONF __owningcontrollerprocess (runtime: 0.0002)
2026-09-05 22:12:57,427 [DEBUG] GETINFO status/bootstrap-phase (runtime: 0.0002)
2026-09-05 22:12:57,428 [INFO] Error while receiving a control message (SocketClosed): received exception "read of closed file"
2026-09-05 22:12:58,430 [DEBUG] GETCONF __owningcontrollerprocess (runtime: 0.0002)
2026-09-05 22:12:58,431 [DEBUG] GETINFO status/bootstrap-phase (runtime: 0.0002)
2026-09-05 22:12:58,431 [INFO] Error while receiving a control message (SocketClosed): received exception "read of closed file"
2026-09-05 22:12:59,436 [DEBUG] GETCONF __owningcontrollerprocess (runtime: 0.0002)
2026-09-05 22:12:59,437 [DEBUG] GETINFO status/bootstrap-phase (runtime: 0.0002)
2026-09-05 22:12:59,438 [INFO] Error while receiving a control message (SocketClosed): received exception "read of closed file"
2026-09-05 22:13:00,440 [DEBUG] GETCONF __owningcontrollerprocess (runtime: 0.0002)
2026-09-05 22:13:00,441 [DEBUG] GETINFO status/bootstrap-phase (runtime: 0.0002)
2026-09-05 22:13:00,441 [INFO] Error while receiving a control message (SocketClosed): received exception "read of closed file"
2026-09-05 22:13:01,443 [DEBUG] GETCONF __owningcontrollerprocess (runtime: 0.0002)
2026-09-05 22:13:01,444 [DEBUG] GETINFO status/bootstrap-phase (runtime: 0.0002)
2026-09-05 22:13:01,445 [INFO] Error while receiving a control message (SocketClosed): received exception "read of closed file"
2026-09-05 22:13:02,447 [DEBUG] GETCONF __owningcontrollerprocess (runtime: 0.0002)
2026-09-05 22:13:02,448 [DEBUG] GETINFO status/bootstrap-phase (runtime: 0.0002)
2026-09-05 22:13:02,448 [INFO] [+] Tor erfolgreich gestartet und zu 100% bootstrapped.
2026-09-05 22:13:02,449 [INFO] [*] IP-Changer gestartet (Rotation alle 60 Sekunden).
2026-09-05 22:13:02,449 [INFO] Error while receiving a control message (SocketClosed): received exception "read of closed file"
2026-09-05 22:13:02,450 [INFO] [Verarbeitung] Starte gehärteten Privoxy-Proxy...
2026-09-05 22:13:02,454 [INFO] [+] Gehärtete Privoxy-Config in RAM-Disk erzeugt: /mnt/tor_ramdisk/privoxy.conf
2026-09-05 22:13:02,455 [INFO] Aktiviere und starte Privoxy systemd-Dienst...
2026-09-05 22:13:03,747 [ERROR] [-] Fehler beim Starten des Privoxy systemd-Dienstes: Job for privoxy.service failed because the control process exited with error code.
See "systemctl status privoxy.service" and "journalctl -xeu privoxy.service" for details.
2026-09-05 22:13:03,748 [INFO] Starte Privoxy als direkten Prozess (Fallback)...
2026-09-05 22:13:05,249 [INFO] [+] Privoxy erfolgreich gestartet (Hört auf 0.0.0.0:8118).
2026-09-05 22:13:05,249 [INFO] [Ausgabe] Aktiviere Windows-Systemproxy...
2026-09-05 22:13:05,250 [INFO] Setze Windows-Systemproxy auf 172.23.220.58:8118...
2026-09-05 22:13:05,483 [INFO] [+] Windows-Systemproxy erfolgreich aktiviert (172.23.220.58:8118).
2026-09-05 22:13:05,484 [INFO] [SUCCESS] Tor Suite ist aktiv!
2026-09-05 22:13:05,485 [INFO]  - Privoxy Proxy: 172.23.220.58:8118
2026-09-05 22:13:05,485 [INFO]  - Tor Relay ORPort: 8443
2026-09-05 22:13:05,486 [INFO]  - IP-Rotation: Alle 60 Sekunden
2026-09-05 22:13:05,486 [INFO]  - Spurenschutz: Aktive 256MB RAM-Disk (tmpfs) + nftables Kill-Switch
2026-09-05 22:13:11,077 [INFO] [Cleanup] Fahre Cyberdeck Tor Suite herunter...
2026-09-05 22:13:11,078 [INFO] Deaktiviere Windows-Systemproxy...
2026-09-05 22:13:11,318 [INFO] [+] Windows-Systemproxy erfolgreich deaktiviert.
2026-09-05 22:13:11,319 [INFO] Entferne temporäre Windows-Firewall-Regeln...
2026-09-05 22:13:12,917 [INFO] [+] Windows-Firewall-Regeln sauber gelöscht.
2026-09-05 22:13:12,949 [INFO] [+] DNS-Redirect-Tabelle erfolgreich entfernt.
2026-09-05 22:13:12,973 [INFO] [+] nftables Kill-Switch Tabelle erfolgreich gelöscht.
2026-09-05 22:13:12,975 [INFO] Stoppe Privoxy-Dienst...
2026-09-05 22:13:12,981 [INFO] [+] Privoxy sauber beendet.
2026-09-05 22:13:12,981 [INFO] Stoppe Tor-Prozess und IP-Changer...
2026-09-05 22:13:12,988 [INFO] [+] Tor-Prozess sauber beendet.
2026-09-05 22:13:12,988 [INFO] Stoppe tor@default...
2026-09-05 22:13:12,994 [INFO] Prüfe auf verwaiste Tor-Prozesse und gebe Ports frei...
2026-09-05 22:13:13,504 [INFO] [+] tor@default beendet.
2026-09-05 22:13:13,505 [INFO] Unmounte RAM-Disk unter /mnt/tor_ramdisk...
2026-09-05 22:13:13,524 [INFO] [+] RAM-Disk sauber unmountet und Spuren beseitigt.
2026-09-05 22:13:13,525 [INFO] [+] Shutdown abgeschlossen. Sämtliche temporären Daten wurden aus dem RAM gelöscht.
2026-09-05 22:18:43,402 [INFO] [Eingabe] Prüfe Systemvoraussetzungen...
2026-09-05 22:18:43,405 [INFO] [+] Systemcheck erfolgreich. WSL-IP ermittelt: 172.23.220.58
2026-09-05 22:18:43,405 [INFO] [Verarbeitung] Initialisiere 256MB RAM-Disk (tmpfs)...
2026-09-05 22:18:43,407 [INFO] Mounte 256MB tmpfs auf /mnt/tor_ramdisk...
2026-09-05 22:18:43,409 [INFO] [+] RAM-Disk erfolgreich gemountet.
2026-09-05 22:18:43,409 [INFO] [+] Unterstrukturen für Tor (/mnt/tor_ramdisk/tor_data) und Privoxy (/mnt/tor_ramdisk/privoxy) vorbereitet.
2026-09-05 22:18:43,410 [INFO] [Verarbeitung] Erzeuge dynamische Konfigurationsdateien in der RAM-Disk...
2026-09-05 22:18:43,415 [INFO] [+] Dynamische torrc erfolgreich in RAM-Disk erzeugt: /mnt/tor_ramdisk/torrc
2026-09-05 22:18:43,419 [INFO] [+] Gehärtete Privoxy-Config in RAM-Disk erzeugt: /mnt/tor_ramdisk/privoxy.conf
2026-09-05 22:18:43,419 [INFO] [Verarbeitung] Wende strikte POSIX-Sicherheitsrechte an...
2026-09-05 22:18:43,420 [INFO] Setze strikte Dateirechte & erstelle Systempfade...
2026-09-05 22:18:43,420 [INFO] [+] Pfad /mnt/tor_ramdisk/torrc mit Rechte 0600 & User-UID 136 vorbereitet.
2026-09-05 22:18:43,421 [INFO] [Verarbeitung] Konfiguriere Windows Defender Firewall-Regeln...
2026-09-05 22:18:43,421 [INFO] Konfiguriere Windows-Firewall-Regeln für Ports 8118 (Privoxy) & 8443 (ORPort)...
2026-09-05 22:18:45,177 [INFO] [+] Firewall-Regeln erfolgreich gesetzt (8118 & 8443 TCP).
2026-09-05 22:18:45,178 [INFO] [Verarbeitung] Aktiviere DNS-Leak-Schutz (Redirect 53->5353) & nftables Kill-Switch...
2026-09-05 22:18:45,181 [INFO] [+] /etc/resolv.conf gehärtet und auf lokalen Tor-DNS umgeleitet.
2026-09-05 22:18:45,184 [INFO] [+] DNS-Redirect aktiv: jeder Port-53-Aufruf -> Tor-DNSPort 5353 (kein DNS-Leak).
2026-09-05 22:18:45,187 [INFO] [+] nftables Kill-Switch aktiv (Exklusiver Outbound für Tor-UID 136, DNS-Port 5353).
2026-09-05 22:18:45,188 [INFO] [Verarbeitung] Bereinige verwaiste Tor-Prozesse und aktiviere Tor-Dienst...
2026-09-05 22:18:45,188 [INFO] Stoppe System-Tor-Instanz (tor@default)...
2026-09-05 22:18:45,195 [INFO] Prüfe auf verwaiste Tor-Prozesse und gebe Ports frei...
2026-09-05 22:18:45,705 [INFO] [+] System-Tor gestoppt – Ports frei für den Suite-eigenen Tor (RAM-Disk).
2026-09-05 22:18:45,706 [INFO] [Verarbeitung] Starte Tor-Dienst und Stealth-Relay...
2026-09-05 22:18:45,710 [INFO] [+] Dynamische torrc erfolgreich in RAM-Disk erzeugt: /mnt/tor_ramdisk/torrc
2026-09-05 22:18:45,712 [INFO] Starte Tor als direkten Prozess: tor -f /mnt/tor_ramdisk/torrc
2026-09-05 22:18:47,713 [INFO] Warte auf Tor-Bootstrap (kann bei europäischen Exit-Nodes einen Moment dauern)...
2026-09-05 22:19:38,225 [INFO] [Cleanup] Fahre Cyberdeck Tor Suite herunter...
2026-09-05 22:19:38,226 [INFO] Deaktiviere Windows-Systemproxy...
2026-09-05 22:19:38,462 [INFO] [+] Windows-Systemproxy erfolgreich deaktiviert.
2026-09-05 22:19:38,463 [INFO] Entferne temporäre Windows-Firewall-Regeln...
2026-09-05 22:19:40,087 [INFO] [+] Windows-Firewall-Regeln sauber gelöscht.
2026-09-05 22:19:40,129 [INFO] [+] DNS-Redirect-Tabelle erfolgreich entfernt.
2026-09-05 22:19:40,137 [INFO] [+] nftables Kill-Switch Tabelle erfolgreich gelöscht.
2026-09-05 22:19:40,139 [INFO] [+] Ursprüngliche /etc/resolv.conf wiederhergestellt.
2026-09-05 22:19:40,139 [INFO] Stoppe Privoxy-Dienst...
2026-09-05 22:19:40,140 [INFO] [+] Privoxy sauber beendet.
2026-09-05 22:19:40,140 [INFO] Stoppe Tor-Prozess und IP-Changer...
2026-09-05 22:19:40,148 [INFO] [+] Tor-Prozess sauber beendet.
2026-09-05 22:19:40,149 [INFO] Stoppe tor@default...
2026-09-05 22:19:40,155 [INFO] Prüfe auf verwaiste Tor-Prozesse und gebe Ports frei...
2026-09-05 22:19:40,665 [INFO] [+] tor@default beendet.
2026-09-05 22:19:40,666 [INFO] Unmounte RAM-Disk unter /mnt/tor_ramdisk...
2026-09-05 22:19:40,686 [INFO] [+] RAM-Disk sauber unmountet und Spuren beseitigt.
2026-09-05 22:19:40,686 [INFO] [+] Shutdown abgeschlossen. Sämtliche temporären Daten wurden aus dem RAM gelöscht.
2026-09-05 22:32:51,298 [INFO] [Eingabe] Prüfe Systemvoraussetzungen...
2026-09-05 22:32:51,302 [INFO] [+] Systemcheck erfolgreich. WSL-IP ermittelt: 172.23.220.58
2026-09-05 22:32:51,303 [INFO] [Verarbeitung] Initialisiere 256MB RAM-Disk (tmpfs)...
2026-09-05 22:32:51,304 [INFO] [*] RAM-Disk ist bereits gemountet.
2026-09-05 22:32:51,304 [INFO] [+] Unterstrukturen für Tor (/mnt/tor_ramdisk/tor_data) und Privoxy (/mnt/tor_ramdisk/privoxy) vorbereitet.
2026-09-05 22:32:51,305 [INFO] [Verarbeitung] Erzeuge dynamische Konfigurationsdateien in der RAM-Disk...
2026-09-05 22:32:51,310 [INFO] [+] Dynamische torrc erfolgreich in RAM-Disk erzeugt: /mnt/tor_ramdisk/torrc
2026-09-05 22:32:51,316 [INFO] [+] Gehärtete Privoxy-Config in RAM-Disk erzeugt: /mnt/tor_ramdisk/privoxy.conf
2026-09-05 22:32:51,317 [INFO] [Verarbeitung] Wende strikte POSIX-Sicherheitsrechte an...
2026-09-05 22:32:51,317 [INFO] Setze strikte Dateirechte & erstelle Systempfade...
2026-09-05 22:32:51,318 [INFO] [+] Pfad /mnt/tor_ramdisk/torrc mit Rechte 0600 & User-UID 136 vorbereitet.
2026-09-05 22:32:51,319 [INFO] [Verarbeitung] Konfiguriere Windows Defender Firewall-Regeln...
2026-09-05 22:32:51,319 [INFO] Konfiguriere Windows-Firewall-Regeln für Ports 8118 (Privoxy) & 8443 (ORPort)...
2026-09-05 22:32:53,300 [INFO] [+] Firewall-Regeln erfolgreich gesetzt (8118 & 8443 TCP).
2026-09-05 22:32:53,301 [INFO] [Verarbeitung] Aktiviere DNS-Leak-Schutz (Redirect 53->5353) & nftables Kill-Switch...
2026-09-05 22:32:53,306 [INFO] [+] /etc/resolv.conf gehärtet und auf lokalen Tor-DNS umgeleitet.
2026-09-05 22:32:53,310 [INFO] [+] DNS-Redirect aktiv: jeder Port-53-Aufruf -> Tor-DNSPort 5353 (kein DNS-Leak).
2026-09-05 22:32:53,315 [INFO] [+] nftables Kill-Switch aktiv (Exklusiver Outbound für Tor-UID 136, DNS-Port 5353).
2026-09-05 22:32:53,315 [INFO] [Verarbeitung] Bereinige verwaiste Tor-Prozesse und aktiviere Tor-Dienst...
2026-09-05 22:32:53,316 [INFO] Stoppe System-Tor-Instanz (tor@default)...
2026-09-05 22:32:53,362 [INFO] Prüfe auf verwaiste Tor-Prozesse und gebe Ports frei...
2026-09-05 22:32:53,871 [INFO] [+] System-Tor gestoppt – Ports frei für den Suite-eigenen Tor (RAM-Disk).
2026-09-05 22:32:53,872 [INFO] [Verarbeitung] Starte Tor-Dienst und Stealth-Relay...
2026-09-05 22:32:53,876 [INFO] [+] Dynamische torrc erfolgreich in RAM-Disk erzeugt: /mnt/tor_ramdisk/torrc
2026-09-05 22:32:53,878 [INFO] Starte Tor als direkten Prozess: tor -f /mnt/tor_ramdisk/torrc
2026-09-05 22:32:55,879 [INFO] Warte auf Tor-Bootstrap (kann bei europäischen Exit-Nodes einen Moment dauern)...
2026-09-05 22:33:08,067 [INFO] [+] Tor erfolgreich gestartet und zu 100% bootstrapped.
2026-09-05 22:33:08,069 [INFO] [*] IP-Changer gestartet (Rotation alle 60 Sekunden).
2026-09-05 22:33:08,074 [INFO] [Verarbeitung] Starte gehärteten Privoxy-Proxy...
2026-09-05 22:33:08,080 [INFO] [+] Gehärtete Privoxy-Config in RAM-Disk erzeugt: /mnt/tor_ramdisk/privoxy.conf
2026-09-05 22:33:08,080 [INFO] Starte Privoxy als direkten Prozess mit RAM-Disk-Config...
2026-09-05 22:33:09,583 [INFO] [+] Privoxy erfolgreich gestartet (Hört auf 0.0.0.0:8118).
2026-09-05 22:33:09,584 [INFO] [Ausgabe] Aktiviere Windows-Systemproxy...
2026-09-05 22:33:09,585 [INFO] Setze Windows-Systemproxy auf 172.23.220.58:8118...
2026-09-05 22:33:09,826 [INFO] [+] Windows-Systemproxy erfolgreich aktiviert (172.23.220.58:8118).
2026-09-05 22:33:09,827 [INFO] [SUCCESS] Tor Suite ist aktiv!
2026-09-05 22:33:09,828 [INFO]  - Privoxy Proxy: 172.23.220.58:8118
2026-09-05 22:33:09,829 [INFO]  - Tor Relay ORPort: 8443
2026-09-05 22:33:09,829 [INFO]  - IP-Rotation: Alle 60 Sekunden
2026-09-05 22:33:09,830 [INFO]  - Spurenschutz: Aktive 256MB RAM-Disk (tmpfs) + nftables Kill-Switch
2026-09-05 22:34:13,086 [ERROR] [-] Fehler beim Verbinden mit ControlPort (9051): timed out
2026-09-05 22:35:16,212 [INFO] [+] Signal NEWNYM gesendet: Tor Exit-IP gewechselt.
2026-09-05 22:36:16,233 [INFO] [+] Signal NEWNYM gesendet: Tor Exit-IP gewechselt.
2026-09-05 22:37:16,249 [INFO] [+] Signal NEWNYM gesendet: Tor Exit-IP gewechselt.
2026-09-05 22:38:16,268 [INFO] [+] Signal NEWNYM gesendet: Tor Exit-IP gewechselt.
2026-09-05 22:39:16,289 [INFO] [+] Signal NEWNYM gesendet: Tor Exit-IP gewechselt.
2026-09-05 22:40:16,309 [INFO] [+] Signal NEWNYM gesendet: Tor Exit-IP gewechselt.
2026-09-05 22:41:16,328 [INFO] [+] Signal NEWNYM gesendet: Tor Exit-IP gewechselt.
2026-09-05 22:42:16,347 [INFO] [+] Signal NEWNYM gesendet: Tor Exit-IP gewechselt.
2026-09-05 22:43:16,368 [INFO] [+] Signal NEWNYM gesendet: Tor Exit-IP gewechselt.
2026-09-05 22:44:16,386 [INFO] [+] Signal NEWNYM gesendet: Tor Exit-IP gewechselt.
2026-09-05 22:45:16,405 [INFO] [+] Signal NEWNYM gesendet: Tor Exit-IP gewechselt.
2026-09-05 22:46:16,435 [INFO] [+] Signal NEWNYM gesendet: Tor Exit-IP gewechselt.
2026-09-05 22:47:16,455 [INFO] [+] Signal NEWNYM gesendet: Tor Exit-IP gewechselt.
2026-09-05 22:48:16,477 [INFO] [+] Signal NEWNYM gesendet: Tor Exit-IP gewechselt.
2026-09-05 22:49:16,495 [INFO] [+] Signal NEWNYM gesendet: Tor Exit-IP gewechselt.
2026-09-05 22:50:16,517 [INFO] [+] Signal NEWNYM gesendet: Tor Exit-IP gewechselt.
2026-09-05 22:51:16,535 [INFO] [+] Signal NEWNYM gesendet: Tor Exit-IP gewechselt.
2026-09-05 22:52:16,566 [INFO] [+] Signal NEWNYM gesendet: Tor Exit-IP gewechselt.
2026-09-05 22:53:16,584 [INFO] [+] Signal NEWNYM gesendet: Tor Exit-IP gewechselt.
2026-09-05 22:54:16,602 [INFO] [+] Signal NEWNYM gesendet: Tor Exit-IP gewechselt.
2026-09-05 22:55:16,621 [INFO] [+] Signal NEWNYM gesendet: Tor Exit-IP gewechselt.
2026-09-05 22:56:16,640 [INFO] [+] Signal NEWNYM gesendet: Tor Exit-IP gewechselt.
2026-09-05 22:57:16,669 [INFO] [+] Signal NEWNYM gesendet: Tor Exit-IP gewechselt.
2026-09-05 22:58:16,686 [INFO] [+] Signal NEWNYM gesendet: Tor Exit-IP gewechselt.
2026-09-05 22:59:16,707 [INFO] [+] Signal NEWNYM gesendet: Tor Exit-IP gewechselt.
2026-09-05 23:00:16,728 [INFO] [+] Signal NEWNYM gesendet: Tor Exit-IP gewechselt.
2026-09-05 23:01:16,752 [INFO] [+] Signal NEWNYM gesendet: Tor Exit-IP gewechselt.
2026-09-05 23:02:16,777 [INFO] [+] Signal NEWNYM gesendet: Tor Exit-IP gewechselt.
2026-09-05 23:03:16,797 [INFO] [+] Signal NEWNYM gesendet: Tor Exit-IP gewechselt.
2026-09-05 23:04:16,842 [INFO] [+] Signal NEWNYM gesendet: Tor Exit-IP gewechselt.
2026-09-05 23:05:16,889 [INFO] [+] Signal NEWNYM gesendet: Tor Exit-IP gewechselt.
2026-09-05 23:05:27,461 [INFO] [Cleanup] Fahre Cyberdeck Tor Suite herunter...
2026-09-05 23:05:27,462 [INFO] Deaktiviere Windows-Systemproxy...
2026-09-05 23:05:27,705 [INFO] [+] Windows-Systemproxy erfolgreich deaktiviert.
2026-09-05 23:05:27,705 [INFO] Entferne temporäre Windows-Firewall-Regeln...
2026-09-05 23:05:29,441 [INFO] [+] Windows-Firewall-Regeln sauber gelöscht.
2026-09-05 23:05:29,455 [INFO] [+] DNS-Redirect-Tabelle erfolgreich entfernt.
2026-09-05 23:05:29,483 [INFO] [+] nftables Kill-Switch Tabelle erfolgreich gelöscht.
2026-09-05 23:05:29,486 [INFO] [+] Ursprüngliche /etc/resolv.conf wiederhergestellt.
2026-09-05 23:05:29,487 [INFO] Stoppe Privoxy-Dienst...
2026-09-05 23:05:29,489 [INFO] [+] Privoxy sauber beendet.
2026-09-05 23:05:29,489 [INFO] Stoppe Tor-Prozess und IP-Changer...
2026-09-05 23:05:29,611 [INFO] [+] Tor-Prozess sauber beendet.
2026-09-05 23:05:29,611 [INFO] Stoppe tor@default...
2026-09-05 23:05:29,617 [INFO] Prüfe auf verwaiste Tor-Prozesse und gebe Ports frei...
2026-09-05 23:05:30,128 [INFO] [+] tor@default beendet.
2026-09-05 23:05:30,129 [INFO] Unmounte RAM-Disk unter /mnt/tor_ramdisk...
2026-09-05 23:05:30,154 [INFO] [+] RAM-Disk sauber unmountet und Spuren beseitigt.
2026-09-05 23:05:30,155 [INFO] [+] Shutdown abgeschlossen. Sämtliche temporären Daten wurden aus dem RAM gelöscht.
2026-09-05 23:06:37,387 [INFO] [Eingabe] Prüfe Systemvoraussetzungen...
2026-09-05 23:06:37,390 [INFO] [+] Systemcheck erfolgreich. WSL-IP ermittelt: 172.23.220.58
2026-09-05 23:06:37,390 [INFO] [Verarbeitung] Initialisiere 256MB RAM-Disk (tmpfs)...
2026-09-05 23:06:37,391 [INFO] Mounte 256MB tmpfs auf /mnt/tor_ramdisk...
2026-09-05 23:06:37,394 [INFO] [+] RAM-Disk erfolgreich gemountet.
2026-09-05 23:06:37,395 [INFO] [+] Unterstrukturen für Tor (/mnt/tor_ramdisk/tor_data) und Privoxy (/mnt/tor_ramdisk/privoxy) vorbereitet.
2026-09-05 23:06:37,395 [INFO] [Verarbeitung] Erzeuge dynamische Konfigurationsdateien in der RAM-Disk...
2026-09-05 23:06:37,399 [INFO] [+] Dynamische torrc erfolgreich in RAM-Disk erzeugt: /mnt/tor_ramdisk/torrc
2026-09-05 23:06:37,403 [INFO] [+] Gehärtete Privoxy-Config in RAM-Disk erzeugt: /mnt/tor_ramdisk/privoxy.conf
2026-09-05 23:06:37,404 [INFO] [Verarbeitung] Wende strikte POSIX-Sicherheitsrechte an...
2026-09-05 23:06:37,404 [INFO] Setze strikte Dateirechte & erstelle Systempfade...
2026-09-05 23:06:37,404 [INFO] [+] Pfad /mnt/tor_ramdisk/torrc mit Rechte 0600 & User-UID 136 vorbereitet.
2026-09-05 23:06:37,405 [INFO] [Verarbeitung] Konfiguriere Windows Defender Firewall-Regeln...
2026-09-05 23:06:37,405 [INFO] Konfiguriere Windows-Firewall-Regeln für Ports 8118 (Privoxy) & 8443 (ORPort)...
2026-09-05 23:10:05,537 [INFO] [Eingabe] Prüfe Systemvoraussetzungen...
2026-09-05 23:10:05,539 [INFO] [+] Systemcheck erfolgreich. WSL-IP ermittelt: 172.23.220.58
2026-09-05 23:10:05,540 [INFO] [Verarbeitung] Initialisiere 256MB RAM-Disk (tmpfs)...
2026-09-05 23:10:05,541 [INFO] Mounte 256MB tmpfs auf /mnt/tor_ramdisk...
2026-09-05 23:10:05,543 [INFO] [+] RAM-Disk erfolgreich gemountet.
2026-09-05 23:10:05,544 [INFO] [+] Unterstrukturen für Tor (/mnt/tor_ramdisk/tor_data) und Privoxy (/mnt/tor_ramdisk/privoxy) vorbereitet.
2026-09-05 23:10:05,544 [INFO] [Verarbeitung] Erzeuge dynamische Konfigurationsdateien in der RAM-Disk...
2026-09-05 23:10:05,548 [INFO] [+] Dynamische torrc erfolgreich in RAM-Disk erzeugt: /mnt/tor_ramdisk/torrc
2026-09-05 23:10:05,552 [INFO] [+] Gehärtete Privoxy-Config in RAM-Disk erzeugt: /mnt/tor_ramdisk/privoxy.conf
2026-09-05 23:10:05,552 [INFO] [Verarbeitung] Wende strikte POSIX-Sicherheitsrechte an...
2026-09-05 23:10:05,553 [INFO] Setze strikte Dateirechte & erstelle Systempfade...
2026-09-05 23:10:05,553 [INFO] [+] Pfad /mnt/tor_ramdisk/torrc mit Rechte 0600 & User-UID 136 vorbereitet.
2026-09-05 23:10:05,554 [INFO] [Verarbeitung] Konfiguriere Windows Defender Firewall-Regeln...
2026-09-05 23:10:05,554 [INFO] Konfiguriere Windows-Firewall-Regeln für Ports 8118 (Privoxy) & 8443 (ORPort)...
2026-09-05 23:10:20,575 [WARNING] [!] Windows-Firewall-Aufruf timeout (15s) – überspringe Firewall-Einrichtung.
2026-09-05 23:10:20,581 [WARNING] [!] Firewall-Regeln konnten teilweise nicht gesetzt werden (Elevated Admin-Rechte unter Windows erforderlich).
2026-09-05 23:10:20,581 [INFO] [Verarbeitung] Aktiviere DNS-Leak-Schutz (Redirect 53->5353) & nftables Kill-Switch...
2026-09-05 23:10:20,585 [INFO] [+] /etc/resolv.conf gehärtet und auf lokalen Tor-DNS umgeleitet.
2026-09-05 23:10:20,588 [INFO] [+] DNS-Redirect aktiv: jeder Port-53-Aufruf -> Tor-DNSPort 5353 (kein DNS-Leak).
2026-09-05 23:10:20,592 [INFO] [+] nftables Kill-Switch aktiv (Exklusiver Outbound für Tor-UID 136, DNS-Port 5353).
2026-09-05 23:10:20,593 [INFO] [Verarbeitung] Bereinige verwaiste Tor-Prozesse und aktiviere Tor-Dienst...
2026-09-05 23:10:20,593 [INFO] Stoppe System-Tor-Instanz (tor@default)...
2026-09-05 23:10:20,599 [INFO] Prüfe auf verwaiste Tor-Prozesse und gebe Ports frei...
2026-09-05 23:10:21,108 [INFO] [+] System-Tor gestoppt – Ports frei für den Suite-eigenen Tor (RAM-Disk).
2026-09-05 23:10:21,108 [INFO] [Verarbeitung] Starte Tor-Dienst und Stealth-Relay...
2026-09-05 23:10:21,113 [INFO] [+] Dynamische torrc erfolgreich in RAM-Disk erzeugt: /mnt/tor_ramdisk/torrc
2026-09-05 23:10:21,115 [INFO] Starte Tor als direkten Prozess: tor -f /mnt/tor_ramdisk/torrc
2026-09-05 23:10:23,116 [INFO] Warte auf Tor-Bootstrap (kann bei europäischen Exit-Nodes einen Moment dauern)...
2026-09-05 23:10:57,702 [INFO] [+] Tor erfolgreich gestartet und zu 100% bootstrapped.
2026-09-05 23:10:57,703 [INFO] [*] IP-Changer gestartet (Rotation alle 60 Sekunden).
2026-09-05 23:10:57,708 [INFO] [Verarbeitung] Starte gehärteten Privoxy-Proxy...
2026-09-05 23:10:57,713 [INFO] [+] Gehärtete Privoxy-Config in RAM-Disk erzeugt: /mnt/tor_ramdisk/privoxy.conf
2026-09-05 23:10:57,713 [INFO] Starte Privoxy als direkten Prozess mit RAM-Disk-Config...
2026-09-05 23:10:59,216 [INFO] [+] Privoxy erfolgreich gestartet (Hört auf 0.0.0.0:8118).
2026-09-05 23:10:59,217 [INFO] [Ausgabe] Aktiviere Windows-Systemproxy...
2026-09-05 23:10:59,217 [INFO] Setze Windows-Systemproxy auf 172.23.220.58:8118...
2026-09-05 23:10:59,448 [INFO] [+] Windows-Systemproxy erfolgreich aktiviert (172.23.220.58:8118).
2026-09-05 23:10:59,449 [INFO] [SUCCESS] Tor Suite ist aktiv!
2026-09-05 23:10:59,450 [INFO]  - Privoxy Proxy: 172.23.220.58:8118
2026-09-05 23:10:59,450 [INFO]  - Tor Relay ORPort: 8443
2026-09-05 23:10:59,451 [INFO]  - IP-Rotation: Alle 60 Sekunden
2026-09-05 23:10:59,451 [INFO]  - Spurenschutz: Aktive 256MB RAM-Disk (tmpfs) + nftables Kill-Switch
2026-09-05 23:11:57,726 [INFO] [+] Signal NEWNYM gesendet: Tor Exit-IP gewechselt.
2026-09-05 23:12:57,741 [INFO] [+] Signal NEWNYM gesendet: Tor Exit-IP gewechselt.
2026-09-05 23:13:57,759 [INFO] [+] Signal NEWNYM gesendet: Tor Exit-IP gewechselt.
2026-09-05 23:14:57,774 [INFO] [+] Signal NEWNYM gesendet: Tor Exit-IP gewechselt.
2026-09-05 23:15:05,877 [INFO] [Cleanup] Fahre Cyberdeck Tor Suite herunter...
2026-09-05 23:15:05,878 [INFO] Deaktiviere Windows-Systemproxy...
2026-09-05 23:15:06,112 [INFO] [+] Windows-Systemproxy erfolgreich deaktiviert.
2026-09-05 23:15:06,113 [INFO] Entferne temporäre Windows-Firewall-Regeln...
2026-09-05 23:15:07,901 [INFO] [+] Windows-Firewall-Regeln sauber gelöscht.
2026-09-05 23:15:07,929 [INFO] [+] DNS-Redirect-Tabelle erfolgreich entfernt.
2026-09-05 23:15:07,953 [INFO] [+] nftables Kill-Switch Tabelle erfolgreich gelöscht.
2026-09-05 23:15:07,958 [INFO] [+] Ursprüngliche /etc/resolv.conf wiederhergestellt.
2026-09-05 23:15:07,958 [INFO] Stoppe Privoxy-Dienst...
2026-09-05 23:15:07,960 [INFO] [+] Privoxy sauber beendet.
2026-09-05 23:15:07,960 [INFO] Stoppe Tor-Prozess und IP-Changer...
2026-09-05 23:15:08,082 [INFO] [+] Tor-Prozess sauber beendet.
2026-09-05 23:15:08,082 [INFO] Stoppe tor@default...
2026-09-05 23:15:08,089 [INFO] Prüfe auf verwaiste Tor-Prozesse und gebe Ports frei...
2026-09-05 23:15:08,599 [INFO] [+] tor@default beendet.
2026-09-05 23:15:08,600 [INFO] Unmounte RAM-Disk unter /mnt/tor_ramdisk...
2026-09-05 23:15:08,621 [INFO] [+] RAM-Disk sauber unmountet und Spuren beseitigt.
2026-09-05 23:15:08,622 [INFO] [+] Shutdown abgeschlossen. Sämtliche temporären Daten wurden aus dem RAM gelöscht.
2026-09-05 23:20:09,995 [INFO] [Eingabe] Prüfe Systemvoraussetzungen...
2026-09-05 23:20:09,999 [INFO] [+] Systemcheck erfolgreich. WSL-IP ermittelt: 172.23.220.58
2026-09-05 23:20:09,999 [INFO] [Verarbeitung] Initialisiere 256MB RAM-Disk (tmpfs)...
2026-09-05 23:20:10,000 [INFO] Mounte 256MB tmpfs auf /mnt/tor_ramdisk...
2026-09-05 23:20:10,003 [INFO] [+] RAM-Disk erfolgreich gemountet.
2026-09-05 23:20:10,004 [INFO] [+] Unterstrukturen für Tor (/mnt/tor_ramdisk/tor_data) und Privoxy (/mnt/tor_ramdisk/privoxy) vorbereitet.
2026-09-05 23:20:10,004 [INFO] [Verarbeitung] Erzeuge dynamische Konfigurationsdateien in der RAM-Disk...
2026-09-05 23:20:10,009 [INFO] [+] Dynamische torrc erfolgreich in RAM-Disk erzeugt: /mnt/tor_ramdisk/torrc
2026-09-05 23:20:10,014 [INFO] [+] Gehärtete Privoxy-Config in RAM-Disk erzeugt: /mnt/tor_ramdisk/privoxy.conf
2026-09-05 23:20:10,014 [INFO] [Verarbeitung] Wende strikte POSIX-Sicherheitsrechte an...
2026-09-05 23:20:10,014 [INFO] Setze strikte Dateirechte & erstelle Systempfade...
2026-09-05 23:20:10,015 [INFO] [+] Pfad /mnt/tor_ramdisk/torrc mit Rechte 0600 & User-UID 136 vorbereitet.
2026-09-05 23:20:10,015 [INFO] [Verarbeitung] Konfiguriere Windows Defender Firewall-Regeln...
2026-09-05 23:20:10,016 [INFO] Konfiguriere Windows-Firewall-Regeln für Ports 8118 (Privoxy) & 8443 (ORPort)...
2026-09-05 23:20:25,037 [WARNING] [!] Windows-Firewall-Aufruf timeout (15s) – überspringe Firewall-Einrichtung.
2026-09-05 23:20:25,039 [WARNING] [!] Firewall-Regeln konnten teilweise nicht gesetzt werden (Elevated Admin-Rechte unter Windows erforderlich).
2026-09-05 23:20:25,039 [INFO] [Verarbeitung] Aktiviere DNS-Leak-Schutz (Redirect 53->5353) & nftables Kill-Switch...
2026-09-05 23:20:25,043 [INFO] [+] /etc/resolv.conf gehärtet und auf lokalen Tor-DNS umgeleitet.
2026-09-05 23:20:25,047 [INFO] [+] DNS-Redirect aktiv: jeder Port-53-Aufruf -> Tor-DNSPort 5353 (kein DNS-Leak).
2026-09-05 23:20:25,051 [INFO] [+] nftables Kill-Switch aktiv (Exklusiver Outbound für Tor-UID 136, DNS-Port 5353).
2026-09-05 23:20:25,051 [INFO] [Verarbeitung] Bereinige verwaiste Tor-Prozesse und aktiviere Tor-Dienst...
2026-09-05 23:20:25,051 [INFO] Stoppe System-Tor-Instanz (tor@default)...
2026-09-05 23:20:25,058 [INFO] Prüfe auf verwaiste Tor-Prozesse und gebe Ports frei...
2026-09-05 23:20:25,567 [INFO] [+] System-Tor gestoppt – Ports frei für den Suite-eigenen Tor (RAM-Disk).
2026-09-05 23:20:25,568 [INFO] [Verarbeitung] Starte Tor-Dienst und Stealth-Relay...
2026-09-05 23:20:25,573 [INFO] [+] Dynamische torrc erfolgreich in RAM-Disk erzeugt: /mnt/tor_ramdisk/torrc
2026-09-05 23:20:25,575 [INFO] Starte Tor als direkten Prozess: tor -f /mnt/tor_ramdisk/torrc
2026-09-05 23:20:27,576 [INFO] Warte auf Tor-Bootstrap (kann bei europäischen Exit-Nodes einen Moment dauern)...
2026-09-05 23:20:48,403 [INFO] [+] Tor erfolgreich gestartet und zu 100% bootstrapped.
2026-09-05 23:20:48,404 [INFO] [*] IP-Changer gestartet (Rotation alle 60 Sekunden).
2026-09-05 23:20:48,410 [INFO] [Verarbeitung] Starte gehärteten Privoxy-Proxy...
2026-09-05 23:20:48,414 [INFO] [+] Gehärtete Privoxy-Config in RAM-Disk erzeugt: /mnt/tor_ramdisk/privoxy.conf
2026-09-05 23:20:48,415 [INFO] Starte Privoxy als direkten Prozess mit RAM-Disk-Config...
2026-09-05 23:20:49,917 [INFO] [+] Privoxy erfolgreich gestartet (Hört auf 0.0.0.0:8118).
2026-09-05 23:20:49,918 [INFO] [Ausgabe] Aktiviere Windows-Systemproxy...
2026-09-05 23:20:49,919 [INFO] Setze Windows-Systemproxy auf 172.23.220.58:8118...
2026-09-05 23:20:50,175 [INFO] [+] Windows-Systemproxy erfolgreich aktiviert (172.23.220.58:8118).
2026-09-05 23:20:50,176 [INFO] [SUCCESS] Tor Suite ist aktiv!
2026-09-05 23:20:50,177 [INFO]  - Privoxy Proxy: 172.23.220.58:8118
2026-09-05 23:20:50,178 [INFO]  - Tor Relay ORPort: 8443
2026-09-05 23:20:50,178 [INFO]  - IP-Rotation: Alle 60 Sekunden
2026-09-05 23:20:50,179 [INFO]  - Spurenschutz: Aktive 256MB RAM-Disk (tmpfs) + nftables Kill-Switch
2026-09-05 23:21:48,425 [INFO] [+] Signal NEWNYM gesendet: Tor Exit-IP gewechselt.
2026-09-05 23:22:48,448 [INFO] [+] Signal NEWNYM gesendet: Tor Exit-IP gewechselt.
2026-09-05 23:23:48,463 [INFO] [+] Signal NEWNYM gesendet: Tor Exit-IP gewechselt.
2026-09-05 23:24:48,477 [INFO] [+] Signal NEWNYM gesendet: Tor Exit-IP gewechselt.
2026-09-05 23:25:48,492 [INFO] [+] Signal NEWNYM gesendet: Tor Exit-IP gewechselt.
2026-09-05 23:26:48,507 [INFO] [+] Signal NEWNYM gesendet: Tor Exit-IP gewechselt.
2026-09-05 23:27:41,123 [INFO] [Cleanup] Fahre Cyberdeck Tor Suite herunter...
2026-09-05 23:27:41,124 [INFO] Deaktiviere Windows-Systemproxy...
2026-09-05 23:27:41,358 [INFO] [+] Windows-Systemproxy erfolgreich deaktiviert.
2026-09-05 23:27:41,359 [INFO] Entferne temporäre Windows-Firewall-Regeln...
2026-09-05 23:27:43,027 [INFO] [+] Windows-Firewall-Regeln sauber gelöscht.
2026-09-05 23:27:43,071 [INFO] [+] DNS-Redirect-Tabelle erfolgreich entfernt.
2026-09-05 23:27:43,087 [INFO] [+] nftables Kill-Switch Tabelle erfolgreich gelöscht.
2026-09-05 23:27:43,091 [INFO] [+] Ursprüngliche /etc/resolv.conf wiederhergestellt.
2026-09-05 23:27:43,092 [INFO] Stoppe Privoxy-Dienst...
2026-09-05 23:27:43,094 [INFO] [+] Privoxy sauber beendet.
2026-09-05 23:27:43,094 [INFO] Stoppe Tor-Prozess und IP-Changer...
2026-09-05 23:27:43,216 [INFO] [+] Tor-Prozess sauber beendet.
2026-09-05 23:27:43,217 [INFO] Stoppe tor@default...
2026-09-05 23:27:43,223 [INFO] Prüfe auf verwaiste Tor-Prozesse und gebe Ports frei...
2026-09-05 23:27:43,733 [INFO] [+] tor@default beendet.
2026-09-05 23:27:43,734 [INFO] Unmounte RAM-Disk unter /mnt/tor_ramdisk...
2026-09-05 23:27:43,756 [INFO] [+] RAM-Disk sauber unmountet und Spuren beseitigt.
2026-09-05 23:27:43,757 [INFO] [+] Shutdown abgeschlossen. Sämtliche temporären Daten wurden aus dem RAM gelöscht.
2026-09-05 23:41:17,748 [INFO] [Eingabe] Prüfe Systemvoraussetzungen...
2026-09-05 23:41:17,752 [INFO] [+] Systemcheck erfolgreich. WSL-IP ermittelt: 172.23.220.58
2026-09-05 23:41:17,752 [INFO] [Verarbeitung] Initialisiere 256MB RAM-Disk (tmpfs)...
2026-09-05 23:41:17,753 [INFO] Mounte 256MB tmpfs auf /mnt/tor_ramdisk...
2026-09-05 23:41:17,756 [INFO] [+] RAM-Disk erfolgreich gemountet.
2026-09-05 23:41:17,757 [INFO] [+] Unterstrukturen für Tor (/mnt/tor_ramdisk/tor_data) und Privoxy (/mnt/tor_ramdisk/privoxy) vorbereitet.
2026-09-05 23:41:17,757 [INFO] [Verarbeitung] Erzeuge dynamische Konfigurationsdateien in der RAM-Disk...
2026-09-05 23:41:17,761 [INFO] [+] Dynamische torrc erfolgreich in RAM-Disk erzeugt: /mnt/tor_ramdisk/torrc
2026-09-05 23:41:17,765 [INFO] [+] Gehärtete Privoxy-Config in RAM-Disk erzeugt: /mnt/tor_ramdisk/privoxy.conf
2026-09-05 23:41:17,765 [INFO] [Verarbeitung] Wende strikte POSIX-Sicherheitsrechte an...
2026-09-05 23:41:17,766 [INFO] Setze strikte Dateirechte & erstelle Systempfade...
2026-09-05 23:41:17,766 [INFO] [+] Pfad /mnt/tor_ramdisk/torrc mit Rechte 0600 & User-UID 136 vorbereitet.
2026-09-05 23:41:17,766 [INFO] [Verarbeitung] Konfiguriere Windows Defender Firewall-Regeln...
2026-09-05 23:41:17,767 [INFO] Konfiguriere Windows-Firewall-Regeln für Ports 8118 (Privoxy) & 8443 (ORPort)...
2026-09-05 23:41:19,502 [INFO] [+] Firewall-Regeln erfolgreich gesetzt (8118 & 8443 TCP).
2026-09-05 23:41:19,504 [INFO] [Verarbeitung] Aktiviere DNS-Leak-Schutz (Redirect 53->5353) & nftables Kill-Switch...
2026-09-05 23:41:19,507 [INFO] [+] /etc/resolv.conf gehärtet und auf lokalen Tor-DNS umgeleitet.
2026-09-05 23:41:19,510 [INFO] [+] DNS-Redirect aktiv: jeder Port-53-Aufruf -> Tor-DNSPort 5353 (kein DNS-Leak).
2026-09-05 23:41:19,513 [INFO] [+] nftables Kill-Switch aktiv (Exklusiver Outbound für Tor-UID 136, DNS-Port 5353).
2026-09-05 23:41:19,514 [INFO] [Verarbeitung] Bereinige verwaiste Tor-Prozesse und aktiviere Tor-Dienst...
2026-09-05 23:41:19,514 [INFO] Stoppe System-Tor-Instanz (tor@default)...
2026-09-05 23:41:19,521 [INFO] Prüfe auf verwaiste Tor-Prozesse und gebe Ports frei...
2026-09-05 23:41:20,030 [INFO] [+] System-Tor gestoppt – Ports frei für den Suite-eigenen Tor (RAM-Disk).
2026-09-05 23:41:20,031 [INFO] [Verarbeitung] Starte Tor-Dienst und Stealth-Relay...
2026-09-05 23:41:20,035 [INFO] [+] Dynamische torrc erfolgreich in RAM-Disk erzeugt: /mnt/tor_ramdisk/torrc
2026-09-05 23:41:20,038 [INFO] Starte Tor als direkten Prozess: tor -f /mnt/tor_ramdisk/torrc
2026-09-05 23:41:22,038 [INFO] Warte auf Tor-Bootstrap (kann bei europäischen Exit-Nodes einen Moment dauern)...
2026-09-05 23:41:38,027 [INFO] [+] Tor erfolgreich gestartet und zu 100% bootstrapped.
2026-09-05 23:41:38,028 [INFO] [*] IP-Changer gestartet (Rotation alle 60 Sekunden).
2026-09-05 23:41:38,033 [INFO] [Verarbeitung] Starte gehärteten Privoxy-Proxy...
2026-09-05 23:41:38,038 [INFO] [+] Gehärtete Privoxy-Config in RAM-Disk erzeugt: /mnt/tor_ramdisk/privoxy.conf
2026-09-05 23:41:38,038 [INFO] Starte Privoxy als direkten Prozess mit RAM-Disk-Config...
2026-09-05 23:41:39,541 [INFO] [+] Privoxy erfolgreich gestartet (Hört auf 0.0.0.0:8118).
2026-09-05 23:41:39,541 [INFO] [Ausgabe] Aktiviere Windows-Systemproxy...
2026-09-05 23:41:39,542 [INFO] Setze Windows-Systemproxy auf 172.23.220.58:8118...
2026-09-05 23:41:39,772 [INFO] [+] Windows-Systemproxy erfolgreich aktiviert (172.23.220.58:8118).
2026-09-05 23:41:39,773 [INFO] [SUCCESS] Tor Suite ist aktiv!
2026-09-05 23:41:39,774 [INFO]  - Privoxy Proxy: 172.23.220.58:8118
2026-09-05 23:41:39,775 [INFO]  - Tor Relay ORPort: 8443
2026-09-05 23:41:39,775 [INFO]  - IP-Rotation: Alle 60 Sekunden
2026-09-05 23:41:39,776 [INFO]  - Spurenschutz: Aktive 256MB RAM-Disk (tmpfs) + nftables Kill-Switch
2026-09-05 23:42:38,046 [INFO] [+] Signal NEWNYM gesendet: Tor Exit-IP gewechselt.
2026-09-05 23:43:38,060 [INFO] [+] Signal NEWNYM gesendet: Tor Exit-IP gewechselt.
2026-09-05 23:44:38,075 [INFO] [+] Signal NEWNYM gesendet: Tor Exit-IP gewechselt.
2026-09-05 23:45:38,104 [INFO] [+] Signal NEWNYM gesendet: Tor Exit-IP gewechselt.
2026-09-05 23:46:38,123 [INFO] [+] Signal NEWNYM gesendet: Tor Exit-IP gewechselt.
2026-09-05 23:46:46,706 [INFO] [Cleanup] Fahre Cyberdeck Tor Suite herunter...
2026-09-05 23:46:46,707 [INFO] Deaktiviere Windows-Systemproxy...
2026-09-05 23:46:46,942 [INFO] [+] Windows-Systemproxy erfolgreich deaktiviert.
2026-09-05 23:46:46,944 [INFO] Entferne temporäre Windows-Firewall-Regeln...
2026-09-05 23:46:48,629 [INFO] [+] Windows-Firewall-Regeln sauber gelöscht.
2026-09-05 23:46:48,669 [INFO] [+] DNS-Redirect-Tabelle erfolgreich entfernt.
2026-09-05 23:46:48,693 [INFO] [+] nftables Kill-Switch Tabelle erfolgreich gelöscht.
2026-09-05 23:46:48,698 [INFO] [+] Ursprüngliche /etc/resolv.conf wiederhergestellt.
2026-09-05 23:46:48,698 [INFO] Stoppe Privoxy-Dienst...
2026-09-05 23:46:48,700 [INFO] [+] Privoxy sauber beendet.
2026-09-05 23:46:48,700 [INFO] Stoppe Tor-Prozess und IP-Changer...
2026-09-05 23:46:48,822 [INFO] [+] Tor-Prozess sauber beendet.
2026-09-05 23:46:48,823 [INFO] Stoppe tor@default...
2026-09-05 23:46:48,829 [INFO] Prüfe auf verwaiste Tor-Prozesse und gebe Ports frei...
2026-09-05 23:46:49,340 [INFO] [+] tor@default beendet.
2026-09-05 23:46:49,341 [INFO] Unmounte RAM-Disk unter /mnt/tor_ramdisk...
2026-09-05 23:46:49,362 [INFO] [+] RAM-Disk sauber unmountet und Spuren beseitigt.
2026-09-05 23:46:49,363 [INFO] [+] Shutdown abgeschlossen. Sämtliche temporären Daten wurden aus dem RAM gelöscht.
2026-09-06 00:27:39,716 [INFO] [Eingabe] Prüfe Systemvoraussetzungen...
2026-09-06 00:27:39,719 [INFO] [+] Systemcheck erfolgreich. WSL-IP ermittelt: 172.23.220.58
2026-09-06 00:27:39,719 [INFO] [Verarbeitung] Initialisiere 256MB RAM-Disk (tmpfs)...
2026-09-06 00:27:39,721 [INFO] Mounte 256MB tmpfs auf /mnt/tor_ramdisk...
2026-09-06 00:27:39,723 [INFO] [+] RAM-Disk erfolgreich gemountet.
2026-09-06 00:27:39,725 [INFO] [+] Unterstrukturen für Tor (/mnt/tor_ramdisk/tor_data) und Privoxy (/mnt/tor_ramdisk/privoxy) vorbereitet.
2026-09-06 00:27:39,725 [INFO] [Verarbeitung] Erzeuge dynamische Konfigurationsdateien in der RAM-Disk...
2026-09-06 00:27:39,966 [INFO] [+] Dynamische torrc erfolgreich in RAM-Disk erzeugt: /mnt/tor_ramdisk/torrc
2026-09-06 00:27:39,970 [INFO] [+] Gehärtete Privoxy-Config in RAM-Disk erzeugt: /mnt/tor_ramdisk/privoxy.conf
2026-09-06 00:27:39,971 [INFO] [Verarbeitung] Wende strikte POSIX-Sicherheitsrechte an...
2026-09-06 00:27:39,971 [INFO] Setze strikte Dateirechte & erstelle Systempfade...
2026-09-06 00:27:39,972 [INFO] [+] Pfad /mnt/tor_ramdisk/torrc mit Rechte 0600 & User-UID 136 vorbereitet.
2026-09-06 00:27:39,972 [INFO] [Verarbeitung] Konfiguriere Windows Defender Firewall-Regeln...
2026-09-06 00:27:39,973 [INFO] Konfiguriere Windows-Firewall-Regeln für Ports 8118 (Privoxy) & 8443 (ORPort)...
2026-09-06 00:27:41,815 [INFO] [+] Firewall-Regeln erfolgreich gesetzt (8118 & 8443 TCP).
2026-09-06 00:27:41,816 [INFO] [Verarbeitung] Aktiviere DNS-Leak-Schutz (Redirect 53->5353) & nftables Kill-Switch...
2026-09-06 00:27:41,820 [INFO] [+] /etc/resolv.conf gehärtet und auf lokalen Tor-DNS umgeleitet.
2026-09-06 00:27:41,827 [INFO] [+] DNS-Redirect aktiv: jeder Port-53-Aufruf -> Tor-DNSPort 5353 (kein DNS-Leak).
2026-09-06 00:27:41,831 [INFO] [+] nftables Kill-Switch aktiv (Exklusiver Outbound für Tor-UID 136, DNS-Port 5353).
2026-09-06 00:27:41,832 [INFO] [Verarbeitung] Bereinige verwaiste Tor-Prozesse und aktiviere Tor-Dienst...
2026-09-06 00:27:41,832 [INFO] Stoppe System-Tor-Instanz (tor@default)...
2026-09-06 00:27:41,840 [INFO] Prüfe auf verwaiste Tor-Prozesse und gebe Ports frei...
2026-09-06 00:27:42,349 [INFO] [+] System-Tor gestoppt – Ports frei für den Suite-eigenen Tor (RAM-Disk).
2026-09-06 00:27:42,350 [INFO] [Verarbeitung] Starte Tor-Dienst und Stealth-Relay...
2026-09-06 00:27:42,355 [INFO] [+] Dynamische torrc erfolgreich in RAM-Disk erzeugt: /mnt/tor_ramdisk/torrc
2026-09-06 00:27:42,357 [INFO] Starte Tor als direkten Prozess: tor -f /mnt/tor_ramdisk/torrc
2026-09-06 00:27:44,359 [INFO] Warte auf Tor-Bootstrap (kann bei europäischen Exit-Nodes einen Moment dauern)...
2026-09-06 00:28:02,353 [INFO] [+] Tor erfolgreich gestartet und zu 100% bootstrapped.
2026-09-06 00:28:02,354 [INFO] [*] IP-Changer gestartet (Rotation alle 60 Sekunden).
2026-09-06 00:28:02,359 [INFO] [Verarbeitung] Starte gehärteten Privoxy-Proxy...
2026-09-06 00:28:02,364 [INFO] [+] Gehärtete Privoxy-Config in RAM-Disk erzeugt: /mnt/tor_ramdisk/privoxy.conf
2026-09-06 00:28:02,364 [INFO] Starte Privoxy als direkten Prozess mit RAM-Disk-Config...
2026-09-06 00:28:03,868 [INFO] [+] Privoxy erfolgreich gestartet (Hört auf 0.0.0.0:8118).
2026-09-06 00:28:03,869 [INFO] [Ausgabe] Aktiviere Windows-Systemproxy...
2026-09-06 00:28:03,869 [INFO] Setze Windows-Systemproxy auf 172.23.220.58:8118...
2026-09-06 00:28:04,115 [INFO] [+] Windows-Systemproxy erfolgreich aktiviert (172.23.220.58:8118).
2026-09-06 00:28:04,117 [INFO] [SUCCESS] Tor Suite ist aktiv!
2026-09-06 00:28:04,118 [INFO]  - Privoxy Proxy: 172.23.220.58:8118
2026-09-06 00:28:04,119 [INFO]  - Tor Relay ORPort: 8443
2026-09-06 00:28:04,119 [INFO]  - IP-Rotation: Alle 60 Sekunden
2026-09-06 00:28:04,120 [INFO]  - Spurenschutz: Aktive 256MB RAM-Disk (tmpfs) + nftables Kill-Switch
2026-09-06 00:28:49,518 [INFO] [Cleanup] Fahre Cyberdeck Tor Suite herunter...
2026-09-06 00:28:49,519 [INFO] Deaktiviere Windows-Systemproxy...
2026-09-06 00:28:49,761 [INFO] [+] Windows-Systemproxy erfolgreich deaktiviert.
2026-09-06 00:28:49,761 [INFO] Entferne temporäre Windows-Firewall-Regeln...
2026-09-06 00:28:51,431 [INFO] [+] Windows-Firewall-Regeln sauber gelöscht.
2026-09-06 00:28:51,466 [INFO] [+] DNS-Redirect-Tabelle erfolgreich entfernt.
2026-09-06 00:28:51,478 [INFO] [+] nftables Kill-Switch Tabelle erfolgreich gelöscht.
2026-09-06 00:28:51,480 [INFO] [+] Ursprüngliche /etc/resolv.conf wiederhergestellt.
2026-09-06 00:28:51,480 [INFO] Stoppe Privoxy-Dienst...
2026-09-06 00:28:51,481 [INFO] [+] Privoxy sauber beendet.
2026-09-06 00:28:51,482 [INFO] Stoppe Tor-Prozess und IP-Changer...
2026-09-06 00:28:53,959 [INFO] [+] Tor-Prozess sauber beendet.
2026-09-06 00:28:53,959 [INFO] Stoppe tor@default...
2026-09-06 00:28:53,966 [INFO] Prüfe auf verwaiste Tor-Prozesse und gebe Ports frei...
2026-09-06 00:28:54,477 [INFO] [+] tor@default beendet.
2026-09-06 00:28:54,478 [INFO] Unmounte RAM-Disk unter /mnt/tor_ramdisk...
2026-09-06 00:28:54,498 [INFO] [+] RAM-Disk sauber unmountet und Spuren beseitigt.
2026-09-06 00:28:54,499 [INFO] [+] Shutdown abgeschlossen. Sämtliche temporären Daten wurden aus dem RAM gelöscht.
2026-09-06 00:31:15,395 [INFO] [Eingabe] Prüfe Systemvoraussetzungen...
2026-09-06 00:31:15,401 [INFO] [+] Systemcheck erfolgreich. WSL-IP ermittelt: 172.23.220.58
2026-09-06 00:31:15,401 [INFO] [Verarbeitung] Initialisiere 256MB RAM-Disk (tmpfs)...
2026-09-06 00:31:15,403 [INFO] Mounte 256MB tmpfs auf /mnt/tor_ramdisk...
2026-09-06 00:31:15,406 [INFO] [+] RAM-Disk erfolgreich gemountet.
2026-09-06 00:31:15,407 [INFO] [+] Unterstrukturen für Tor (/mnt/tor_ramdisk/tor_data) und Privoxy (/mnt/tor_ramdisk/privoxy) vorbereitet.
2026-09-06 00:31:15,408 [INFO] [Verarbeitung] Erzeuge dynamische Konfigurationsdateien in der RAM-Disk...
2026-09-06 00:31:15,684 [INFO] [+] Dynamische torrc erfolgreich in RAM-Disk erzeugt: /mnt/tor_ramdisk/torrc
2026-09-06 00:31:15,690 [INFO] [+] Gehärtete Privoxy-Config in RAM-Disk erzeugt: /mnt/tor_ramdisk/privoxy.conf
2026-09-06 00:31:15,690 [INFO] [Verarbeitung] Wende strikte POSIX-Sicherheitsrechte an...
2026-09-06 00:31:15,691 [INFO] Setze strikte Dateirechte & erstelle Systempfade...
2026-09-06 00:31:15,691 [INFO] [+] Pfad /mnt/tor_ramdisk/torrc mit Rechte 0600 & User-UID 136 vorbereitet.
2026-09-06 00:31:15,692 [INFO] [Verarbeitung] Konfiguriere Windows Defender Firewall-Regeln...
2026-09-06 00:31:15,692 [INFO] Konfiguriere Windows-Firewall-Regeln für Ports 8118 (Privoxy) & 8443 (ORPort)...
2026-09-06 00:31:17,597 [INFO] [+] Firewall-Regeln erfolgreich gesetzt (8118 & 8443 TCP).
2026-09-06 00:31:17,598 [INFO] [Verarbeitung] Aktiviere DNS-Leak-Schutz (Redirect 53->5353) & nftables Kill-Switch...
2026-09-06 00:31:17,603 [INFO] [+] /etc/resolv.conf gehärtet und auf lokalen Tor-DNS umgeleitet.
2026-09-06 00:31:17,612 [INFO] [+] DNS-Redirect aktiv: jeder Port-53-Aufruf -> Tor-DNSPort 5353 (kein DNS-Leak).
2026-09-06 00:31:17,616 [INFO] [+] nftables Kill-Switch aktiv (Exklusiver Outbound für Tor-UID 136, DNS-Port 5353).
2026-09-06 00:31:17,617 [INFO] [Verarbeitung] Bereinige verwaiste Tor-Prozesse und aktiviere Tor-Dienst...
2026-09-06 00:31:17,617 [INFO] Stoppe System-Tor-Instanz (tor@default)...
2026-09-06 00:31:17,625 [INFO] Prüfe auf verwaiste Tor-Prozesse und gebe Ports frei...
2026-09-06 00:31:18,135 [INFO] [+] System-Tor gestoppt – Ports frei für den Suite-eigenen Tor (RAM-Disk).
2026-09-06 00:31:18,136 [INFO] [Verarbeitung] Starte Tor-Dienst und Stealth-Relay...
2026-09-06 00:31:18,141 [INFO] [+] Dynamische torrc erfolgreich in RAM-Disk erzeugt: /mnt/tor_ramdisk/torrc
2026-09-06 00:31:18,143 [INFO] Starte Tor als direkten Prozess: tor -f /mnt/tor_ramdisk/torrc
2026-09-06 00:31:20,144 [INFO] Warte auf Tor-Bootstrap (kann bei europäischen Exit-Nodes einen Moment dauern)...
2026-09-06 00:31:41,789 [INFO] [+] Tor erfolgreich gestartet und zu 100% bootstrapped.
2026-09-06 00:31:41,790 [INFO] [*] IP-Changer gestartet (Rotation alle 60 Sekunden).
2026-09-06 00:31:41,796 [INFO] [Verarbeitung] Starte gehärteten Privoxy-Proxy...
2026-09-06 00:31:41,800 [INFO] [+] Gehärtete Privoxy-Config in RAM-Disk erzeugt: /mnt/tor_ramdisk/privoxy.conf
2026-09-06 00:31:41,800 [INFO] Starte Privoxy als direkten Prozess mit RAM-Disk-Config...
2026-09-06 00:31:43,303 [INFO] [+] Privoxy erfolgreich gestartet (Hört auf 0.0.0.0:8118).
2026-09-06 00:31:43,304 [INFO] [Ausgabe] Aktiviere Windows-Systemproxy...
2026-09-06 00:31:43,304 [INFO] Setze Windows-Systemproxy auf 172.23.220.58:8118...
2026-09-06 00:31:43,518 [INFO] [+] Windows-Systemproxy erfolgreich aktiviert (172.23.220.58:8118).
2026-09-06 00:31:43,519 [INFO] [SUCCESS] Tor Suite ist aktiv!
2026-09-06 00:31:43,519 [INFO]  - Privoxy Proxy: 172.23.220.58:8118
2026-09-06 00:31:43,520 [INFO]  - Tor Relay ORPort: 8443
2026-09-06 00:31:43,520 [INFO]  - IP-Rotation: Alle 60 Sekunden
2026-09-06 00:31:43,520 [INFO]  - Spurenschutz: Aktive 256MB RAM-Disk (tmpfs) + nftables Kill-Switch
2026-09-06 00:32:41,810 [INFO] [+] Signal NEWNYM gesendet: Tor Exit-IP gewechselt.
2026-09-06 00:33:41,827 [INFO] [+] Signal NEWNYM gesendet: Tor Exit-IP gewechselt.
2026-09-06 00:34:41,842 [INFO] [+] Signal NEWNYM gesendet: Tor Exit-IP gewechselt.
2026-09-06 00:35:35,302 [INFO] [Cleanup] Fahre Cyberdeck Tor Suite herunter...
2026-09-06 00:35:35,303 [INFO] Deaktiviere Windows-Systemproxy...
2026-09-06 00:35:35,555 [INFO] [+] Windows-Systemproxy erfolgreich deaktiviert.
2026-09-06 00:35:35,557 [INFO] Entferne temporäre Windows-Firewall-Regeln...
2026-09-06 00:35:37,493 [INFO] [+] Windows-Firewall-Regeln sauber gelöscht.
2026-09-06 00:35:37,534 [INFO] [+] DNS-Redirect-Tabelle erfolgreich entfernt.
2026-09-06 00:35:37,550 [INFO] [+] nftables Kill-Switch Tabelle erfolgreich gelöscht.
2026-09-06 00:35:37,552 [INFO] [+] Ursprüngliche /etc/resolv.conf wiederhergestellt.
2026-09-06 00:35:37,552 [INFO] Stoppe Privoxy-Dienst...
2026-09-06 00:35:37,554 [INFO] [+] Privoxy sauber beendet.
2026-09-06 00:35:37,555 [INFO] Stoppe Tor-Prozess und IP-Changer...
2026-09-06 00:35:37,728 [INFO] [+] Tor-Prozess sauber beendet.
2026-09-06 00:35:37,728 [INFO] Stoppe tor@default...
2026-09-06 00:35:37,736 [INFO] Prüfe auf verwaiste Tor-Prozesse und gebe Ports frei...
2026-09-06 00:35:38,245 [INFO] [+] tor@default beendet.
2026-09-06 00:35:38,246 [INFO] Unmounte RAM-Disk unter /mnt/tor_ramdisk...
2026-09-06 00:35:38,267 [INFO] [+] RAM-Disk sauber unmountet und Spuren beseitigt.
2026-09-06 00:35:38,267 [INFO] [+] Shutdown abgeschlossen. Sämtliche temporären Daten wurden aus dem RAM gelöscht.
2026-09-06 00:40:29,119 [INFO] [Eingabe] Prüfe Systemvoraussetzungen...
2026-09-06 00:40:29,124 [INFO] [+] Systemcheck erfolgreich. WSL-IP ermittelt: 172.23.220.58
2026-09-06 00:40:29,125 [INFO] [Verarbeitung] Initialisiere 256MB RAM-Disk (tmpfs)...
2026-09-06 00:40:29,127 [INFO] Mounte 256MB tmpfs auf /mnt/tor_ramdisk...
2026-09-06 00:40:29,131 [INFO] [+] RAM-Disk erfolgreich gemountet.
2026-09-06 00:40:29,131 [INFO] [+] Unterstrukturen für Tor (/mnt/tor_ramdisk/tor_data) und Privoxy (/mnt/tor_ramdisk/privoxy) vorbereitet.
2026-09-06 00:40:29,133 [INFO] [Verarbeitung] Erzeuge dynamische Konfigurationsdateien in der RAM-Disk...
2026-09-06 00:40:29,401 [INFO] [+] Dynamische torrc erfolgreich in RAM-Disk erzeugt: /mnt/tor_ramdisk/torrc
2026-09-06 00:40:29,407 [INFO] [+] Gehärtete Privoxy-Config in RAM-Disk erzeugt: /mnt/tor_ramdisk/privoxy.conf
2026-09-06 00:40:29,408 [INFO] [Verarbeitung] Wende strikte POSIX-Sicherheitsrechte an...
2026-09-06 00:40:29,408 [INFO] Setze strikte Dateirechte & erstelle Systempfade...
2026-09-06 00:40:29,409 [INFO] [+] Pfad /mnt/tor_ramdisk/torrc mit Rechte 0600 & User-UID 136 vorbereitet.
2026-09-06 00:40:29,409 [INFO] [Verarbeitung] Konfiguriere Windows Defender Firewall-Regeln...
2026-09-06 00:40:29,410 [INFO] Konfiguriere Windows-Firewall-Regeln für Ports 8118 (Privoxy) & 8443 (ORPort)...
2026-09-06 00:40:31,350 [INFO] [+] Firewall-Regeln erfolgreich gesetzt (8118 & 8443 TCP).
2026-09-06 00:40:31,351 [INFO] [Verarbeitung] Aktiviere DNS-Leak-Schutz (Redirect 53->5353) & nftables Kill-Switch...
2026-09-06 00:40:31,356 [INFO] [+] /etc/resolv.conf gehärtet und auf lokalen Tor-DNS umgeleitet.
2026-09-06 00:40:31,362 [INFO] [+] DNS-Redirect aktiv: jeder Port-53-Aufruf -> Tor-DNSPort 5353 (kein DNS-Leak).
2026-09-06 00:40:31,366 [INFO] [+] nftables Kill-Switch aktiv (Exklusiver Outbound für Tor-UID 136, DNS-Port 5353).
2026-09-06 00:40:31,366 [INFO] [Verarbeitung] Bereinige verwaiste Tor-Prozesse und aktiviere Tor-Dienst...
2026-09-06 00:40:31,367 [INFO] Stoppe System-Tor-Instanz (tor@default)...
2026-09-06 00:40:31,374 [INFO] Prüfe auf verwaiste Tor-Prozesse und gebe Ports frei...
2026-09-06 00:40:31,884 [INFO] [+] System-Tor gestoppt – Ports frei für den Suite-eigenen Tor (RAM-Disk).
2026-09-06 00:40:31,885 [INFO] [Verarbeitung] Starte Tor-Dienst und Stealth-Relay...
2026-09-06 00:40:31,889 [INFO] [+] Dynamische torrc erfolgreich in RAM-Disk erzeugt: /mnt/tor_ramdisk/torrc
2026-09-06 00:40:31,892 [INFO] Starte Tor als direkten Prozess: tor -f /mnt/tor_ramdisk/torrc
2026-09-06 00:40:33,893 [INFO] Warte auf Tor-Bootstrap (kann bei europäischen Exit-Nodes einen Moment dauern)...
2026-09-06 00:40:55,739 [INFO] [+] Tor erfolgreich gestartet und zu 100% bootstrapped.
2026-09-06 00:40:55,740 [INFO] [*] IP-Changer gestartet (Rotation alle 60 Sekunden).
2026-09-06 00:40:55,746 [INFO] [Verarbeitung] Starte gehärteten Privoxy-Proxy...
2026-09-06 00:40:55,750 [INFO] [+] Gehärtete Privoxy-Config in RAM-Disk erzeugt: /mnt/tor_ramdisk/privoxy.conf
2026-09-06 00:40:55,750 [INFO] Starte Privoxy als direkten Prozess mit RAM-Disk-Config...
2026-09-06 00:40:57,253 [INFO] [+] Privoxy erfolgreich gestartet (Hört auf 0.0.0.0:8118).
2026-09-06 00:40:57,254 [INFO] [Ausgabe] Aktiviere Windows-Systemproxy...
2026-09-06 00:40:57,255 [INFO] Setze Windows-Systemproxy auf 172.23.220.58:8118...
2026-09-06 00:40:57,485 [INFO] [+] Windows-Systemproxy erfolgreich aktiviert (172.23.220.58:8118).
2026-09-06 00:40:57,485 [INFO] [SUCCESS] Tor Suite ist aktiv!
2026-09-06 00:40:57,487 [INFO]  - Privoxy Proxy: 172.23.220.58:8118
2026-09-06 00:40:57,487 [INFO]  - Tor Relay ORPort: 8443
2026-09-06 00:40:57,488 [INFO]  - IP-Rotation: Alle 60 Sekunden
2026-09-06 00:40:57,488 [INFO]  - Spurenschutz: Aktive 256MB RAM-Disk (tmpfs) + nftables Kill-Switch
2026-09-06 00:41:55,767 [INFO] [+] Signal NEWNYM gesendet: Tor Exit-IP gewechselt.
2026-09-06 00:42:55,788 [INFO] [+] Signal NEWNYM gesendet: Tor Exit-IP gewechselt.
2026-09-06 00:43:55,804 [INFO] [+] Signal NEWNYM gesendet: Tor Exit-IP gewechselt.
2026-09-06 00:44:55,819 [INFO] [+] Signal NEWNYM gesendet: Tor Exit-IP gewechselt.
2026-09-06 00:45:55,835 [INFO] [+] Signal NEWNYM gesendet: Tor Exit-IP gewechselt.
2026-09-06 00:46:55,866 [INFO] [+] Signal NEWNYM gesendet: Tor Exit-IP gewechselt.
2026-09-06 00:47:55,881 [INFO] [+] Signal NEWNYM gesendet: Tor Exit-IP gewechselt.
2026-09-06 00:48:55,898 [INFO] [+] Signal NEWNYM gesendet: Tor Exit-IP gewechselt.
2026-09-06 00:49:57,768 [INFO] [+] Signal NEWNYM gesendet: Tor Exit-IP gewechselt.
2026-09-06 00:50:57,781 [INFO] [+] Signal NEWNYM gesendet: Tor Exit-IP gewechselt.
2026-09-06 00:51:17,188 [INFO] [Cleanup] Fahre Cyberdeck Tor Suite herunter...
2026-09-06 00:51:17,189 [INFO] Deaktiviere Windows-Systemproxy...
2026-09-06 00:51:17,443 [INFO] [+] Windows-Systemproxy erfolgreich deaktiviert.
2026-09-06 00:51:17,444 [INFO] Entferne temporäre Windows-Firewall-Regeln...
2026-09-06 00:51:19,307 [INFO] [+] Windows-Firewall-Regeln sauber gelöscht.
2026-09-06 00:51:19,349 [INFO] [+] DNS-Redirect-Tabelle erfolgreich entfernt.
2026-09-06 00:51:19,373 [INFO] [+] nftables Kill-Switch Tabelle erfolgreich gelöscht.
2026-09-06 00:51:19,377 [INFO] [+] Ursprüngliche /etc/resolv.conf wiederhergestellt.
2026-09-06 00:51:19,378 [INFO] Stoppe Privoxy-Dienst...
2026-09-06 00:51:19,380 [INFO] [+] Privoxy sauber beendet.
2026-09-06 00:51:19,381 [INFO] Stoppe Tor-Prozess und IP-Changer...
2026-09-06 00:51:19,554 [INFO] [+] Tor-Prozess sauber beendet.
2026-09-06 00:51:19,554 [INFO] Stoppe tor@default...
2026-09-06 00:51:19,561 [INFO] Prüfe auf verwaiste Tor-Prozesse und gebe Ports frei...
2026-09-06 00:51:20,072 [INFO] [+] tor@default beendet.
2026-09-06 00:51:20,073 [INFO] Unmounte RAM-Disk unter /mnt/tor_ramdisk...
2026-09-06 00:51:20,095 [INFO] [+] RAM-Disk sauber unmountet und Spuren beseitigt.
2026-09-06 00:51:20,095 [INFO] [+] Shutdown abgeschlossen. Sämtliche temporären Daten wurden aus dem RAM gelöscht.
2026-09-06 00:58:46,715 [INFO] [Eingabe] Prüfe Systemvoraussetzungen...
2026-09-06 00:58:46,719 [INFO] [+] Systemcheck erfolgreich. WSL-IP ermittelt: 172.23.220.58
2026-09-06 00:58:46,720 [INFO] [Verarbeitung] Initialisiere 256MB RAM-Disk (tmpfs)...
2026-09-06 00:58:46,722 [INFO] Mounte 256MB tmpfs auf /mnt/tor_ramdisk...
2026-09-06 00:58:46,726 [INFO] [+] RAM-Disk erfolgreich gemountet.
2026-09-06 00:58:46,727 [INFO] [+] Unterstrukturen für Tor (/mnt/tor_ramdisk/tor_data) und Privoxy (/mnt/tor_ramdisk/privoxy) vorbereitet.
2026-09-06 00:58:46,728 [INFO] [Verarbeitung] Erzeuge dynamische Konfigurationsdateien in der RAM-Disk...
2026-09-06 00:58:46,972 [INFO] [+] Dynamische torrc erfolgreich in RAM-Disk erzeugt: /mnt/tor_ramdisk/torrc
2026-09-06 00:58:46,977 [INFO] [+] Gehärtete Privoxy-Config in RAM-Disk erzeugt: /mnt/tor_ramdisk/privoxy.conf
2026-09-06 00:58:46,978 [INFO] [Verarbeitung] Wende strikte POSIX-Sicherheitsrechte an...
2026-09-06 00:58:46,979 [INFO] Setze strikte Dateirechte & erstelle Systempfade...
2026-09-06 00:58:46,980 [INFO] [+] Pfad /mnt/tor_ramdisk/torrc mit Rechte 0600 & User-UID 136 vorbereitet.
2026-09-06 00:58:46,981 [INFO] [Verarbeitung] Konfiguriere Windows Defender Firewall-Regeln...
2026-09-06 00:58:46,982 [INFO] Konfiguriere Windows-Firewall-Regeln für Ports 8118 (Privoxy) & 8443 (ORPort)...
2026-09-06 00:58:48,708 [INFO] [+] Firewall-Regeln erfolgreich gesetzt (8118 & 8443 TCP).
2026-09-06 00:58:48,709 [INFO] [Verarbeitung] Aktiviere DNS-Leak-Schutz (Redirect 53->5353) & nftables Kill-Switch...
2026-09-06 00:58:48,713 [INFO] [+] /etc/resolv.conf gehärtet und auf lokalen Tor-DNS umgeleitet.
2026-09-06 00:58:48,716 [INFO] [+] DNS-Redirect aktiv: jeder Port-53-Aufruf -> Tor-DNSPort 5353 (kein DNS-Leak).
2026-09-06 00:58:48,720 [INFO] [+] nftables Kill-Switch aktiv (Exklusiver Outbound für Tor-UID 136, DNS-Port 5353).
2026-09-06 00:58:48,721 [INFO] [Verarbeitung] Bereinige verwaiste Tor-Prozesse und aktiviere Tor-Dienst...
2026-09-06 00:58:48,722 [INFO] Stoppe System-Tor-Instanz (tor@default)...
2026-09-06 00:58:48,728 [INFO] Prüfe auf verwaiste Tor-Prozesse und gebe Ports frei...
2026-09-06 00:58:49,238 [INFO] [+] System-Tor gestoppt – Ports frei für den Suite-eigenen Tor (RAM-Disk).
2026-09-06 00:58:49,239 [INFO] [Verarbeitung] Starte Tor-Dienst und Stealth-Relay...
2026-09-06 00:58:49,243 [INFO] [+] Dynamische torrc erfolgreich in RAM-Disk erzeugt: /mnt/tor_ramdisk/torrc
2026-09-06 00:58:49,246 [INFO] Starte Tor als direkten Prozess: tor -f /mnt/tor_ramdisk/torrc
2026-09-06 00:58:51,247 [INFO] Warte auf Tor-Bootstrap (kann bei europäischen Exit-Nodes einen Moment dauern)...
2026-09-06 00:59:13,808 [INFO] [+] Tor erfolgreich gestartet und zu 100% bootstrapped.
2026-09-06 00:59:13,809 [INFO] [*] IP-Changer gestartet (Rotation alle 60 Sekunden).
2026-09-06 00:59:13,814 [INFO] [Verarbeitung] Starte gehärteten Privoxy-Proxy...
2026-09-06 00:59:13,819 [INFO] [+] Gehärtete Privoxy-Config in RAM-Disk erzeugt: /mnt/tor_ramdisk/privoxy.conf
2026-09-06 00:59:13,820 [INFO] Starte Privoxy als direkten Prozess mit RAM-Disk-Config...
2026-09-06 00:59:15,323 [INFO] [+] Privoxy erfolgreich gestartet (Hört auf 0.0.0.0:8118).
2026-09-06 00:59:15,324 [INFO] [Ausgabe] Aktiviere Windows-Systemproxy...
2026-09-06 00:59:15,325 [INFO] Setze Windows-Systemproxy auf 172.23.220.58:8118...
2026-09-06 00:59:15,553 [INFO] [+] Windows-Systemproxy erfolgreich aktiviert (172.23.220.58:8118).
2026-09-06 00:59:15,554 [INFO] [SUCCESS] Tor Suite ist aktiv!
2026-09-06 00:59:15,556 [INFO]  - Privoxy Proxy: 172.23.220.58:8118
2026-09-06 00:59:15,557 [INFO]  - Tor Relay ORPort: 8443
2026-09-06 00:59:15,557 [INFO]  - IP-Rotation: Alle 60 Sekunden
2026-09-06 00:59:15,558 [INFO]  - Spurenschutz: Aktive 256MB RAM-Disk (tmpfs) + nftables Kill-Switch
2026-09-06 01:00:13,832 [INFO] [+] Signal NEWNYM gesendet: Tor Exit-IP gewechselt.
2026-09-06 01:00:17,739 [INFO] [Cleanup] Fahre Cyberdeck Tor Suite herunter...
2026-09-06 01:00:17,740 [INFO] Deaktiviere Windows-Systemproxy...
2026-09-06 01:00:17,984 [INFO] [+] Windows-Systemproxy erfolgreich deaktiviert.
2026-09-06 01:00:17,985 [INFO] Entferne temporäre Windows-Firewall-Regeln...
2026-09-06 01:00:19,707 [INFO] [+] Windows-Firewall-Regeln sauber gelöscht.
2026-09-06 01:00:19,733 [INFO] [+] DNS-Redirect-Tabelle erfolgreich entfernt.
2026-09-06 01:00:19,749 [INFO] [+] nftables Kill-Switch Tabelle erfolgreich gelöscht.
2026-09-06 01:00:19,753 [INFO] [+] Ursprüngliche /etc/resolv.conf wiederhergestellt.
2026-09-06 01:00:19,754 [INFO] Stoppe Privoxy-Dienst...
2026-09-06 01:00:19,757 [INFO] [+] Privoxy sauber beendet.
2026-09-06 01:00:19,758 [INFO] Stoppe Tor-Prozess und IP-Changer...
2026-09-06 01:00:19,933 [INFO] [+] Tor-Prozess sauber beendet.
2026-09-06 01:00:19,934 [INFO] Stoppe tor@default...
2026-09-06 01:00:19,941 [INFO] Prüfe auf verwaiste Tor-Prozesse und gebe Ports frei...
2026-09-06 01:00:20,457 [INFO] [+] tor@default beendet.
2026-09-06 01:00:20,458 [INFO] Unmounte RAM-Disk unter /mnt/tor_ramdisk...
2026-09-06 01:00:20,480 [INFO] [+] RAM-Disk sauber unmountet und Spuren beseitigt.
2026-09-06 01:00:20,481 [INFO] [+] Shutdown abgeschlossen. Sämtliche temporären Daten wurden aus dem RAM gelöscht.
2026-09-06 01:03:22,902 [INFO] [Eingabe] Prüfe Systemvoraussetzungen...
2026-09-06 01:03:22,906 [INFO] [+] Systemcheck erfolgreich. WSL-IP ermittelt: 172.23.220.58
2026-09-06 01:03:22,908 [INFO] [Verarbeitung] Initialisiere 256MB RAM-Disk (tmpfs)...
2026-09-06 01:03:22,910 [INFO] Mounte 256MB tmpfs auf /mnt/tor_ramdisk...
2026-09-06 01:03:22,914 [INFO] [+] RAM-Disk erfolgreich gemountet.
2026-09-06 01:03:22,915 [INFO] [+] Unterstrukturen für Tor (/mnt/tor_ramdisk/tor_data) und Privoxy (/mnt/tor_ramdisk/privoxy) vorbereitet.
2026-09-06 01:03:22,916 [INFO] [Verarbeitung] Erzeuge dynamische Konfigurationsdateien in der RAM-Disk...
2026-09-06 01:03:23,180 [INFO] [+] Dynamische torrc erfolgreich in RAM-Disk erzeugt: /mnt/tor_ramdisk/torrc
2026-09-06 01:03:23,185 [INFO] [+] Gehärtete Privoxy-Config in RAM-Disk erzeugt: /mnt/tor_ramdisk/privoxy.conf
2026-09-06 01:03:23,186 [INFO] [Verarbeitung] Wende strikte POSIX-Sicherheitsrechte an...
2026-09-06 01:03:23,187 [INFO] Setze strikte Dateirechte & erstelle Systempfade...
2026-09-06 01:03:23,188 [INFO] [+] Pfad /mnt/tor_ramdisk/torrc mit Rechte 0600 & User-UID 136 vorbereitet.
2026-09-06 01:03:23,190 [INFO] [Verarbeitung] Konfiguriere Windows Defender Firewall-Regeln...
2026-09-06 01:03:23,191 [INFO] Konfiguriere Windows-Firewall-Regeln für Ports 8118 (Privoxy) & 8443 (ORPort)...
2026-09-06 01:03:25,012 [INFO] [+] Firewall-Regeln erfolgreich gesetzt (8118 & 8443 TCP).
2026-09-06 01:03:25,013 [INFO] [Verarbeitung] Aktiviere DNS-Leak-Schutz (Redirect 53->5353) & nftables Kill-Switch...
2026-09-06 01:03:25,016 [INFO] [+] /etc/resolv.conf gehärtet und auf lokalen Tor-DNS umgeleitet.
2026-09-06 01:03:25,020 [INFO] [+] DNS-Redirect aktiv: jeder Port-53-Aufruf -> Tor-DNSPort 5353 (kein DNS-Leak).
2026-09-06 01:03:25,026 [INFO] [+] nftables Kill-Switch aktiv (Exklusiver Outbound für Tor-UID 136, DNS-Port 5353).
2026-09-06 01:03:25,027 [INFO] [Verarbeitung] Bereinige verwaiste Tor-Prozesse und aktiviere Tor-Dienst...
2026-09-06 01:03:25,028 [INFO] Stoppe System-Tor-Instanz (tor@default)...
2026-09-06 01:03:25,035 [INFO] Prüfe auf verwaiste Tor-Prozesse und gebe Ports frei...
2026-09-06 01:03:25,549 [INFO] [+] System-Tor gestoppt – Ports frei für den Suite-eigenen Tor (RAM-Disk).
2026-09-06 01:03:25,550 [INFO] [Verarbeitung] Starte Tor-Dienst und Stealth-Relay...
2026-09-06 01:03:25,555 [INFO] [+] Dynamische torrc erfolgreich in RAM-Disk erzeugt: /mnt/tor_ramdisk/torrc
2026-09-06 01:03:25,558 [INFO] Starte Tor als direkten Prozess: tor -f /mnt/tor_ramdisk/torrc
2026-09-06 01:03:27,559 [INFO] Warte auf Tor-Bootstrap (kann bei europäischen Exit-Nodes einen Moment dauern)...
2026-09-06 01:03:43,834 [INFO] [+] Tor erfolgreich gestartet und zu 100% bootstrapped.
2026-09-06 01:03:43,835 [INFO] [*] IP-Changer gestartet (Rotation alle 60 Sekunden).
2026-09-06 01:03:43,841 [INFO] [Verarbeitung] Starte gehärteten Privoxy-Proxy...
2026-09-06 01:03:43,846 [INFO] [+] Gehärtete Privoxy-Config in RAM-Disk erzeugt: /mnt/tor_ramdisk/privoxy.conf
2026-09-06 01:03:43,847 [INFO] Starte Privoxy als direkten Prozess mit RAM-Disk-Config...
2026-09-06 01:03:45,350 [INFO] [+] Privoxy erfolgreich gestartet (Hört auf 0.0.0.0:8118).
2026-09-06 01:03:45,351 [INFO] [Ausgabe] Aktiviere Windows-Systemproxy...
2026-09-06 01:03:45,352 [INFO] Setze Windows-Systemproxy auf 172.23.220.58:8118...
2026-09-06 01:03:45,583 [INFO] [+] Windows-Systemproxy erfolgreich aktiviert (172.23.220.58:8118).
2026-09-06 01:03:45,584 [INFO] [SUCCESS] Tor Suite ist aktiv!
2026-09-06 01:03:45,585 [INFO]  - Privoxy Proxy: 172.23.220.58:8118
2026-09-06 01:03:45,586 [INFO]  - Tor Relay ORPort: 8443
2026-09-06 01:03:45,586 [INFO]  - IP-Rotation: Alle 60 Sekunden
2026-09-06 01:03:45,587 [INFO]  - Spurenschutz: Aktive 256MB RAM-Disk (tmpfs) + nftables Kill-Switch
2026-09-06 01:04:43,855 [INFO] [+] Signal NEWNYM gesendet: Tor Exit-IP gewechselt.
2026-09-06 01:05:30,059 [INFO] [Cleanup] Fahre Cyberdeck Tor Suite herunter...
2026-09-06 01:05:30,060 [INFO] Deaktiviere Windows-Systemproxy...
2026-09-06 01:05:30,306 [INFO] [+] Windows-Systemproxy erfolgreich deaktiviert.
2026-09-06 01:05:30,308 [INFO] Entferne temporäre Windows-Firewall-Regeln...
2026-09-06 01:05:32,042 [INFO] [+] Windows-Firewall-Regeln sauber gelöscht.
2026-09-06 01:05:32,070 [INFO] [+] DNS-Redirect-Tabelle erfolgreich entfernt.
2026-09-06 01:05:32,089 [INFO] [+] nftables Kill-Switch Tabelle erfolgreich gelöscht.
2026-09-06 01:05:32,092 [INFO] [+] Ursprüngliche /etc/resolv.conf wiederhergestellt.
2026-09-06 01:05:32,093 [INFO] Stoppe Privoxy-Dienst...
2026-09-06 01:05:32,095 [INFO] [+] Privoxy sauber beendet.
2026-09-06 01:05:32,096 [INFO] Stoppe Tor-Prozess und IP-Changer...
2026-09-06 01:05:37,079 [INFO] [+] Tor-Prozess sauber beendet.
2026-09-06 01:05:37,080 [INFO] Stoppe tor@default...
2026-09-06 01:05:37,089 [INFO] Prüfe auf verwaiste Tor-Prozesse und gebe Ports frei...
2026-09-06 01:05:37,604 [INFO] [+] tor@default beendet.
2026-09-06 01:05:37,605 [INFO] Unmounte RAM-Disk unter /mnt/tor_ramdisk...
2026-09-06 01:05:37,616 [INFO] [+] RAM-Disk sauber unmountet und Spuren beseitigt.
2026-09-06 01:05:37,617 [INFO] [+] Shutdown abgeschlossen. Sämtliche temporären Daten wurden aus dem RAM gelöscht.
2026-09-06 02:14:01,956 [WARNING] [!] Skript läuft nicht als Root. Eskaliere Privilegien via sudo...
2026-09-06 02:14:02,183 [INFO] [Eingabe] Prüfe Systemvoraussetzungen...
2026-09-06 02:14:02,187 [INFO] [+] Systemcheck erfolgreich. WSL-IP ermittelt: 172.23.220.58
2026-09-06 02:14:02,187 [INFO] [Verarbeitung] Initialisiere 256MB RAM-Disk (tmpfs)...
2026-09-06 02:14:02,189 [INFO] Mounte 256MB tmpfs auf /mnt/tor_ramdisk...
2026-09-06 02:14:02,192 [INFO] [+] RAM-Disk erfolgreich gemountet.
2026-09-06 02:14:02,193 [INFO] [+] Unterstrukturen für Tor (/mnt/tor_ramdisk/tor_data) und Privoxy (/mnt/tor_ramdisk/privoxy) vorbereitet.
2026-09-06 02:14:02,193 [INFO] [Verarbeitung] Erzeuge dynamische Konfigurationsdateien in der RAM-Disk...
2026-09-06 02:14:02,470 [INFO] [+] Dynamische torrc erfolgreich in RAM-Disk erzeugt: /mnt/tor_ramdisk/torrc
2026-09-06 02:14:02,476 [INFO] [+] Gehärtete Privoxy-Config in RAM-Disk erzeugt: /mnt/tor_ramdisk/privoxy.conf
2026-09-06 02:14:02,476 [INFO] [Verarbeitung] Wende strikte POSIX-Sicherheitsrechte an...
2026-09-06 02:14:02,477 [INFO] Setze strikte Dateirechte & erstelle Systempfade...
2026-09-06 02:14:02,477 [INFO] [+] Pfad /mnt/tor_ramdisk/torrc mit Rechte 0600 & User-UID 136 vorbereitet.
2026-09-06 02:14:02,478 [INFO] [Verarbeitung] Konfiguriere Windows Defender Firewall-Regeln...
2026-09-06 02:14:02,478 [INFO] Konfiguriere Windows-Firewall-Regeln für Ports 8118 (Privoxy) & 8443 (ORPort)...
2026-09-06 02:14:04,327 [INFO] [+] Firewall-Regeln erfolgreich gesetzt (8118 & 8443 TCP).
2026-09-06 02:14:04,328 [INFO] [Verarbeitung] Aktiviere DNS-Leak-Schutz (Redirect 53->5353) & nftables Kill-Switch...
2026-09-06 02:14:04,333 [INFO] [+] /etc/resolv.conf gehärtet und auf lokalen Tor-DNS umgeleitet.
2026-09-06 02:14:04,342 [INFO] [+] DNS-Redirect aktiv: jeder Port-53-Aufruf -> Tor-DNSPort 5353 (kein DNS-Leak).
2026-09-06 02:14:04,346 [INFO] [+] nftables Kill-Switch aktiv (Exklusiver Outbound für Tor-UID 136, DNS-Port 5353).
2026-09-06 02:14:04,347 [INFO] [Verarbeitung] Bereinige verwaiste Tor-Prozesse und aktiviere Tor-Dienst...
2026-09-06 02:14:04,347 [INFO] Stoppe System-Tor-Instanz (tor@default)...
2026-09-06 02:14:04,355 [INFO] Prüfe auf verwaiste Tor-Prozesse und gebe Ports frei...
2026-09-06 02:14:04,865 [INFO] [+] System-Tor gestoppt – Ports frei für den Suite-eigenen Tor (RAM-Disk).
2026-09-06 02:14:04,866 [INFO] [Verarbeitung] Starte Tor-Dienst und Stealth-Relay...
2026-09-06 02:14:04,870 [INFO] [+] Dynamische torrc erfolgreich in RAM-Disk erzeugt: /mnt/tor_ramdisk/torrc
2026-09-06 02:14:04,873 [INFO] Starte Tor als direkten Prozess: tor -f /mnt/tor_ramdisk/torrc
2026-09-06 02:14:06,874 [INFO] Warte auf Tor-Bootstrap (kann bei europäischen Exit-Nodes einen Moment dauern)...
2026-09-06 02:14:22,102 [INFO] [+] Tor erfolgreich gestartet und zu 100% bootstrapped.
2026-09-06 02:14:22,103 [INFO] [*] IP-Changer gestartet (Rotation alle 60 Sekunden).
2026-09-06 02:14:22,109 [INFO] [Verarbeitung] Starte gehärteten Privoxy-Proxy...
2026-09-06 02:14:22,113 [INFO] [+] Gehärtete Privoxy-Config in RAM-Disk erzeugt: /mnt/tor_ramdisk/privoxy.conf
2026-09-06 02:14:22,114 [INFO] Starte Privoxy als direkten Prozess mit RAM-Disk-Config...
2026-09-06 02:14:23,617 [INFO] [+] Privoxy erfolgreich gestartet (Hört auf 0.0.0.0:8118).
2026-09-06 02:14:23,618 [INFO] [Ausgabe] Aktiviere Windows-Systemproxy...
2026-09-06 02:14:23,618 [INFO] Setze Windows-Systemproxy auf 172.23.220.58:8118...
2026-09-06 02:14:23,847 [INFO] [+] Windows-Systemproxy erfolgreich aktiviert (172.23.220.58:8118).
2026-09-06 02:14:23,848 [INFO] [SUCCESS] Tor Suite ist aktiv!
2026-09-06 02:14:23,849 [INFO]  - Privoxy Proxy: 172.23.220.58:8118
2026-09-06 02:14:23,850 [INFO]  - Tor Relay ORPort: 8443
2026-09-06 02:14:23,851 [INFO]  - IP-Rotation: Alle 60 Sekunden
2026-09-06 02:14:23,852 [INFO]  - Spurenschutz: Aktive 256MB RAM-Disk (tmpfs) + nftables Kill-Switch
2026-09-06 02:15:17,554 [INFO] [Cleanup] Fahre Cyberdeck Tor Suite herunter...
2026-09-06 02:15:17,555 [INFO] Deaktiviere Windows-Systemproxy...
2026-09-06 02:15:17,803 [INFO] [+] Windows-Systemproxy erfolgreich deaktiviert.
2026-09-06 02:15:17,804 [INFO] Entferne temporäre Windows-Firewall-Regeln...
2026-09-06 02:15:19,721 [INFO] [+] Windows-Firewall-Regeln sauber gelöscht.
2026-09-06 02:15:19,756 [INFO] [+] DNS-Redirect-Tabelle erfolgreich entfernt.
2026-09-06 02:15:19,768 [INFO] [+] nftables Kill-Switch Tabelle erfolgreich gelöscht.
2026-09-06 02:15:19,773 [INFO] [+] Ursprüngliche /etc/resolv.conf wiederhergestellt.
2026-09-06 02:15:19,774 [INFO] Stoppe Privoxy-Dienst...
2026-09-06 02:15:19,775 [INFO] [+] Privoxy sauber beendet.
2026-09-06 02:15:19,775 [INFO] Stoppe Tor-Prozess und IP-Changer...
2026-09-06 02:15:19,849 [INFO] [+] Tor-Prozess sauber beendet.
2026-09-06 02:15:19,850 [INFO] Stoppe tor@default...
2026-09-06 02:15:19,858 [INFO] Prüfe auf verwaiste Tor-Prozesse und gebe Ports frei...
2026-09-06 02:15:20,371 [INFO] [+] tor@default beendet.
2026-09-06 02:15:20,372 [INFO] Unmounte RAM-Disk unter /mnt/tor_ramdisk...
2026-09-06 02:15:20,384 [INFO] [+] RAM-Disk sauber unmountet und Spuren beseitigt.
2026-09-06 02:15:20,385 [INFO] [+] Shutdown abgeschlossen. Sämtliche temporären Daten wurden aus dem RAM gelöscht.
2026-09-06 02:29:26,520 [WARNING] [!] Skript läuft nicht als Root. Eskaliere Privilegien via sudo...
2026-09-06 02:29:26,776 [INFO] [Eingabe] Prüfe Systemvoraussetzungen...
2026-09-06 02:29:26,780 [INFO] [+] Systemcheck erfolgreich. WSL-IP ermittelt: 172.23.220.58
2026-09-06 02:29:26,781 [INFO] [Verarbeitung] Initialisiere 256MB RAM-Disk (tmpfs)...
2026-09-06 02:29:26,782 [INFO] Mounte 256MB tmpfs auf /mnt/tor_ramdisk...
2026-09-06 02:29:26,785 [INFO] [+] RAM-Disk erfolgreich gemountet.
2026-09-06 02:29:26,785 [INFO] [+] Unterstrukturen für Tor (/mnt/tor_ramdisk/tor_data) und Privoxy (/mnt/tor_ramdisk/privoxy) vorbereitet.
2026-09-06 02:29:26,786 [INFO] [Verarbeitung] Erzeuge dynamische Konfigurationsdateien in der RAM-Disk...
2026-09-06 02:29:27,049 [INFO] [+] Dynamische torrc erfolgreich in RAM-Disk erzeugt: /mnt/tor_ramdisk/torrc
2026-09-06 02:29:27,055 [INFO] [+] Gehärtete Privoxy-Config in RAM-Disk erzeugt: /mnt/tor_ramdisk/privoxy.conf
2026-09-06 02:29:27,055 [INFO] [Verarbeitung] Wende strikte POSIX-Sicherheitsrechte an...
2026-09-06 02:29:27,056 [INFO] Setze strikte Dateirechte & erstelle Systempfade...
2026-09-06 02:29:27,056 [INFO] [+] Pfad /mnt/tor_ramdisk/torrc mit Rechte 0600 & User-UID 136 vorbereitet.
2026-09-06 02:29:27,057 [INFO] [Verarbeitung] Konfiguriere Windows Defender Firewall-Regeln...
2026-09-06 02:29:27,057 [INFO] Konfiguriere Windows-Firewall-Regeln für Ports 8118 (Privoxy) & 8443 (ORPort)...
2026-09-06 02:29:28,770 [INFO] [+] Firewall-Regeln erfolgreich gesetzt (8118 & 8443 TCP).
2026-09-06 02:29:28,771 [INFO] [Verarbeitung] Aktiviere DNS-Leak-Schutz (Redirect 53->5353) & nftables Kill-Switch...
2026-09-06 02:29:28,775 [INFO] [+] /etc/resolv.conf gehärtet und auf lokalen Tor-DNS umgeleitet.
2026-09-06 02:29:28,815 [INFO] [+] DNS-Redirect aktiv: jeder Port-53-Aufruf -> Tor-DNSPort 5353 (kein DNS-Leak).
2026-09-06 02:29:28,820 [INFO] [+] nftables Kill-Switch aktiv (Exklusiver Outbound für Tor-UID 136, DNS-Port 5353).
2026-09-06 02:29:28,821 [INFO] [Verarbeitung] Bereinige verwaiste Tor-Prozesse und aktiviere Tor-Dienst...
2026-09-06 02:29:28,821 [INFO] Stoppe System-Tor-Instanz (tor@default)...
2026-09-06 02:29:28,829 [INFO] Prüfe auf verwaiste Tor-Prozesse und gebe Ports frei...
2026-09-06 02:29:29,340 [INFO] [+] System-Tor gestoppt – Ports frei für den Suite-eigenen Tor (RAM-Disk).
2026-09-06 02:29:29,340 [INFO] [Verarbeitung] Starte Tor-Dienst und Stealth-Relay...
2026-09-06 02:29:29,345 [INFO] [+] Dynamische torrc erfolgreich in RAM-Disk erzeugt: /mnt/tor_ramdisk/torrc
2026-09-06 02:29:29,347 [INFO] Starte Tor als direkten Prozess: tor -f /mnt/tor_ramdisk/torrc
2026-09-06 02:29:31,348 [INFO] Warte auf Tor-Bootstrap (kann bei europäischen Exit-Nodes einen Moment dauern)...
2026-09-06 02:31:31,411 [ERROR] [-] Timeout beim Tor-Bootstrap erreicht.
2026-09-06 02:31:31,413 [ERROR]     Sep 06 02:29:29.357 [notice] Opening Socks listener on 127.0.0.1:9050
2026-09-06 02:31:31,414 [ERROR]     Sep 06 02:29:29.358 [notice] Opened Socks listener connection (ready) on 127.0.0.1:9050
2026-09-06 02:31:31,414 [ERROR]     Sep 06 02:29:29.358 [notice] Opening DNS listener on 127.0.0.1:5353
2026-09-06 02:31:31,415 [ERROR]     Sep 06 02:29:29.358 [notice] Opened DNS listener connection (ready) on 127.0.0.1:5353
2026-09-06 02:31:31,415 [ERROR]     Sep 06 02:29:29.359 [notice] Opening Control listener on 0.0.0.0:9051
2026-09-06 02:31:31,416 [ERROR]     Sep 06 02:29:29.359 [notice] Opened Control listener connection (ready) on 0.0.0.0:9051
2026-09-06 02:31:31,416 [ERROR]     Sep 06 02:29:29.359 [notice] Opening OR listener on 0.0.0.0:8443
2026-09-06 02:31:31,417 [ERROR]     Sep 06 02:29:29.360 [notice] Opened OR listener connection (ready) on 0.0.0.0:8443
2026-09-06 02:31:31,417 [ERROR]     Sep 06 02:29:29.360 [notice] Opening OR listener on [::]:8443
2026-09-06 02:31:31,418 [ERROR]     Sep 06 02:29:29.360 [notice] Opened OR listener connection (ready) on [::]:8443
2026-09-06 02:31:31,418 [INFO] [Cleanup] Fahre Cyberdeck Tor Suite herunter...
2026-09-06 02:31:31,418 [INFO] Deaktiviere Windows-Systemproxy...
2026-09-06 02:31:31,644 [INFO] [+] Windows-Systemproxy erfolgreich deaktiviert.
2026-09-06 02:31:31,644 [INFO] Entferne temporäre Windows-Firewall-Regeln...
2026-09-06 02:31:33,311 [INFO] [+] Windows-Firewall-Regeln sauber gelöscht.
2026-09-06 02:31:33,332 [INFO] [+] DNS-Redirect-Tabelle erfolgreich entfernt.
2026-09-06 02:31:33,351 [INFO] [+] nftables Kill-Switch Tabelle erfolgreich gelöscht.
2026-09-06 02:31:33,353 [INFO] [+] Ursprüngliche /etc/resolv.conf wiederhergestellt.
2026-09-06 02:31:33,354 [INFO] Stoppe Privoxy-Dienst...
2026-09-06 02:31:33,355 [INFO] [+] Privoxy sauber beendet.
2026-09-06 02:31:33,355 [INFO] Stoppe Tor-Prozess und IP-Changer...
2026-09-06 02:31:35,881 [INFO] [+] Tor-Prozess sauber beendet.
2026-09-06 02:31:35,882 [INFO] Stoppe tor@default...
2026-09-06 02:31:35,888 [INFO] Prüfe auf verwaiste Tor-Prozesse und gebe Ports frei...
2026-09-06 02:31:36,398 [INFO] [+] tor@default beendet.
2026-09-06 02:31:36,399 [INFO] Unmounte RAM-Disk unter /mnt/tor_ramdisk...
2026-09-06 02:31:36,412 [INFO] [+] RAM-Disk sauber unmountet und Spuren beseitigt.
2026-09-06 02:31:36,413 [INFO] [+] Shutdown abgeschlossen. Sämtliche temporären Daten wurden aus dem RAM gelöscht.
2026-09-06 03:08:30,781 [INFO] [Eingabe] Prüfe Systemvoraussetzungen...
2026-09-06 03:08:30,786 [INFO] [+] Systemcheck erfolgreich. WSL-IP ermittelt: 172.23.220.58
2026-09-06 03:08:30,787 [INFO] [Verarbeitung] Initialisiere 256MB RAM-Disk (tmpfs)...
2026-09-06 03:08:30,789 [INFO] Mounte 256MB tmpfs auf /mnt/tor_ramdisk...
2026-09-06 03:08:30,794 [INFO] [+] RAM-Disk erfolgreich gemountet.
2026-09-06 03:08:30,796 [INFO] [+] Unterstrukturen für Tor (/mnt/tor_ramdisk/tor_data) und Privoxy (/mnt/tor_ramdisk/privoxy) vorbereitet.
2026-09-06 03:08:30,796 [INFO] [Verarbeitung] Erzeuge dynamische Konfigurationsdateien in der RAM-Disk...
2026-09-06 03:08:31,049 [INFO] [+] Dynamische torrc erfolgreich in RAM-Disk erzeugt: /mnt/tor_ramdisk/torrc
2026-09-06 03:08:31,054 [INFO] [+] Gehärtete Privoxy-Config in RAM-Disk erzeugt: /mnt/tor_ramdisk/privoxy.conf
2026-09-06 03:08:31,055 [INFO] [Verarbeitung] Wende strikte POSIX-Sicherheitsrechte an...
2026-09-06 03:08:31,056 [INFO] Setze strikte Dateirechte & erstelle Systempfade...
2026-09-06 03:08:31,057 [INFO] [+] Pfad /mnt/tor_ramdisk/torrc mit Rechte 0600 & User-UID 136 vorbereitet.
2026-09-06 03:08:31,057 [INFO] [Verarbeitung] Konfiguriere Windows Defender Firewall-Regeln...
2026-09-06 03:08:31,058 [INFO] Konfiguriere Windows-Firewall-Regeln für Ports 8118 (Privoxy) & 8443 (ORPort)...
2026-09-06 03:08:32,790 [INFO] [+] Firewall-Regeln erfolgreich gesetzt (8118 & 8443 TCP).
2026-09-06 03:08:32,792 [INFO] [Verarbeitung] Aktiviere DNS-Leak-Schutz (Redirect 53->5353) & nftables Kill-Switch...
2026-09-06 03:08:32,796 [INFO] [+] /etc/resolv.conf gehärtet und auf lokalen Tor-DNS umgeleitet.
2026-09-06 03:08:32,805 [INFO] [+] DNS-Redirect aktiv: jeder Port-53-Aufruf -> Tor-DNSPort 5353 (kein DNS-Leak).
2026-09-06 03:08:32,810 [INFO] [+] nftables Kill-Switch aktiv (Exklusiver Outbound für Tor-UID 136, DNS-Port 5353).
2026-09-06 03:08:32,811 [INFO] [Verarbeitung] Bereinige verwaiste Tor-Prozesse und aktiviere Tor-Dienst...
2026-09-06 03:08:32,812 [INFO] Stoppe System-Tor-Instanz (tor@default)...
2026-09-06 03:08:32,820 [INFO] Prüfe auf verwaiste Tor-Prozesse und gebe Ports frei...
2026-09-06 03:08:33,330 [INFO] [+] System-Tor gestoppt – Ports frei für den Suite-eigenen Tor (RAM-Disk).
2026-09-06 03:08:33,331 [INFO] [Verarbeitung] Starte Tor-Dienst und Stealth-Relay...
2026-09-06 03:08:33,336 [INFO] [+] Dynamische torrc erfolgreich in RAM-Disk erzeugt: /mnt/tor_ramdisk/torrc
2026-09-06 03:08:33,338 [INFO] Starte Tor als direkten Prozess: tor -f /mnt/tor_ramdisk/torrc
2026-09-06 03:08:35,340 [INFO] Warte auf Tor-Bootstrap (kann bei europäischen Exit-Nodes einen Moment dauern)...
2026-09-06 03:08:56,945 [INFO] [+] Tor erfolgreich gestartet und zu 100% bootstrapped.
2026-09-06 03:08:56,947 [INFO] [*] IP-Changer gestartet (Rotation alle 60 Sekunden).
2026-09-06 03:08:56,952 [INFO] [Verarbeitung] Starte gehärteten Privoxy-Proxy...
2026-09-06 03:08:56,958 [INFO] [+] Gehärtete Privoxy-Config in RAM-Disk erzeugt: /mnt/tor_ramdisk/privoxy.conf
2026-09-06 03:08:56,958 [INFO] Starte Privoxy als direkten Prozess mit RAM-Disk-Config...
2026-09-06 03:08:58,462 [INFO] [+] Privoxy erfolgreich gestartet (Hört auf 0.0.0.0:8118).
2026-09-06 03:08:58,463 [INFO] [Ausgabe] Aktiviere Windows-Systemproxy...
2026-09-06 03:08:58,464 [INFO] Setze Windows-Systemproxy auf 172.23.220.58:8118...
2026-09-06 03:08:58,693 [INFO] [+] Windows-Systemproxy erfolgreich aktiviert (172.23.220.58:8118).
2026-09-06 03:08:58,695 [INFO] [SUCCESS] Tor Suite ist aktiv!
2026-09-06 03:08:58,696 [INFO]  - Privoxy Proxy: 172.23.220.58:8118
2026-09-06 03:08:58,696 [INFO]  - Tor Relay ORPort: 8443
2026-09-06 03:08:58,697 [INFO]  - IP-Rotation: Alle 60 Sekunden
2026-09-06 03:08:58,698 [INFO]  - Spurenschutz: Aktive 256MB RAM-Disk (tmpfs) + nftables Kill-Switch
2026-09-06 03:09:56,977 [INFO] [+] Signal NEWNYM gesendet: Tor Exit-IP gewechselt.
2026-09-06 03:10:57,008 [INFO] [+] Signal NEWNYM gesendet: Tor Exit-IP gewechselt.
2026-09-06 03:11:57,027 [INFO] [+] Signal NEWNYM gesendet: Tor Exit-IP gewechselt.
2026-09-06 03:12:57,064 [INFO] [+] Signal NEWNYM gesendet: Tor Exit-IP gewechselt.
2026-09-06 03:13:57,084 [INFO] [+] Signal NEWNYM gesendet: Tor Exit-IP gewechselt.
2026-09-06 03:14:57,106 [INFO] [+] Signal NEWNYM gesendet: Tor Exit-IP gewechselt.
2026-09-06 03:15:26,492 [INFO] [Cleanup] Fahre Cyberdeck Tor Suite herunter...
2026-09-06 03:15:26,493 [INFO] Deaktiviere Windows-Systemproxy...
2026-09-06 03:15:26,727 [INFO] [+] Windows-Systemproxy erfolgreich deaktiviert.
2026-09-06 03:15:26,729 [INFO] Entferne temporäre Windows-Firewall-Regeln...
2026-09-06 03:15:28,510 [INFO] [+] Windows-Firewall-Regeln sauber gelöscht.
2026-09-06 03:15:28,546 [INFO] [+] DNS-Redirect-Tabelle erfolgreich entfernt.
2026-09-06 03:15:28,586 [INFO] [+] nftables Kill-Switch Tabelle erfolgreich gelöscht.
2026-09-06 03:15:28,592 [INFO] [+] Ursprüngliche /etc/resolv.conf wiederhergestellt.
2026-09-06 03:15:28,592 [INFO] Stoppe Privoxy-Dienst...
2026-09-06 03:15:28,595 [INFO] [+] Privoxy sauber beendet.
2026-09-06 03:15:28,596 [INFO] Stoppe Tor-Prozess und IP-Changer...
2026-09-06 03:15:28,768 [INFO] [+] Tor-Prozess sauber beendet.
2026-09-06 03:15:28,769 [INFO] Stoppe tor@default...
2026-09-06 03:15:28,776 [INFO] Prüfe auf verwaiste Tor-Prozesse und gebe Ports frei...
2026-09-06 03:15:29,286 [INFO] [+] tor@default beendet.
2026-09-06 03:15:29,287 [INFO] Unmounte RAM-Disk unter /mnt/tor_ramdisk...
2026-09-06 03:15:29,311 [INFO] [+] RAM-Disk sauber unmountet und Spuren beseitigt.
2026-09-06 03:15:29,312 [INFO] [+] Shutdown abgeschlossen. Sämtliche temporären Daten wurden aus dem RAM gelöscht.
2026-09-06 03:17:29,116 [INFO] [Eingabe] Prüfe Systemvoraussetzungen...
2026-09-06 03:17:29,119 [INFO] [+] Systemcheck erfolgreich. WSL-IP ermittelt: 172.23.220.58
2026-09-06 03:17:29,119 [INFO] [Verarbeitung] Initialisiere 256MB RAM-Disk (tmpfs)...
2026-09-06 03:17:29,121 [INFO] Mounte 256MB tmpfs auf /mnt/tor_ramdisk...
2026-09-06 03:17:29,124 [INFO] [+] RAM-Disk erfolgreich gemountet.
2026-09-06 03:17:29,126 [INFO] [+] Unterstrukturen für Tor (/mnt/tor_ramdisk/tor_data) und Privoxy (/mnt/tor_ramdisk/privoxy) vorbereitet.
2026-09-06 03:17:29,127 [INFO] [Verarbeitung] Erzeuge dynamische Konfigurationsdateien in der RAM-Disk...
2026-09-06 03:17:29,374 [INFO] [+] Dynamische torrc erfolgreich in RAM-Disk erzeugt: /mnt/tor_ramdisk/torrc
2026-09-06 03:17:29,379 [INFO] [+] Gehärtete Privoxy-Config in RAM-Disk erzeugt: /mnt/tor_ramdisk/privoxy.conf
2026-09-06 03:17:29,380 [INFO] [Verarbeitung] Wende strikte POSIX-Sicherheitsrechte an...
2026-09-06 03:17:29,381 [INFO] Setze strikte Dateirechte & erstelle Systempfade...
2026-09-06 03:17:29,382 [INFO] [+] Pfad /mnt/tor_ramdisk/torrc mit Rechte 0600 & User-UID 136 vorbereitet.
2026-09-06 03:17:29,383 [INFO] [Verarbeitung] Konfiguriere Windows Defender Firewall-Regeln...
2026-09-06 03:17:29,383 [INFO] Konfiguriere Windows-Firewall-Regeln für Ports 8118 (Privoxy) & 8443 (ORPort)...
2026-09-06 03:17:31,120 [INFO] [+] Firewall-Regeln erfolgreich gesetzt (8118 & 8443 TCP).
2026-09-06 03:17:31,121 [INFO] [Verarbeitung] Aktiviere DNS-Leak-Schutz (Redirect 53->5353) & nftables Kill-Switch...
2026-09-06 03:17:31,126 [INFO] [+] /etc/resolv.conf gehärtet und auf lokalen Tor-DNS umgeleitet.
2026-09-06 03:17:31,163 [INFO] [+] DNS-Redirect aktiv: jeder Port-53-Aufruf -> Tor-DNSPort 5353 (kein DNS-Leak).
2026-09-06 03:17:31,167 [INFO] [+] nftables Kill-Switch aktiv (Exklusiver Outbound für Tor-UID 136, DNS-Port 5353).
2026-09-06 03:17:31,168 [INFO] [Verarbeitung] Bereinige verwaiste Tor-Prozesse und aktiviere Tor-Dienst...
2026-09-06 03:17:31,169 [INFO] Stoppe System-Tor-Instanz (tor@default)...
2026-09-06 03:17:31,175 [INFO] Prüfe auf verwaiste Tor-Prozesse und gebe Ports frei...
2026-09-06 03:17:31,684 [INFO] [+] System-Tor gestoppt – Ports frei für den Suite-eigenen Tor (RAM-Disk).
2026-09-06 03:17:31,685 [INFO] [Verarbeitung] Starte Tor-Dienst und Stealth-Relay...
2026-09-06 03:17:31,690 [INFO] [+] Dynamische torrc erfolgreich in RAM-Disk erzeugt: /mnt/tor_ramdisk/torrc
2026-09-06 03:17:31,693 [INFO] Starte Tor als direkten Prozess: tor -f /mnt/tor_ramdisk/torrc
2026-09-06 03:17:33,694 [INFO] Warte auf Tor-Bootstrap (kann bei europäischen Exit-Nodes einen Moment dauern)...
2026-09-06 03:19:33,721 [ERROR] [-] Timeout beim Tor-Bootstrap erreicht.
2026-09-06 03:19:33,724 [ERROR]     Sep 06 03:17:31.702 [notice] Opening Socks listener on 127.0.0.1:9050
2026-09-06 03:19:33,724 [ERROR]     Sep 06 03:17:31.702 [notice] Opened Socks listener connection (ready) on 127.0.0.1:9050
2026-09-06 03:19:33,725 [ERROR]     Sep 06 03:17:31.703 [notice] Opening DNS listener on 127.0.0.1:5353
2026-09-06 03:19:33,726 [ERROR]     Sep 06 03:17:31.703 [notice] Opened DNS listener connection (ready) on 127.0.0.1:5353
2026-09-06 03:19:33,727 [ERROR]     Sep 06 03:17:31.704 [notice] Opening Control listener on 0.0.0.0:9051
2026-09-06 03:19:33,728 [ERROR]     Sep 06 03:17:31.704 [notice] Opened Control listener connection (ready) on 0.0.0.0:9051
2026-09-06 03:19:33,728 [ERROR]     Sep 06 03:17:31.704 [notice] Opening OR listener on 0.0.0.0:8443
2026-09-06 03:19:33,729 [ERROR]     Sep 06 03:17:31.705 [notice] Opened OR listener connection (ready) on 0.0.0.0:8443
2026-09-06 03:19:33,730 [ERROR]     Sep 06 03:17:31.705 [notice] Opening OR listener on [::]:8443
2026-09-06 03:19:33,731 [ERROR]     Sep 06 03:17:31.706 [notice] Opened OR listener connection (ready) on [::]:8443
2026-09-06 03:19:33,732 [INFO] [Cleanup] Fahre Cyberdeck Tor Suite herunter...
2026-09-06 03:19:33,733 [INFO] Deaktiviere Windows-Systemproxy...
2026-09-06 03:19:33,960 [INFO] [+] Windows-Systemproxy erfolgreich deaktiviert.
2026-09-06 03:19:33,962 [INFO] Entferne temporäre Windows-Firewall-Regeln...
2026-09-06 03:19:35,712 [INFO] [+] Windows-Firewall-Regeln sauber gelöscht.
2026-09-06 03:19:35,743 [INFO] [+] DNS-Redirect-Tabelle erfolgreich entfernt.
2026-09-06 03:19:35,767 [INFO] [+] nftables Kill-Switch Tabelle erfolgreich gelöscht.
2026-09-06 03:19:35,769 [INFO] [+] Ursprüngliche /etc/resolv.conf wiederhergestellt.
2026-09-06 03:19:35,770 [INFO] Stoppe Privoxy-Dienst...
2026-09-06 03:19:35,771 [INFO] [+] Privoxy sauber beendet.
2026-09-06 03:19:35,772 [INFO] Stoppe Tor-Prozess und IP-Changer...
2026-09-06 03:19:38,199 [INFO] [+] Tor-Prozess sauber beendet.
2026-09-06 03:19:38,200 [INFO] Stoppe tor@default...
2026-09-06 03:19:38,207 [INFO] Prüfe auf verwaiste Tor-Prozesse und gebe Ports frei...
2026-09-06 03:19:38,716 [INFO] [+] tor@default beendet.
2026-09-06 03:19:38,718 [INFO] Unmounte RAM-Disk unter /mnt/tor_ramdisk...
2026-09-06 03:19:38,731 [INFO] [+] RAM-Disk sauber unmountet und Spuren beseitigt.
2026-09-06 03:19:38,732 [INFO] [+] Shutdown abgeschlossen. Sämtliche temporären Daten wurden aus dem RAM gelöscht.
2026-09-06 03:28:45,639 [INFO] [Eingabe] Prüfe Systemvoraussetzungen...
2026-09-06 03:28:45,644 [INFO] [+] Systemcheck erfolgreich. WSL-IP ermittelt: 172.23.220.58
2026-09-06 03:28:45,645 [INFO] [Verarbeitung] Initialisiere 256MB RAM-Disk (tmpfs)...
2026-09-06 03:28:45,648 [INFO] Mounte 256MB tmpfs auf /mnt/tor_ramdisk...
2026-09-06 03:28:45,652 [INFO] [+] RAM-Disk erfolgreich gemountet.
2026-09-06 03:28:45,653 [INFO] [+] Unterstrukturen für Tor (/mnt/tor_ramdisk/tor_data) und Privoxy (/mnt/tor_ramdisk/privoxy) vorbereitet.
2026-09-06 03:28:45,654 [INFO] [Verarbeitung] Erzeuge dynamische Konfigurationsdateien in der RAM-Disk...
2026-09-06 03:28:45,916 [INFO] [+] Dynamische torrc erfolgreich in RAM-Disk erzeugt: /mnt/tor_ramdisk/torrc
2026-09-06 03:28:45,921 [INFO] [+] Gehärtete Privoxy-Config in RAM-Disk erzeugt: /mnt/tor_ramdisk/privoxy.conf
2026-09-06 03:28:45,922 [INFO] [Verarbeitung] Wende strikte POSIX-Sicherheitsrechte an...
2026-09-06 03:28:45,923 [INFO] Setze strikte Dateirechte & erstelle Systempfade...
2026-09-06 03:28:45,924 [INFO] [+] Pfad /mnt/tor_ramdisk/torrc mit Rechte 0600 & User-UID 136 vorbereitet.
2026-09-06 03:28:45,925 [INFO] [Verarbeitung] Konfiguriere Windows Defender Firewall-Regeln...
2026-09-06 03:28:45,926 [INFO] Konfiguriere Windows-Firewall-Regeln für Ports 8118 (Privoxy) & 8443 (ORPort)...
2026-09-06 03:28:47,698 [INFO] [+] Firewall-Regeln erfolgreich gesetzt (8118 & 8443 TCP).
2026-09-06 03:28:47,700 [INFO] [Verarbeitung] Aktiviere DNS-Leak-Schutz (Redirect 53->5353) & nftables Kill-Switch...
2026-09-06 03:28:47,705 [INFO] [+] /etc/resolv.conf gehärtet und auf lokalen Tor-DNS umgeleitet.
2026-09-06 03:28:47,718 [INFO] [+] DNS-Redirect aktiv: jeder Port-53-Aufruf -> Tor-DNSPort 5353 (kein DNS-Leak).
2026-09-06 03:28:47,722 [INFO] [+] nftables Kill-Switch aktiv (Exklusiver Outbound für Tor-UID 136, DNS-Port 5353).
2026-09-06 03:28:47,723 [INFO] [Verarbeitung] Bereinige verwaiste Tor-Prozesse und aktiviere Tor-Dienst...
2026-09-06 03:28:47,724 [INFO] Stoppe System-Tor-Instanz (tor@default)...
2026-09-06 03:28:47,733 [INFO] Prüfe auf verwaiste Tor-Prozesse und gebe Ports frei...
2026-09-06 03:28:48,242 [INFO] [+] System-Tor gestoppt – Ports frei für den Suite-eigenen Tor (RAM-Disk).
2026-09-06 03:28:48,244 [INFO] [Verarbeitung] Starte Tor-Dienst und Stealth-Relay...
2026-09-06 03:28:48,248 [INFO] [+] Dynamische torrc erfolgreich in RAM-Disk erzeugt: /mnt/tor_ramdisk/torrc
2026-09-06 03:28:48,251 [INFO] Starte Tor als direkten Prozess: tor -f /mnt/tor_ramdisk/torrc
2026-09-06 03:28:50,252 [INFO] Warte auf Tor-Bootstrap (kann bei europäischen Exit-Nodes einen Moment dauern)...
2026-09-06 03:29:10,739 [INFO] [+] Tor erfolgreich gestartet und zu 100% bootstrapped.
2026-09-06 03:29:10,741 [INFO] [*] IP-Changer gestartet (Rotation alle 120 Sekunden).
2026-09-06 03:29:10,747 [INFO] [Verarbeitung] Starte gehärteten Privoxy-Proxy...
2026-09-06 03:29:10,752 [INFO] [+] Gehärtete Privoxy-Config in RAM-Disk erzeugt: /mnt/tor_ramdisk/privoxy.conf
2026-09-06 03:29:10,753 [INFO] Starte Privoxy als direkten Prozess mit RAM-Disk-Config...
2026-09-06 03:29:12,258 [INFO] [+] Privoxy erfolgreich gestartet (Hört auf 0.0.0.0:8118).
2026-09-06 03:29:12,259 [INFO] [Ausgabe] Aktiviere Windows-Systemproxy...
2026-09-06 03:29:12,260 [INFO] Setze Windows-Systemproxy auf 172.23.220.58:8118...
2026-09-06 03:29:12,496 [INFO] [+] Windows-Systemproxy erfolgreich aktiviert (172.23.220.58:8118).
2026-09-06 03:29:12,497 [INFO] [SUCCESS] Tor Suite ist aktiv!
2026-09-06 03:29:12,498 [INFO]  - Privoxy Proxy: 172.23.220.58:8118
2026-09-06 03:29:12,499 [INFO]  - Tor Relay ORPort: 8443
2026-09-06 03:29:12,500 [INFO]  - IP-Rotation: Alle 120 Sekunden
2026-09-06 03:29:12,501 [INFO]  - Spurenschutz: Aktive 256MB RAM-Disk (tmpfs) + nftables Kill-Switch
2026-09-06 03:31:10,806 [INFO] [+] Signal NEWNYM gesendet: Tor Exit-IP gewechselt.
2026-09-06 03:33:10,828 [INFO] [+] Signal NEWNYM gesendet: Tor Exit-IP gewechselt.
2026-09-06 03:35:10,851 [INFO] [+] Signal NEWNYM gesendet: Tor Exit-IP gewechselt.
2026-09-06 03:37:10,891 [INFO] [+] Signal NEWNYM gesendet: Tor Exit-IP gewechselt.
2026-09-06 03:39:12,970 [INFO] [+] Signal NEWNYM gesendet: Tor Exit-IP gewechselt.
2026-09-06 03:41:13,024 [INFO] [+] Signal NEWNYM gesendet: Tor Exit-IP gewechselt.
2026-09-06 03:43:13,052 [INFO] [+] Signal NEWNYM gesendet: Tor Exit-IP gewechselt.
2026-09-06 03:45:13,079 [INFO] [+] Signal NEWNYM gesendet: Tor Exit-IP gewechselt.
2026-09-06 03:47:13,102 [INFO] [+] Signal NEWNYM gesendet: Tor Exit-IP gewechselt.
2026-09-06 03:49:13,125 [INFO] [+] Signal NEWNYM gesendet: Tor Exit-IP gewechselt.
2026-09-06 03:51:13,151 [INFO] [+] Signal NEWNYM gesendet: Tor Exit-IP gewechselt.
2026-09-06 03:53:13,177 [INFO] [+] Signal NEWNYM gesendet: Tor Exit-IP gewechselt.
2026-09-06 03:55:13,210 [INFO] [+] Signal NEWNYM gesendet: Tor Exit-IP gewechselt.
2026-09-06 03:57:13,241 [INFO] [+] Signal NEWNYM gesendet: Tor Exit-IP gewechselt.
2026-09-06 03:59:13,274 [INFO] [+] Signal NEWNYM gesendet: Tor Exit-IP gewechselt.
2026-09-06 04:01:13,305 [INFO] [+] Signal NEWNYM gesendet: Tor Exit-IP gewechselt.
2026-09-06 04:03:13,337 [INFO] [+] Signal NEWNYM gesendet: Tor Exit-IP gewechselt.
2026-09-06 04:05:13,372 [INFO] [+] Signal NEWNYM gesendet: Tor Exit-IP gewechselt.
2026-09-06 04:07:13,418 [INFO] [+] Signal NEWNYM gesendet: Tor Exit-IP gewechselt.
2026-09-06 04:09:13,458 [INFO] [+] Signal NEWNYM gesendet: Tor Exit-IP gewechselt.
2026-09-06 04:11:13,485 [INFO] [+] Signal NEWNYM gesendet: Tor Exit-IP gewechselt.
2026-09-06 04:13:13,515 [INFO] [+] Signal NEWNYM gesendet: Tor Exit-IP gewechselt.
2026-09-06 04:15:13,541 [INFO] [+] Signal NEWNYM gesendet: Tor Exit-IP gewechselt.
2026-09-06 04:17:13,572 [INFO] [+] Signal NEWNYM gesendet: Tor Exit-IP gewechselt.
2026-09-06 04:19:13,599 [INFO] [+] Signal NEWNYM gesendet: Tor Exit-IP gewechselt.
2026-09-06 04:21:13,631 [INFO] [+] Signal NEWNYM gesendet: Tor Exit-IP gewechselt.
2026-09-06 04:23:13,658 [INFO] [+] Signal NEWNYM gesendet: Tor Exit-IP gewechselt.
2026-09-06 04:24:55,732 [INFO] [Cleanup] Fahre Cyberdeck Tor Suite herunter...
2026-09-06 04:24:55,733 [INFO] Deaktiviere Windows-Systemproxy...
2026-09-06 04:24:55,957 [INFO] [+] Windows-Systemproxy erfolgreich deaktiviert.
2026-09-06 04:24:55,959 [INFO] Entferne temporäre Windows-Firewall-Regeln...
2026-09-06 04:24:57,711 [INFO] [+] Windows-Firewall-Regeln sauber gelöscht.
2026-09-06 04:24:57,738 [INFO] [+] DNS-Redirect-Tabelle erfolgreich entfernt.
2026-09-06 04:24:57,753 [INFO] [+] nftables Kill-Switch Tabelle erfolgreich gelöscht.
2026-09-06 04:24:57,757 [INFO] [+] Ursprüngliche /etc/resolv.conf wiederhergestellt.
2026-09-06 04:24:57,758 [INFO] Stoppe Privoxy-Dienst...
2026-09-06 04:24:57,761 [INFO] [+] Privoxy sauber beendet.
2026-09-06 04:24:57,762 [INFO] Stoppe Tor-Prozess und IP-Changer...
2026-09-06 04:25:02,768 [INFO] [+] Tor-Prozess sauber beendet.
2026-09-06 04:25:02,769 [INFO] Stoppe tor@default...
2026-09-06 04:25:02,776 [INFO] Prüfe auf verwaiste Tor-Prozesse und gebe Ports frei...
2026-09-06 04:25:03,284 [INFO] [+] tor@default beendet.
2026-09-06 04:25:03,286 [INFO] Unmounte RAM-Disk unter /mnt/tor_ramdisk...
2026-09-06 04:25:03,307 [INFO] [+] RAM-Disk sauber unmountet und Spuren beseitigt.
2026-09-06 04:25:03,308 [INFO] [+] Shutdown abgeschlossen. Sämtliche temporären Daten wurden aus dem RAM gelöscht.
2026-09-06 04:25:23,935 [WARNING] [!] Skript läuft nicht als Root. Eskaliere Privilegien via sudo...
2026-09-06 04:25:24,163 [INFO] [Vorbereitung] Entferne ggf. übrig gebliebenen Windows-Systemproxy (Stale-State)...
2026-09-06 04:25:24,163 [INFO] Deaktiviere Windows-Systemproxy...
2026-09-06 04:25:24,384 [INFO] [+] Windows-Systemproxy erfolgreich deaktiviert.
2026-09-06 04:25:24,385 [INFO] [Eingabe] Prüfe Systemvoraussetzungen...
2026-09-06 04:25:24,389 [INFO] [+] Systemcheck erfolgreich. WSL-IP ermittelt: 172.23.220.58
2026-09-06 04:25:24,390 [INFO] [Verarbeitung] Initialisiere 256MB RAM-Disk (tmpfs)...
2026-09-06 04:25:24,391 [INFO] Mounte 256MB tmpfs auf /mnt/tor_ramdisk...
2026-09-06 04:25:24,393 [INFO] [+] RAM-Disk erfolgreich gemountet.
2026-09-06 04:25:24,394 [INFO] [+] Unterstrukturen für Tor (/mnt/tor_ramdisk/tor_data) und Privoxy (/mnt/tor_ramdisk/privoxy) vorbereitet.
2026-09-06 04:25:24,394 [INFO] [Verarbeitung] Erzeuge dynamische Konfigurationsdateien in der RAM-Disk...
2026-09-06 04:25:24,650 [INFO] [+] Dynamische torrc erfolgreich in RAM-Disk erzeugt: /mnt/tor_ramdisk/torrc
2026-09-06 04:25:24,655 [INFO] [+] Gehärtete Privoxy-Config in RAM-Disk erzeugt: /mnt/tor_ramdisk/privoxy.conf
2026-09-06 04:25:24,656 [INFO] [Verarbeitung] Wende strikte POSIX-Sicherheitsrechte an...
2026-09-06 04:25:24,656 [INFO] Setze strikte Dateirechte & erstelle Systempfade...
2026-09-06 04:25:24,657 [INFO] [+] Pfad /mnt/tor_ramdisk/torrc mit Rechte 0600 & User-UID 136 vorbereitet.
2026-09-06 04:25:24,657 [INFO] [Verarbeitung] Konfiguriere Windows Defender Firewall-Regeln...
2026-09-06 04:25:24,658 [INFO] Konfiguriere Windows-Firewall-Regeln für Ports 8118 (Privoxy) & 8443 (ORPort)...
2026-09-06 04:25:26,306 [INFO] [+] Firewall-Regeln erfolgreich gesetzt (8118 & 8443 TCP).
2026-09-06 04:25:26,307 [INFO] [Verarbeitung] Bereinige verwaiste Tor-Prozesse und aktiviere Tor-Dienst...
2026-09-06 04:25:26,308 [INFO] Stoppe System-Tor-Instanz (tor@default)...
2026-09-06 04:25:26,314 [INFO] Prüfe auf verwaiste Tor-Prozesse und gebe Ports frei...
2026-09-06 04:25:26,824 [INFO] [+] System-Tor gestoppt – Ports frei für den Suite-eigenen Tor (RAM-Disk).
2026-09-06 04:25:26,824 [INFO] [Verarbeitung] Starte Tor-Dienst und Stealth-Relay (warte auf Bootstrap 100%)...
2026-09-06 04:25:26,829 [INFO] [+] Dynamische torrc erfolgreich in RAM-Disk erzeugt: /mnt/tor_ramdisk/torrc
2026-09-06 04:25:26,832 [INFO] Starte Tor als direkten Prozess: tor -f /mnt/tor_ramdisk/torrc
2026-09-06 04:25:28,833 [INFO] Warte auf Tor-Bootstrap (kann bei europäischen Exit-Nodes einen Moment dauern)...
2026-09-06 04:25:50,703 [INFO] [+] Tor erfolgreich gestartet und zu 100% bootstrapped.
2026-09-06 04:25:50,704 [INFO] [*] IP-Changer gestartet (Rotation alle 120 Sekunden).
2026-09-06 04:25:50,710 [INFO] [Verarbeitung] Tor bootstrapped (100%) – aktiviere DNS-Leak-Schutz & Kill-Switch...
2026-09-06 04:25:50,713 [INFO] [+] /etc/resolv.conf gehärtet und auf lokalen Tor-DNS umgeleitet.
2026-09-06 04:25:50,716 [INFO] [+] DNS-Redirect aktiv: jeder Port-53-Aufruf -> Tor-DNSPort 5353 (kein DNS-Leak).
2026-09-06 04:25:50,722 [INFO] [+] nftables Kill-Switch aktiv (Exklusiver Outbound für Tor-UID 136, DNS-Port 5353).
2026-09-06 04:25:50,722 [INFO] [Verarbeitung] Starte gehärteten Privoxy-Proxy...
2026-09-06 04:25:50,727 [INFO] [+] Gehärtete Privoxy-Config in RAM-Disk erzeugt: /mnt/tor_ramdisk/privoxy.conf
2026-09-06 04:25:50,727 [INFO] Starte Privoxy als direkten Prozess mit RAM-Disk-Config...
2026-09-06 04:25:52,230 [INFO] [+] Privoxy erfolgreich gestartet (Hört auf 0.0.0.0:8118).
2026-09-06 04:25:52,231 [INFO] [Ausgabe] Aktiviere Windows-Systemproxy...
2026-09-06 04:25:52,231 [INFO] Setze Windows-Systemproxy auf 172.23.220.58:8118...
2026-09-06 04:25:52,474 [INFO] [+] Windows-Systemproxy erfolgreich aktiviert (172.23.220.58:8118).
2026-09-06 04:25:52,475 [INFO] [SUCCESS] Tor Suite ist aktiv!
2026-09-06 04:25:52,476 [INFO]  - Privoxy Proxy: 172.23.220.58:8118
2026-09-06 04:25:52,477 [INFO]  - Tor Relay ORPort: 8443
2026-09-06 04:25:52,478 [INFO]  - IP-Rotation: Alle 120 Sekunden
2026-09-06 04:25:52,479 [INFO]  - Spurenschutz: Aktive 256MB RAM-Disk (tmpfs) + nftables Kill-Switch
2026-09-06 04:26:38,241 [INFO] [Cleanup] Fahre Cyberdeck Tor Suite herunter...
2026-09-06 04:26:38,241 [INFO] Deaktiviere Windows-Systemproxy...
2026-09-06 04:26:38,488 [INFO] [+] Windows-Systemproxy erfolgreich deaktiviert.
2026-09-06 04:26:38,489 [INFO] Entferne temporäre Windows-Firewall-Regeln...
2026-09-06 04:26:40,261 [INFO] [+] Windows-Firewall-Regeln sauber gelöscht.
2026-09-06 04:26:40,298 [INFO] [+] DNS-Redirect-Tabelle erfolgreich entfernt.
2026-09-06 04:26:40,306 [INFO] [+] nftables Kill-Switch Tabelle erfolgreich gelöscht.
2026-09-06 04:26:40,308 [INFO] [+] Ursprüngliche /etc/resolv.conf wiederhergestellt.
2026-09-06 04:26:40,309 [INFO] Stoppe Privoxy-Dienst...
2026-09-06 04:26:40,310 [INFO] [+] Privoxy sauber beendet.
2026-09-06 04:26:40,310 [INFO] Stoppe Tor-Prozess und IP-Changer...
2026-09-06 04:26:40,483 [INFO] [+] Tor-Prozess sauber beendet.
2026-09-06 04:26:40,484 [INFO] Stoppe tor@default...
2026-09-06 04:26:40,492 [INFO] Prüfe auf verwaiste Tor-Prozesse und gebe Ports frei...
2026-09-06 04:26:41,002 [INFO] [+] tor@default beendet.
2026-09-06 04:26:41,003 [INFO] Unmounte RAM-Disk unter /mnt/tor_ramdisk...
2026-09-06 04:26:41,030 [INFO] [+] RAM-Disk sauber unmountet und Spuren beseitigt.
2026-09-06 04:26:41,031 [INFO] [+] Shutdown abgeschlossen. Sämtliche temporären Daten wurden aus dem RAM gelöscht.
2026-09-06 04:35:26,177 [INFO] [Vorbereitung] Entferne ggf. übrig gebliebenen Windows-Systemproxy (Stale-State)...
2026-09-06 04:35:26,178 [INFO] Deaktiviere Windows-Systemproxy...
2026-09-06 04:35:26,445 [INFO] [+] Windows-Systemproxy erfolgreich deaktiviert.
2026-09-06 04:35:26,447 [INFO] [Eingabe] Prüfe Systemvoraussetzungen...
2026-09-06 04:35:26,451 [INFO] [+] Systemcheck erfolgreich. WSL-IP ermittelt: 172.23.220.58
2026-09-06 04:35:26,452 [INFO] [Verarbeitung] Initialisiere 256MB RAM-Disk (tmpfs)...
2026-09-06 04:35:26,455 [INFO] Mounte 256MB tmpfs auf /mnt/tor_ramdisk...
2026-09-06 04:35:26,460 [INFO] [+] RAM-Disk erfolgreich gemountet.
2026-09-06 04:35:26,461 [INFO] [+] Unterstrukturen für Tor (/mnt/tor_ramdisk/tor_data) und Privoxy (/mnt/tor_ramdisk/privoxy) vorbereitet.
2026-09-06 04:35:26,462 [INFO] [Verarbeitung] Erzeuge dynamische Konfigurationsdateien in der RAM-Disk...
2026-09-06 04:35:26,740 [INFO] [+] Dynamische torrc erfolgreich in RAM-Disk erzeugt: /mnt/tor_ramdisk/torrc
2026-09-06 04:35:26,746 [INFO] [+] Gehärtete Privoxy-Config in RAM-Disk erzeugt: /mnt/tor_ramdisk/privoxy.conf
2026-09-06 04:35:26,747 [INFO] [Verarbeitung] Wende strikte POSIX-Sicherheitsrechte an...
2026-09-06 04:35:26,748 [INFO] Setze strikte Dateirechte & erstelle Systempfade...
2026-09-06 04:35:26,749 [INFO] [+] Pfad /mnt/tor_ramdisk/torrc mit Rechte 0600 & User-UID 136 vorbereitet.
2026-09-06 04:35:26,750 [INFO] [Verarbeitung] Konfiguriere Windows Defender Firewall-Regeln...
2026-09-06 04:35:26,751 [INFO] Konfiguriere Windows-Firewall-Regeln für Ports 8118 (Privoxy) & 8443 (ORPort)...
2026-09-06 04:35:28,749 [INFO] [+] Firewall-Regeln erfolgreich gesetzt (8118 & 8443 TCP).
2026-09-06 04:35:28,750 [INFO] [Verarbeitung] Bereinige verwaiste Tor-Prozesse und aktiviere Tor-Dienst...
2026-09-06 04:35:28,751 [INFO] Stoppe System-Tor-Instanz (tor@default)...
2026-09-06 04:35:28,758 [INFO] Prüfe auf verwaiste Tor-Prozesse und gebe Ports frei...
2026-09-06 04:35:29,268 [INFO] [+] System-Tor gestoppt – Ports frei für den Suite-eigenen Tor (RAM-Disk).
2026-09-06 04:35:29,269 [INFO] [Verarbeitung] Starte Tor-Dienst und Stealth-Relay (warte auf Bootstrap 100%)...
2026-09-06 04:35:29,273 [INFO] [+] Dynamische torrc erfolgreich in RAM-Disk erzeugt: /mnt/tor_ramdisk/torrc
2026-09-06 04:35:29,276 [INFO] Starte Tor als direkten Prozess: tor -f /mnt/tor_ramdisk/torrc
2026-09-06 04:35:31,277 [INFO] Warte auf Tor-Bootstrap (kann bei europäischen Exit-Nodes einen Moment dauern)...
2026-09-06 04:35:55,226 [INFO] [+] Tor erfolgreich gestartet und zu 100% bootstrapped.
2026-09-06 04:35:55,227 [INFO] [*] IP-Changer gestartet (Rotation alle 120 Sekunden).
2026-09-06 04:35:55,233 [INFO] [Verarbeitung] Tor bootstrapped (100%) – aktiviere DNS-Leak-Schutz & Kill-Switch...
2026-09-06 04:35:55,238 [INFO] [+] /etc/resolv.conf gehärtet und auf lokalen Tor-DNS umgeleitet.
2026-09-06 04:35:55,242 [INFO] [+] DNS-Redirect aktiv: jeder Port-53-Aufruf -> Tor-DNSPort 5353 (kein DNS-Leak).
2026-09-06 04:35:55,246 [INFO] [+] nftables Kill-Switch aktiv (Exklusiver Outbound für Tor-UID 136, DNS-Port 5353).
2026-09-06 04:35:55,247 [INFO] [Verarbeitung] Starte gehärteten Privoxy-Proxy...
2026-09-06 04:35:55,252 [INFO] [+] Gehärtete Privoxy-Config in RAM-Disk erzeugt: /mnt/tor_ramdisk/privoxy.conf
2026-09-06 04:35:55,253 [INFO] Starte Privoxy als direkten Prozess mit RAM-Disk-Config...
2026-09-06 04:35:56,757 [INFO] [+] Privoxy erfolgreich gestartet (Hört auf 0.0.0.0:8118).
2026-09-06 04:35:56,758 [INFO] [Ausgabe] Aktiviere Windows-Systemproxy...
2026-09-06 04:35:56,759 [INFO] Setze Windows-Systemproxy auf 172.23.220.58:8118...
2026-09-06 04:35:56,993 [INFO] [+] Windows-Systemproxy erfolgreich aktiviert (172.23.220.58:8118).
2026-09-06 04:35:56,995 [INFO] [SUCCESS] Tor Suite ist aktiv!
2026-09-06 04:35:56,995 [INFO]  - Privoxy Proxy: 172.23.220.58:8118
2026-09-06 04:35:56,996 [INFO]  - Tor Relay ORPort: 8443
2026-09-06 04:35:56,997 [INFO]  - IP-Rotation: Alle 120 Sekunden
2026-09-06 04:35:56,998 [INFO]  - Spurenschutz: Aktive 256MB RAM-Disk (tmpfs) + nftables Kill-Switch
2026-09-06 04:37:55,266 [INFO] [+] Signal NEWNYM gesendet: Tor Exit-IP gewechselt.
2026-09-06 04:39:55,294 [INFO] [+] Signal NEWNYM gesendet: Tor Exit-IP gewechselt.
2026-09-06 04:41:55,325 [INFO] [+] Signal NEWNYM gesendet: Tor Exit-IP gewechselt.
2026-09-06 04:43:55,356 [INFO] [+] Signal NEWNYM gesendet: Tor Exit-IP gewechselt.
2026-09-06 04:45:56,739 [INFO] [+] Signal NEWNYM gesendet: Tor Exit-IP gewechselt.
2026-09-06 04:47:56,768 [INFO] [+] Signal NEWNYM gesendet: Tor Exit-IP gewechselt.
2026-09-06 04:49:56,807 [INFO] [+] Signal NEWNYM gesendet: Tor Exit-IP gewechselt.
2026-09-06 04:51:58,947 [INFO] [+] Signal NEWNYM gesendet: Tor Exit-IP gewechselt.
2026-09-06 04:53:58,978 [INFO] [+] Signal NEWNYM gesendet: Tor Exit-IP gewechselt.
2026-09-06 04:55:59,005 [INFO] [+] Signal NEWNYM gesendet: Tor Exit-IP gewechselt.
2026-09-06 04:57:59,036 [INFO] [+] Signal NEWNYM gesendet: Tor Exit-IP gewechselt.
2026-09-06 04:59:59,066 [INFO] [+] Signal NEWNYM gesendet: Tor Exit-IP gewechselt.
2026-09-06 05:02:01,272 [INFO] [+] Signal NEWNYM gesendet: Tor Exit-IP gewechselt.
2026-09-06 05:04:01,311 [INFO] [+] Signal NEWNYM gesendet: Tor Exit-IP gewechselt.
2026-09-06 05:06:01,341 [INFO] [+] Signal NEWNYM gesendet: Tor Exit-IP gewechselt.
2026-09-06 05:08:01,372 [INFO] [+] Signal NEWNYM gesendet: Tor Exit-IP gewechselt.
2026-09-06 05:10:03,537 [INFO] [+] Signal NEWNYM gesendet: Tor Exit-IP gewechselt.
2026-09-06 05:12:03,572 [INFO] [+] Signal NEWNYM gesendet: Tor Exit-IP gewechselt.
2026-09-06 05:14:03,598 [INFO] [+] Signal NEWNYM gesendet: Tor Exit-IP gewechselt.
2026-09-06 05:16:03,625 [INFO] [+] Signal NEWNYM gesendet: Tor Exit-IP gewechselt.
2026-09-06 05:18:05,813 [INFO] [+] Signal NEWNYM gesendet: Tor Exit-IP gewechselt.
2026-09-06 05:20:05,853 [INFO] [+] Signal NEWNYM gesendet: Tor Exit-IP gewechselt.
2026-09-06 05:22:05,879 [INFO] [+] Signal NEWNYM gesendet: Tor Exit-IP gewechselt.
2026-09-06 05:24:08,056 [INFO] [+] Signal NEWNYM gesendet: Tor Exit-IP gewechselt.
2026-09-06 05:26:08,085 [INFO] [+] Signal NEWNYM gesendet: Tor Exit-IP gewechselt.
2026-09-06 05:28:08,099 [ERROR] [-] Fehler beim Verbinden mit ControlPort (9051): [Errno 111] Connection refused
2026-09-06 05:28:33,611 [INFO] [Cleanup] Fahre Cyberdeck Tor Suite herunter...
2026-09-06 05:28:33,612 [INFO] Deaktiviere Windows-Systemproxy...
2026-09-06 05:28:33,850 [INFO] [+] Windows-Systemproxy erfolgreich deaktiviert.
2026-09-06 05:28:33,852 [INFO] Entferne temporäre Windows-Firewall-Regeln...
2026-09-06 05:28:35,640 [INFO] [+] Windows-Firewall-Regeln sauber gelöscht.
2026-09-06 05:28:35,667 [INFO] [+] DNS-Redirect-Tabelle erfolgreich entfernt.
2026-09-06 05:28:35,691 [INFO] [+] nftables Kill-Switch Tabelle erfolgreich gelöscht.
2026-09-06 05:28:35,695 [INFO] [+] Ursprüngliche /etc/resolv.conf wiederhergestellt.
2026-09-06 05:28:35,696 [INFO] Stoppe Privoxy-Dienst...
2026-09-06 05:28:35,697 [INFO] [+] Privoxy sauber beendet.
2026-09-06 05:28:35,698 [INFO] Stoppe Tor-Prozess und IP-Changer...
2026-09-06 05:28:35,705 [INFO] [+] Tor-Prozess sauber beendet.
2026-09-06 05:28:35,706 [INFO] Stoppe tor@default...
2026-09-06 05:28:35,712 [INFO] Prüfe auf verwaiste Tor-Prozesse und gebe Ports frei...
2026-09-06 05:28:36,222 [INFO] [+] tor@default beendet.
2026-09-06 05:28:36,224 [INFO] Unmounte RAM-Disk unter /mnt/tor_ramdisk...
2026-09-06 05:28:36,229 [INFO] [+] RAM-Disk sauber unmountet und Spuren beseitigt.
2026-09-06 05:28:36,230 [INFO] [+] Shutdown abgeschlossen. Sämtliche temporären Daten wurden aus dem RAM gelöscht.
2026-09-06 05:28:37,182 [INFO] [Vorbereitung] Entferne ggf. übrig gebliebenen Windows-Systemproxy (Stale-State)...
2026-09-06 05:28:37,183 [INFO] Deaktiviere Windows-Systemproxy...
2026-09-06 05:28:37,408 [INFO] [+] Windows-Systemproxy erfolgreich deaktiviert.
2026-09-06 05:28:37,409 [INFO] [Eingabe] Prüfe Systemvoraussetzungen...
2026-09-06 05:28:37,414 [INFO] [+] Systemcheck erfolgreich. WSL-IP ermittelt: 172.23.220.58
2026-09-06 05:28:37,415 [INFO] [Verarbeitung] Initialisiere 256MB RAM-Disk (tmpfs)...
2026-09-06 05:28:37,416 [INFO] Mounte 256MB tmpfs auf /mnt/tor_ramdisk...
2026-09-06 05:28:37,419 [INFO] [+] RAM-Disk erfolgreich gemountet.
2026-09-06 05:28:37,421 [INFO] [+] Unterstrukturen für Tor (/mnt/tor_ramdisk/tor_data) und Privoxy (/mnt/tor_ramdisk/privoxy) vorbereitet.
2026-09-06 05:28:37,422 [INFO] [Verarbeitung] Erzeuge dynamische Konfigurationsdateien in der RAM-Disk...
2026-09-06 05:28:37,670 [INFO] [+] Dynamische torrc erfolgreich in RAM-Disk erzeugt: /mnt/tor_ramdisk/torrc
2026-09-06 05:28:37,679 [INFO] [+] Privoxy user.action (Härtung) in RAM-Disk erzeugt: /mnt/tor_ramdisk/user.action
2026-09-06 05:28:37,680 [INFO] [+] Gehärtete Privoxy-Config in RAM-Disk erzeugt: /mnt/tor_ramdisk/privoxy.conf
2026-09-06 05:28:37,680 [INFO] [Verarbeitung] Wende strikte POSIX-Sicherheitsrechte an...
2026-09-06 05:28:37,681 [INFO] Setze strikte Dateirechte & erstelle Systempfade...
2026-09-06 05:28:37,682 [INFO] [+] Pfad /mnt/tor_ramdisk/torrc mit Rechte 0600 & User-UID 136 vorbereitet.
2026-09-06 05:28:37,683 [INFO] [Verarbeitung] Konfiguriere Windows Defender Firewall-Regeln...
2026-09-06 05:28:37,684 [INFO] Konfiguriere Windows-Firewall-Regeln für Ports 8118 (Privoxy) & 8443 (ORPort)...
2026-09-06 05:28:39,380 [INFO] [+] Firewall-Regeln erfolgreich gesetzt (8118 & 8443 TCP).
2026-09-06 05:28:39,382 [INFO] [Verarbeitung] Bereinige verwaiste Tor-Prozesse und aktiviere Tor-Dienst...
2026-09-06 05:28:39,383 [INFO] Stoppe System-Tor-Instanz (tor@default)...
2026-09-06 05:28:39,389 [INFO] Prüfe auf verwaiste Tor-Prozesse und gebe Ports frei...
2026-09-06 05:28:39,900 [INFO] [+] System-Tor gestoppt – Ports frei für den Suite-eigenen Tor (RAM-Disk).
2026-09-06 05:28:39,901 [INFO] [Verarbeitung] Starte Tor-Dienst und Stealth-Relay (warte auf Bootstrap 100%)...
2026-09-06 05:28:39,906 [INFO] [+] Dynamische torrc erfolgreich in RAM-Disk erzeugt: /mnt/tor_ramdisk/torrc
2026-09-06 05:28:39,908 [INFO] Starte Tor als direkten Prozess: tor -f /mnt/tor_ramdisk/torrc
2026-09-06 05:28:41,910 [INFO] Warte auf Tor-Bootstrap (kann bei europäischen Exit-Nodes einen Moment dauern)...
2026-09-06 05:28:52,991 [INFO] [+] Tor erfolgreich gestartet und zu 100% bootstrapped.
2026-09-06 05:28:52,992 [INFO] [*] IP-Changer gestartet (Rotation alle 120 Sekunden).
2026-09-06 05:28:52,998 [INFO] [Verarbeitung] Tor bootstrapped (100%) – aktiviere DNS-Leak-Schutz & Kill-Switch...
2026-09-06 05:28:53,001 [INFO] [+] /etc/resolv.conf gehärtet und auf lokalen Tor-DNS umgeleitet.
2026-09-06 05:28:53,005 [INFO] [+] DNS-Redirect aktiv: jeder Port-53-Aufruf -> Tor-DNSPort 5353 (kein DNS-Leak).
2026-09-06 05:28:53,009 [INFO] [+] nftables Kill-Switch aktiv (Exklusiver Outbound für Tor-UID 136, DNS-Port 5353).
2026-09-06 05:28:53,010 [INFO] [Verarbeitung] Starte gehärteten Privoxy-Proxy...
2026-09-06 05:28:53,019 [INFO] [+] Privoxy user.action (Härtung) in RAM-Disk erzeugt: /mnt/tor_ramdisk/user.action
2026-09-06 05:28:53,019 [INFO] [+] Gehärtete Privoxy-Config in RAM-Disk erzeugt: /mnt/tor_ramdisk/privoxy.conf
2026-09-06 05:28:53,020 [INFO] Starte Privoxy als direkten Prozess mit RAM-Disk-Config...
2026-09-06 05:28:56,676 [INFO] [+] Privoxy erfolgreich gestartet (Hört auf 0.0.0.0:8118).
2026-09-06 05:28:56,677 [INFO] [Ausgabe] Aktiviere Windows-Systemproxy...
2026-09-06 05:28:56,678 [INFO] Setze Windows-Systemproxy auf 172.23.220.58:8118...
2026-09-06 05:28:56,945 [INFO] [+] Windows-Systemproxy erfolgreich aktiviert (172.23.220.58:8118).
2026-09-06 05:28:56,947 [INFO] [SUCCESS] Tor Suite ist aktiv!
2026-09-06 05:28:56,949 [INFO]  - Privoxy Proxy: 172.23.220.58:8118
2026-09-06 05:28:56,950 [INFO]  - Tor Relay ORPort: 8443
2026-09-06 05:28:56,951 [INFO]  - IP-Rotation: Alle 120 Sekunden
2026-09-06 05:28:56,952 [INFO]  - Spurenschutz: Aktive 256MB RAM-Disk (tmpfs) + nftables Kill-Switch
2026-09-06 05:30:55,178 [INFO] [+] Signal NEWNYM gesendet: Tor Exit-IP gewechselt.
2026-09-06 05:32:55,203 [INFO] [+] Signal NEWNYM gesendet: Tor Exit-IP gewechselt.
2026-09-06 05:34:55,226 [INFO] [+] Signal NEWNYM gesendet: Tor Exit-IP gewechselt.
2026-09-06 05:36:55,248 [INFO] [+] Signal NEWNYM gesendet: Tor Exit-IP gewechselt.
2026-09-06 05:38:57,430 [INFO] [+] Signal NEWNYM gesendet: Tor Exit-IP gewechselt.
2026-09-06 05:40:57,460 [INFO] [+] Signal NEWNYM gesendet: Tor Exit-IP gewechselt.
2026-09-06 05:42:57,496 [INFO] [+] Signal NEWNYM gesendet: Tor Exit-IP gewechselt.
2026-09-06 05:44:59,473 [INFO] [+] Signal NEWNYM gesendet: Tor Exit-IP gewechselt.
2026-09-06 05:46:59,499 [INFO] [+] Signal NEWNYM gesendet: Tor Exit-IP gewechselt.
2026-09-06 05:48:59,521 [INFO] [+] Signal NEWNYM gesendet: Tor Exit-IP gewechselt.
2026-09-06 05:50:47,490 [INFO] [Cleanup] Fahre Cyberdeck Tor Suite herunter...
2026-09-06 05:50:47,492 [INFO] Deaktiviere Windows-Systemproxy...
2026-09-06 05:50:47,744 [INFO] [+] Windows-Systemproxy erfolgreich deaktiviert.
2026-09-06 05:50:47,745 [INFO] Entferne temporäre Windows-Firewall-Regeln...
2026-09-06 05:50:49,466 [INFO] [+] Windows-Firewall-Regeln sauber gelöscht.
2026-09-06 05:50:49,491 [INFO] [+] DNS-Redirect-Tabelle erfolgreich entfernt.
2026-09-06 05:50:49,515 [INFO] [+] nftables Kill-Switch Tabelle erfolgreich gelöscht.
2026-09-06 05:50:49,520 [INFO] [+] Ursprüngliche /etc/resolv.conf wiederhergestellt.
2026-09-06 05:50:49,521 [INFO] Stoppe Privoxy-Dienst...
2026-09-06 05:50:49,523 [INFO] [+] Privoxy sauber beendet.
2026-09-06 05:50:49,524 [INFO] Stoppe Tor-Prozess und IP-Changer...
2026-09-06 05:50:52,804 [INFO] [+] Tor-Prozess sauber beendet.
2026-09-06 05:50:52,805 [INFO] Stoppe tor@default...
2026-09-06 05:50:52,812 [INFO] Prüfe auf verwaiste Tor-Prozesse und gebe Ports frei...
2026-09-06 05:50:53,322 [INFO] [+] tor@default beendet.
2026-09-06 05:50:53,323 [INFO] Unmounte RAM-Disk unter /mnt/tor_ramdisk...
2026-09-06 05:50:53,345 [INFO] [+] RAM-Disk sauber unmountet und Spuren beseitigt.
2026-09-06 05:50:53,346 [INFO] [+] Shutdown abgeschlossen. Sämtliche temporären Daten wurden aus dem RAM gelöscht.
2026-09-06 05:50:59,825 [INFO] [Vorbereitung] Entferne ggf. übrig gebliebenen Windows-Systemproxy (Stale-State)...
2026-09-06 05:50:59,826 [INFO] Deaktiviere Windows-Systemproxy...
2026-09-06 05:51:00,051 [INFO] [+] Windows-Systemproxy erfolgreich deaktiviert.
2026-09-06 05:51:00,052 [INFO] [Eingabe] Prüfe Systemvoraussetzungen...
2026-09-06 05:51:00,056 [INFO] [+] Systemcheck erfolgreich. WSL-IP ermittelt: 172.23.220.58
2026-09-06 05:51:00,057 [INFO] [Verarbeitung] Initialisiere 256MB RAM-Disk (tmpfs)...
2026-09-06 05:51:00,059 [INFO] Mounte 256MB tmpfs auf /mnt/tor_ramdisk...
2026-09-06 05:51:00,062 [INFO] [+] RAM-Disk erfolgreich gemountet.
2026-09-06 05:51:00,063 [INFO] [+] Unterstrukturen für Tor (/mnt/tor_ramdisk/tor_data) und Privoxy (/mnt/tor_ramdisk/privoxy) vorbereitet.
2026-09-06 05:51:00,064 [INFO] [Verarbeitung] Erzeuge dynamische Konfigurationsdateien in der RAM-Disk...
2026-09-06 05:51:00,307 [INFO] [+] Dynamische torrc erfolgreich in RAM-Disk erzeugt: /mnt/tor_ramdisk/torrc
2026-09-06 05:51:00,316 [INFO] [+] Privoxy user.action (Härtung) in RAM-Disk erzeugt: /mnt/tor_ramdisk/user.action
2026-09-06 05:51:00,317 [INFO] [+] Gehärtete Privoxy-Config in RAM-Disk erzeugt: /mnt/tor_ramdisk/privoxy.conf
2026-09-06 05:51:00,318 [INFO] [Verarbeitung] Wende strikte POSIX-Sicherheitsrechte an...
2026-09-06 05:51:00,319 [INFO] Setze strikte Dateirechte & erstelle Systempfade...
2026-09-06 05:51:00,319 [INFO] [+] Pfad /mnt/tor_ramdisk/torrc mit Rechte 0600 & User-UID 136 vorbereitet.
2026-09-06 05:51:00,320 [INFO] [Verarbeitung] Konfiguriere Windows Defender Firewall-Regeln...
2026-09-06 05:51:00,321 [INFO] Konfiguriere Windows-Firewall-Regeln für Ports 8118 (Privoxy) & 8443 (ORPort)...
2026-09-06 05:51:01,983 [INFO] [+] Firewall-Regeln erfolgreich gesetzt (8118 & 8443 TCP).
2026-09-06 05:51:01,985 [INFO] [Verarbeitung] Bereinige verwaiste Tor-Prozesse und aktiviere Tor-Dienst...
2026-09-06 05:51:01,985 [INFO] Stoppe System-Tor-Instanz (tor@default)...
2026-09-06 05:51:01,992 [INFO] Prüfe auf verwaiste Tor-Prozesse und gebe Ports frei...
2026-09-06 05:51:02,502 [INFO] [+] System-Tor gestoppt – Ports frei für den Suite-eigenen Tor (RAM-Disk).
2026-09-06 05:51:02,503 [INFO] [Verarbeitung] Starte Tor-Dienst und Stealth-Relay (warte auf Bootstrap 100%)...
2026-09-06 05:51:02,508 [INFO] [+] Dynamische torrc erfolgreich in RAM-Disk erzeugt: /mnt/tor_ramdisk/torrc
2026-09-06 05:51:02,510 [INFO] Starte Tor als direkten Prozess: tor -f /mnt/tor_ramdisk/torrc
2026-09-06 05:51:04,511 [INFO] Warte auf Tor-Bootstrap (kann bei europäischen Exit-Nodes einen Moment dauern)...
2026-09-06 05:51:17,192 [INFO] [+] Tor erfolgreich gestartet und zu 100% bootstrapped.
2026-09-06 05:51:17,193 [INFO] [*] IP-Changer gestartet (Rotation alle 120 Sekunden).
2026-09-06 05:51:17,198 [INFO] [Verarbeitung] Tor bootstrapped (100%) – aktiviere DNS-Leak-Schutz & Kill-Switch...
2026-09-06 05:51:17,203 [INFO] [+] /etc/resolv.conf gehärtet und auf lokalen Tor-DNS umgeleitet.
2026-09-06 05:51:17,207 [INFO] [+] DNS-Redirect aktiv: jeder Port-53-Aufruf -> Tor-DNSPort 5353 (kein DNS-Leak).
2026-09-06 05:51:17,212 [INFO] [+] nftables Kill-Switch aktiv (Exklusiver Outbound für Tor-UID 136, DNS-Port 5353).
2026-09-06 05:51:17,213 [INFO] [Verarbeitung] Starte gehärteten Privoxy-Proxy...
2026-09-06 05:51:17,221 [INFO] [+] Privoxy user.action (Härtung) in RAM-Disk erzeugt: /mnt/tor_ramdisk/user.action
2026-09-06 05:51:17,222 [INFO] [+] Gehärtete Privoxy-Config in RAM-Disk erzeugt: /mnt/tor_ramdisk/privoxy.conf
2026-09-06 05:51:17,223 [INFO] Starte Privoxy als direkten Prozess mit RAM-Disk-Config...
2026-09-06 05:51:18,726 [INFO] [+] Privoxy erfolgreich gestartet (Hört auf 0.0.0.0:8118).
2026-09-06 05:51:18,727 [INFO] [Ausgabe] Aktiviere Windows-Systemproxy...
2026-09-06 05:51:18,728 [INFO] Setze Windows-Systemproxy auf 172.23.220.58:8118...
2026-09-06 05:51:18,985 [INFO] [+] Windows-Systemproxy erfolgreich aktiviert (172.23.220.58:8118).
2026-09-06 05:51:18,986 [INFO] [SUCCESS] Tor Suite ist aktiv!
2026-09-06 05:51:18,988 [INFO]  - Privoxy Proxy: 172.23.220.58:8118
2026-09-06 05:51:18,989 [INFO]  - Tor Relay ORPort: 8443
2026-09-06 05:51:18,990 [INFO]  - IP-Rotation: Alle 120 Sekunden
2026-09-06 05:51:18,991 [INFO]  - Spurenschutz: Aktive 256MB RAM-Disk (tmpfs) + nftables Kill-Switch
2026-09-06 05:53:17,221 [INFO] [+] Signal NEWNYM gesendet: Tor Exit-IP gewechselt.
2026-09-06 05:55:17,245 [INFO] [+] Signal NEWNYM gesendet: Tor Exit-IP gewechselt.
2026-09-06 05:57:19,443 [INFO] [+] Signal NEWNYM gesendet: Tor Exit-IP gewechselt.
2026-09-06 05:59:19,465 [INFO] [+] Signal NEWNYM gesendet: Tor Exit-IP gewechselt.
2026-09-06 06:01:19,487 [INFO] [+] Signal NEWNYM gesendet: Tor Exit-IP gewechselt.
2026-09-06 06:03:19,517 [INFO] [+] Signal NEWNYM gesendet: Tor Exit-IP gewechselt.
2026-09-06 06:05:19,539 [INFO] [+] Signal NEWNYM gesendet: Tor Exit-IP gewechselt.
2026-09-06 06:07:21,476 [INFO] [+] Signal NEWNYM gesendet: Tor Exit-IP gewechselt.
2026-09-06 06:09:21,497 [INFO] [+] Signal NEWNYM gesendet: Tor Exit-IP gewechselt.
2026-09-06 06:11:21,520 [INFO] [+] Signal NEWNYM gesendet: Tor Exit-IP gewechselt.
2026-09-06 06:13:26,539 [ERROR] [-] Fehler beim Verbinden mit ControlPort (9051): timed out
2026-09-06 06:15:28,070 [INFO] [+] Signal NEWNYM gesendet: Tor Exit-IP gewechselt.
2026-09-06 06:17:30,291 [INFO] [+] Signal NEWNYM gesendet: Tor Exit-IP gewechselt.
2026-09-06 06:19:30,327 [INFO] [+] Signal NEWNYM gesendet: Tor Exit-IP gewechselt.
2026-09-06 06:21:30,352 [INFO] [+] Signal NEWNYM gesendet: Tor Exit-IP gewechselt.
2026-09-06 06:23:30,382 [INFO] [+] Signal NEWNYM gesendet: Tor Exit-IP gewechselt.
2026-09-06 06:25:32,458 [INFO] [+] Signal NEWNYM gesendet: Tor Exit-IP gewechselt.
2026-09-06 06:27:32,486 [INFO] [+] Signal NEWNYM gesendet: Tor Exit-IP gewechselt.
2026-09-06 06:29:32,512 [INFO] [+] Signal NEWNYM gesendet: Tor Exit-IP gewechselt.
2026-09-06 06:31:32,540 [INFO] [+] Signal NEWNYM gesendet: Tor Exit-IP gewechselt.
2026-09-06 06:33:30,417 [INFO] [Cleanup] Fahre Cyberdeck Tor Suite herunter...
2026-09-06 06:33:30,419 [INFO] Deaktiviere Windows-Systemproxy...
2026-09-06 06:33:30,679 [INFO] [+] Windows-Systemproxy erfolgreich deaktiviert.
2026-09-06 06:33:30,680 [INFO] Entferne temporäre Windows-Firewall-Regeln...
2026-09-06 06:33:32,462 [INFO] [+] Windows-Firewall-Regeln sauber gelöscht.
2026-09-06 06:33:32,499 [INFO] [+] DNS-Redirect-Tabelle erfolgreich entfernt.
2026-09-06 06:33:32,519 [INFO] [+] nftables Kill-Switch Tabelle erfolgreich gelöscht.
2026-09-06 06:33:32,524 [INFO] [+] Ursprüngliche /etc/resolv.conf wiederhergestellt.
2026-09-06 06:33:32,525 [INFO] Stoppe Privoxy-Dienst...
2026-09-06 06:33:32,531 [INFO] [+] Privoxy sauber beendet.
2026-09-06 06:33:32,532 [INFO] Stoppe Tor-Prozess und IP-Changer...
2026-09-06 06:33:35,207 [INFO] [+] Tor-Prozess sauber beendet.
2026-09-06 06:33:35,209 [INFO] Stoppe tor@default...
2026-09-06 06:33:35,216 [INFO] Prüfe auf verwaiste Tor-Prozesse und gebe Ports frei...
2026-09-06 06:33:35,725 [INFO] [+] tor@default beendet.
2026-09-06 06:33:35,727 [INFO] Unmounte RAM-Disk unter /mnt/tor_ramdisk...
2026-09-06 06:33:35,750 [INFO] [+] RAM-Disk sauber unmountet und Spuren beseitigt.
2026-09-06 06:33:35,751 [INFO] [+] Shutdown abgeschlossen. Sämtliche temporären Daten wurden aus dem RAM gelöscht.
