[00:58:46] start_suite.sh
noch nicht root -> sudo -n (NOPASSWD)
[00:58:46] start_suite.sh
gestartet pid=15455 (root)
==================================================================
         CYBERDECK TOR SUITE (WSL2 / RAM-DISK EDITION)          
==================================================================

2026-09-06 00:58:46,715 [INFO] [Eingabe] Prüfe Systemvoraussetzungen...
2026-09-06 00:58:46,719 [INFO] [+] Systemcheck erfolgreich. WSL-IP ermittelt: 172.23.220.58
2026-09-06 00:58:46,720 [INFO] [Verarbeitung] Initialisiere 256MB RAM-Disk (tmpfs)...
2026-09-06 00:58:46,722 [INFO] Mounte 256MB tmpfs auf /mnt/tor_ramdisk...
2026-09-06 00:58:46,726 [INFO] [+] RAM-Disk erfolgreich gemountet.
2026-09-06 00:58:46,727 [INFO] [+] Unterstrukturen für Tor (/mnt/tor_ramdisk/tor_data) und Privoxy (/mnt/tor_ramdisk/privoxy) vorbereitet.
2026-09-06 00:58:46,728 [INFO] [Verarbeitung] Erzeuge dynamische Konfigurationsdateien in der RAM-Disk...
2026-09-06 00:58:46,972 [INFO] [+] Dynamische torrc erfolgreich in RAM-Disk erzeugt: /mnt/tor_ramdisk/torrc
2026-09-06 00:58:46,977 [INFO] [+] Gehärtete Privoxy-Config in RAM-Disk erzeugt: /mnt/tor_ramdisk/privoxy.conf
2026-09-06 00:58:46,978 [INFO] [Verarbeitung] Wende strikte POSIX-Sicherheitsrechte an...
2026-09-06 00:58:46,979 [INFO] Setze strikte Dateirechte & erstelle Systempfade...
2026-09-06 00:58:46,980 [INFO] [+] Pfad /mnt/tor_ramdisk/torrc mit Rechte 0600 & User-UID 136 vorbereitet.
2026-09-06 00:58:46,981 [INFO] [Verarbeitung] Konfiguriere Windows Defender Firewall-Regeln...
2026-09-06 00:58:46,982 [INFO] Konfiguriere Windows-Firewall-Regeln für Ports 8118 (Privoxy) & 8443 (ORPort)...
2026-09-06 00:58:48,708 [INFO] [+] Firewall-Regeln erfolgreich gesetzt (8118 & 8443 TCP).
2026-09-06 00:58:48,709 [INFO] [Verarbeitung] Aktiviere DNS-Leak-Schutz (Redirect 53->5353) & nftables Kill-Switch...
2026-09-06 00:58:48,713 [INFO] [+] /etc/resolv.conf gehärtet und auf lokalen Tor-DNS umgeleitet.
2026-09-06 00:58:48,716 [INFO] [+] DNS-Redirect aktiv: jeder Port-53-Aufruf -> Tor-DNSPort 5353 (kein DNS-Leak).
2026-09-06 00:58:48,720 [INFO] [+] nftables Kill-Switch aktiv (Exklusiver Outbound für Tor-UID 136, DNS-Port 5353).
2026-09-06 00:58:48,721 [INFO] [Verarbeitung] Bereinige verwaiste Tor-Prozesse und aktiviere Tor-Dienst...
2026-09-06 00:58:48,722 [INFO] Stoppe System-Tor-Instanz (tor@default)...
2026-09-06 00:58:48,728 [INFO] Prüfe auf verwaiste Tor-Prozesse und gebe Ports frei...
2026-09-06 00:58:49,238 [INFO] [+] System-Tor gestoppt – Ports frei für den Suite-eigenen Tor (RAM-Disk).
2026-09-06 00:58:49,239 [INFO] [Verarbeitung] Starte Tor-Dienst und Stealth-Relay...
2026-09-06 00:58:49,243 [INFO] [+] Dynamische torrc erfolgreich in RAM-Disk erzeugt: /mnt/tor_ramdisk/torrc
2026-09-06 00:58:49,246 [INFO] Starte Tor als direkten Prozess: tor -f /mnt/tor_ramdisk/torrc
2026-09-06 00:58:51,247 [INFO] Warte auf Tor-Bootstrap (kann bei europäischen Exit-Nodes einen Moment dauern)...
2026-09-06 00:59:13,808 [INFO] [+] Tor erfolgreich gestartet und zu 100% bootstrapped.
2026-09-06 00:59:13,809 [INFO] [*] IP-Changer gestartet (Rotation alle 60 Sekunden).
2026-09-06 00:59:13,814 [INFO] [Verarbeitung] Starte gehärteten Privoxy-Proxy...
2026-09-06 00:59:13,819 [INFO] [+] Gehärtete Privoxy-Config in RAM-Disk erzeugt: /mnt/tor_ramdisk/privoxy.conf
2026-09-06 00:59:13,820 [INFO] Starte Privoxy als direkten Prozess mit RAM-Disk-Config...
2026-09-06 00:59:15,323 [INFO] [+] Privoxy erfolgreich gestartet (Hört auf 0.0.0.0:8118).
2026-09-06 00:59:15,324 [INFO] [Ausgabe] Aktiviere Windows-Systemproxy...
2026-09-06 00:59:15,325 [INFO] Setze Windows-Systemproxy auf 172.23.220.58:8118...
2026-09-06 00:59:15,553 [INFO] [+] Windows-Systemproxy erfolgreich aktiviert (172.23.220.58:8118).

==================================================================
2026-09-06 00:59:15,554 [INFO] [SUCCESS] Tor Suite ist aktiv!
2026-09-06 00:59:15,556 [INFO]  - Privoxy Proxy: 172.23.220.58:8118
2026-09-06 00:59:15,557 [INFO]  - Tor Relay ORPort: 8443
2026-09-06 00:59:15,557 [INFO]  - IP-Rotation: Alle 60 Sekunden
2026-09-06 00:59:15,558 [INFO]  - Spurenschutz: Aktive 256MB RAM-Disk (tmpfs) + nftables Kill-Switch
[00:59:21] start_suite.sh
already-running pid=15455 (kein Doppelstart)
==================================================================
Drücke CTRL+C zum Beenden und sauberen Aufräumen.

2026-09-06 01:00:13,832 [INFO] [+] Signal NEWNYM gesendet: Tor Exit-IP gewechselt.
[01:00:17] stop_suite.sh
SIGTERM gesendet, warte auf sauberen Shutdown...
Cyberdeck Tor Suite herunter...
2026-09-06 01:00:17,740 [INFO] Deaktiviere Windows-Systemproxy...
2026-09-06 01:00:17,984 [INFO] [+] Windows-Systemproxy erfolgreich deaktiviert.
2026-09-06 01:00:17,985 [INFO] Entferne temporäre Windows-Firewall-Regeln...
2026-09-06 01:00:19,707 [INFO] [+] Windows-Firewall-Regeln sauber gelöscht.
2026-09-06 01:00:19,733 [INFO] [+] DNS-Redirect-Tabelle erfolgreich entfernt.
2026-09-06 01:00:19,749 [INFO] [+] nftables Kill-Switch Tabelle erfolgreich gelöscht.
2026-09-06 01:00:19,753 [INFO] [+] Ursprüngliche /etc/resolv.conf wiederhergestellt.
2026-09-06 01:00:19,754 [INFO] Stoppe Privoxy-Dienst...
2026-09-06 01:00:19,757 [INFO] [+] Privoxy sauber beendet.
2026-09-06 01:00:19,758 [INFO] Stoppe Tor-Prozess und IP-Changer...
2026-09-06 01:00:19,933 [INFO] [+] Tor-Prozess sauber beendet.
2026-09-06 01:00:19,934 [INFO] Stoppe tor@default...
2026-09-06 01:00:19,941 [INFO] Prüfe auf verwaiste Tor-Prozesse und gebe Ports frei...
2026-09-06 01:00:20,457 [INFO] [+] tor@default beendet.
2026-09-06 01:00:20,458 [INFO] Unmounte RAM-Disk unter /mnt/tor_ramdisk...
2026-09-06 01:00:20,480 [INFO] [+] RAM-Disk sauber unmountet und Spuren beseitigt.
2026-09-06 01:00:20,481 [INFO] [+] Shutdown abgeschlossen. Sämtliche temporären Daten wurden aus dem RAM gelöscht.
Suite gestoppt.
[01:03:22] start_suite.sh
noch nicht root -> sudo -n (NOPASSWD)
[01:03:22] start_suite.sh
gestartet pid=338720 (root)
==================================================================
         CYBERDECK TOR SUITE (WSL2 / RAM-DISK EDITION)          
==================================================================

2026-09-06 01:03:22,902 [INFO] [Eingabe] Prüfe Systemvoraussetzungen...
2026-09-06 01:03:22,906 [INFO] [+] Systemcheck erfolgreich. WSL-IP ermittelt: 172.23.220.58
2026-09-06 01:03:22,908 [INFO] [Verarbeitung] Initialisiere 256MB RAM-Disk (tmpfs)...
2026-09-06 01:03:22,910 [INFO] Mounte 256MB tmpfs auf /mnt/tor_ramdisk...
2026-09-06 01:03:22,914 [INFO] [+] RAM-Disk erfolgreich gemountet.
2026-09-06 01:03:22,915 [INFO] [+] Unterstrukturen für Tor (/mnt/tor_ramdisk/tor_data) und Privoxy (/mnt/tor_ramdisk/privoxy) vorbereitet.
2026-09-06 01:03:22,916 [INFO] [Verarbeitung] Erzeuge dynamische Konfigurationsdateien in der RAM-Disk...
2026-09-06 01:03:23,180 [INFO] [+] Dynamische torrc erfolgreich in RAM-Disk erzeugt: /mnt/tor_ramdisk/torrc
2026-09-06 01:03:23,185 [INFO] [+] Gehärtete Privoxy-Config in RAM-Disk erzeugt: /mnt/tor_ramdisk/privoxy.conf
2026-09-06 01:03:23,186 [INFO] [Verarbeitung] Wende strikte POSIX-Sicherheitsrechte an...
2026-09-06 01:03:23,187 [INFO] Setze strikte Dateirechte & erstelle Systempfade...
2026-09-06 01:03:23,188 [INFO] [+] Pfad /mnt/tor_ramdisk/torrc mit Rechte 0600 & User-UID 136 vorbereitet.
2026-09-06 01:03:23,190 [INFO] [Verarbeitung] Konfiguriere Windows Defender Firewall-Regeln...
2026-09-06 01:03:23,191 [INFO] Konfiguriere Windows-Firewall-Regeln für Ports 8118 (Privoxy) & 8443 (ORPort)...
2026-09-06 01:03:25,012 [INFO] [+] Firewall-Regeln erfolgreich gesetzt (8118 & 8443 TCP).
2026-09-06 01:03:25,013 [INFO] [Verarbeitung] Aktiviere DNS-Leak-Schutz (Redirect 53->5353) & nftables Kill-Switch...
2026-09-06 01:03:25,016 [INFO] [+] /etc/resolv.conf gehärtet und auf lokalen Tor-DNS umgeleitet.
2026-09-06 01:03:25,020 [INFO] [+] DNS-Redirect aktiv: jeder Port-53-Aufruf -> Tor-DNSPort 5353 (kein DNS-Leak).
2026-09-06 01:03:25,026 [INFO] [+] nftables Kill-Switch aktiv (Exklusiver Outbound für Tor-UID 136, DNS-Port 5353).
2026-09-06 01:03:25,027 [INFO] [Verarbeitung] Bereinige verwaiste Tor-Prozesse und aktiviere Tor-Dienst...
2026-09-06 01:03:25,028 [INFO] Stoppe System-Tor-Instanz (tor@default)...
2026-09-06 01:03:25,035 [INFO] Prüfe auf verwaiste Tor-Prozesse und gebe Ports frei...
2026-09-06 01:03:25,549 [INFO] [+] System-Tor gestoppt – Ports frei für den Suite-eigenen Tor (RAM-Disk).
2026-09-06 01:03:25,550 [INFO] [Verarbeitung] Starte Tor-Dienst und Stealth-Relay...
2026-09-06 01:03:25,555 [INFO] [+] Dynamische torrc erfolgreich in RAM-Disk erzeugt: /mnt/tor_ramdisk/torrc
2026-09-06 01:03:25,558 [INFO] Starte Tor als direkten Prozess: tor -f /mnt/tor_ramdisk/torrc
2026-09-06 01:03:27,559 [INFO] Warte auf Tor-Bootstrap (kann bei europäischen Exit-Nodes einen Moment dauern)...
2026-09-06 01:03:43,834 [INFO] [+] Tor erfolgreich gestartet und zu 100% bootstrapped.
2026-09-06 01:03:43,835 [INFO] [*] IP-Changer gestartet (Rotation alle 60 Sekunden).
2026-09-06 01:03:43,841 [INFO] [Verarbeitung] Starte gehärteten Privoxy-Proxy...
2026-09-06 01:03:43,846 [INFO] [+] Gehärtete Privoxy-Config in RAM-Disk erzeugt: /mnt/tor_ramdisk/privoxy.conf
2026-09-06 01:03:43,847 [INFO] Starte Privoxy als direkten Prozess mit RAM-Disk-Config...
2026-09-06 01:03:45,350 [INFO] [+] Privoxy erfolgreich gestartet (Hört auf 0.0.0.0:8118).
2026-09-06 01:03:45,351 [INFO] [Ausgabe] Aktiviere Windows-Systemproxy...
2026-09-06 01:03:45,352 [INFO] Setze Windows-Systemproxy auf 172.23.220.58:8118...
2026-09-06 01:03:45,583 [INFO] [+] Windows-Systemproxy erfolgreich aktiviert (172.23.220.58:8118).

==================================================================
2026-09-06 01:03:45,584 [INFO] [SUCCESS] Tor Suite ist aktiv!
2026-09-06 01:03:45,585 [INFO]  - Privoxy Proxy: 172.23.220.58:8118
2026-09-06 01:03:45,586 [INFO]  - Tor Relay ORPort: 8443
2026-09-06 01:03:45,586 [INFO]  - IP-Rotation: Alle 60 Sekunden
2026-09-06 01:03:45,587 [INFO]  - Spurenschutz: Aktive 256MB RAM-Disk (tmpfs) + nftables Kill-Switch
==================================================================
Drücke CTRL+C zum Beenden und sauberen Aufräumen.

2026-09-06 01:04:43,855 [INFO] [+] Signal NEWNYM gesendet: Tor Exit-IP gewechselt.
[01:05:30] stop_suite.sh


2026-09-06 01:05:30,059 [INFO] [Cleanup] Fahre Cyberdeck Tor Suite herunter...
2026-09-06 01:05:30,060 [INFO] Deaktiviere Windows-Systemproxy...
2026-09-06 01:05:30,306 [INFO] [+] Windows-Systemproxy erfolgreich deaktiviert.
2026-09-06 01:05:30,308 [INFO] Entferne temporäre Windows-Firewall-Regeln...
2026-09-06 01:05:32,042 [INFO] [+] Windows-Firewall-Regeln sauber gelöscht.
2026-09-06 01:05:32,070 [INFO] [+] DNS-Redirect-Tabelle erfolgreich entfernt.
2026-09-06 01:05:32,089 [INFO] [+] nftables Kill-Switch Tabelle erfolgreich gelöscht.
2026-09-06 01:05:32,092 [INFO] [+] Ursprüngliche /etc/resolv.conf wiederhergestellt.
2026-09-06 01:05:32,093 [INFO] Stoppe Privoxy-Dienst...
2026-09-06 01:05:32,095 [INFO] [+] Privoxy sauber beendet.
2026-09-06 01:05:32,096 [INFO] Stoppe Tor-Prozess und IP-Changer...
2026-09-06 01:05:37,079 [INFO] [+] Tor-Prozess sauber beendet.
2026-09-06 01:05:37,080 [INFO] Stoppe tor@default...
2026-09-06 01:05:37,089 [INFO] Prüfe auf verwaiste Tor-Prozesse und gebe Ports frei...
2026-09-06 01:05:37,604 [INFO] [+] tor@default beendet.
2026-09-06 01:05:37,605 [INFO] Unmounte RAM-Disk unter /mnt/tor_ramdisk...
2026-09-06 01:05:37,616 [INFO] [+] RAM-Disk sauber unmountet und Spuren beseitigt.
2026-09-06 01:05:37,617 [INFO] [+] Shutdown abgeschlossen. Sämtliche temporären Daten wurden aus dem RAM gelöscht.
Suite gestoppt.
[03:08:30] start_suite.sh
gestartet pid=2149 (root)
==================================================================
         CYBERDECK TOR SUITE (WSL2 / RAM-DISK EDITION)          
==================================================================

2026-09-06 03:08:30,781 [INFO] [Eingabe] Prüfe Systemvoraussetzungen...
2026-09-06 03:08:30,786 [INFO] [+] Systemcheck erfolgreich. WSL-IP ermittelt: 172.23.220.58
2026-09-06 03:08:30,787 [INFO] [Verarbeitung] Initialisiere 256MB RAM-Disk (tmpfs)...
2026-09-06 03:08:30,789 [INFO] Mounte 256MB tmpfs auf /mnt/tor_ramdisk...
2026-09-06 03:08:30,794 [INFO] [+] RAM-Disk erfolgreich gemountet.
2026-09-06 03:08:30,796 [INFO] [+] Unterstrukturen für Tor (/mnt/tor_ramdisk/tor_data) und Privoxy (/mnt/tor_ramdisk/privoxy) vorbereitet.
2026-09-06 03:08:30,796 [INFO] [Verarbeitung] Erzeuge dynamische Konfigurationsdateien in der RAM-Disk...
2026-09-06 03:08:31,049 [INFO] [+] Dynamische torrc erfolgreich in RAM-Disk erzeugt: /mnt/tor_ramdisk/torrc
2026-09-06 03:08:31,054 [INFO] [+] Gehärtete Privoxy-Config in RAM-Disk erzeugt: /mnt/tor_ramdisk/privoxy.conf
2026-09-06 03:08:31,055 [INFO] [Verarbeitung] Wende strikte POSIX-Sicherheitsrechte an...
2026-09-06 03:08:31,056 [INFO] Setze strikte Dateirechte & erstelle Systempfade...
2026-09-06 03:08:31,057 [INFO] [+] Pfad /mnt/tor_ramdisk/torrc mit Rechte 0600 & User-UID 136 vorbereitet.
2026-09-06 03:08:31,057 [INFO] [Verarbeitung] Konfiguriere Windows Defender Firewall-Regeln...
2026-09-06 03:08:31,058 [INFO] Konfiguriere Windows-Firewall-Regeln für Ports 8118 (Privoxy) & 8443 (ORPort)...
2026-09-06 03:08:32,790 [INFO] [+] Firewall-Regeln erfolgreich gesetzt (8118 & 8443 TCP).
2026-09-06 03:08:32,792 [INFO] [Verarbeitung] Aktiviere DNS-Leak-Schutz (Redirect 53->5353) & nftables Kill-Switch...
2026-09-06 03:08:32,796 [INFO] [+] /etc/resolv.conf gehärtet und auf lokalen Tor-DNS umgeleitet.
2026-09-06 03:08:32,805 [INFO] [+] DNS-Redirect aktiv: jeder Port-53-Aufruf -> Tor-DNSPort 5353 (kein DNS-Leak).
2026-09-06 03:08:32,810 [INFO] [+] nftables Kill-Switch aktiv (Exklusiver Outbound für Tor-UID 136, DNS-Port 5353).
2026-09-06 03:08:32,811 [INFO] [Verarbeitung] Bereinige verwaiste Tor-Prozesse und aktiviere Tor-Dienst...
2026-09-06 03:08:32,812 [INFO] Stoppe System-Tor-Instanz (tor@default)...
2026-09-06 03:08:32,820 [INFO] Prüfe auf verwaiste Tor-Prozesse und gebe Ports frei...
2026-09-06 03:08:33,330 [INFO] [+] System-Tor gestoppt – Ports frei für den Suite-eigenen Tor (RAM-Disk).
2026-09-06 03:08:33,331 [INFO] [Verarbeitung] Starte Tor-Dienst und Stealth-Relay...
2026-09-06 03:08:33,336 [INFO] [+] Dynamische torrc erfolgreich in RAM-Disk erzeugt: /mnt/tor_ramdisk/torrc
2026-09-06 03:08:33,338 [INFO] Starte Tor als direkten Prozess: tor -f /mnt/tor_ramdisk/torrc
2026-09-06 03:08:35,340 [INFO] Warte auf Tor-Bootstrap (kann bei europäischen Exit-Nodes einen Moment dauern)...
2026-09-06 03:08:56,945 [INFO] [+] Tor erfolgreich gestartet und zu 100% bootstrapped.
2026-09-06 03:08:56,947 [INFO] [*] IP-Changer gestartet (Rotation alle 60 Sekunden).
2026-09-06 03:08:56,952 [INFO] [Verarbeitung] Starte gehärteten Privoxy-Proxy...
2026-09-06 03:08:56,958 [INFO] [+] Gehärtete Privoxy-Config in RAM-Disk erzeugt: /mnt/tor_ramdisk/privoxy.conf
2026-09-06 03:08:56,958 [INFO] Starte Privoxy als direkten Prozess mit RAM-Disk-Config...
2026-09-06 03:08:58,462 [INFO] [+] Privoxy erfolgreich gestartet (Hört auf 0.0.0.0:8118).
2026-09-06 03:08:58,463 [INFO] [Ausgabe] Aktiviere Windows-Systemproxy...
2026-09-06 03:08:58,464 [INFO] Setze Windows-Systemproxy auf 172.23.220.58:8118...
2026-09-06 03:08:58,693 [INFO] [+] Windows-Systemproxy erfolgreich aktiviert (172.23.220.58:8118).

==================================================================
2026-09-06 03:08:58,695 [INFO] [SUCCESS] Tor Suite ist aktiv!
2026-09-06 03:08:58,696 [INFO]  - Privoxy Proxy: 172.23.220.58:8118
2026-09-06 03:08:58,696 [INFO]  - Tor Relay ORPort: 8443
2026-09-06 03:08:58,697 [INFO]  - IP-Rotation: Alle 60 Sekunden
2026-09-06 03:08:58,698 [INFO]  - Spurenschutz: Aktive 256MB RAM-Disk (tmpfs) + nftables Kill-Switch
==================================================================
Drücke CTRL+C zum Beenden und sauberen Aufräumen.

2026-09-06 03:09:56,977 [INFO] [+] Signal NEWNYM gesendet: Tor Exit-IP gewechselt.
2026-09-06 03:10:57,008 [INFO] [+] Signal NEWNYM gesendet: Tor Exit-IP gewechselt.
2026-09-06 03:11:57,027 [INFO] [+] Signal NEWNYM gesendet: Tor Exit-IP gewechselt.
2026-09-06 03:12:57,064 [INFO] [+] Signal NEWNYM gesendet: Tor Exit-IP gewechselt.
2026-09-06 03:13:57,084 [INFO] [+] Signal NEWNYM gesendet: Tor Exit-IP gewechselt.
2026-09-06 03:14:57,106 [INFO] [+] Signal NEWNYM gesendet: Tor Exit-IP gewechselt.
[03:15:26] stop_suite.sh


2026-09-06 03:15:26,492 [INFO] [Cleanup] Fahre Cyberdeck Tor Suite herunter...
2026-09-06 03:15:26,493 [INFO] Deaktiviere Windows-Systemproxy...
2026-09-06 03:15:26,727 [INFO] [+] Windows-Systemproxy erfolgreich deaktiviert.
2026-09-06 03:15:26,729 [INFO] Entferne temporäre Windows-Firewall-Regeln...
2026-09-06 03:15:28,510 [INFO] [+] Windows-Firewall-Regeln sauber gelöscht.
2026-09-06 03:15:28,546 [INFO] [+] DNS-Redirect-Tabelle erfolgreich entfernt.
2026-09-06 03:15:28,586 [INFO] [+] nftables Kill-Switch Tabelle erfolgreich gelöscht.
2026-09-06 03:15:28,592 [INFO] [+] Ursprüngliche /etc/resolv.conf wiederhergestellt.
2026-09-06 03:15:28,592 [INFO] Stoppe Privoxy-Dienst...
2026-09-06 03:15:28,595 [INFO] [+] Privoxy sauber beendet.
2026-09-06 03:15:28,596 [INFO] Stoppe Tor-Prozess und IP-Changer...
2026-09-06 03:15:28,768 [INFO] [+] Tor-Prozess sauber beendet.
2026-09-06 03:15:28,769 [INFO] Stoppe tor@default...
2026-09-06 03:15:28,776 [INFO] Prüfe auf verwaiste Tor-Prozesse und gebe Ports frei...
2026-09-06 03:15:29,286 [INFO] [+] tor@default beendet.
2026-09-06 03:15:29,287 [INFO] Unmounte RAM-Disk unter /mnt/tor_ramdisk...
2026-09-06 03:15:29,311 [INFO] [+] RAM-Disk sauber unmountet und Spuren beseitigt.
2026-09-06 03:15:29,312 [INFO] [+] Shutdown abgeschlossen. Sämtliche temporären Daten wurden aus dem RAM gelöscht.
Suite gestoppt.
[03:17:28] start_suite.sh
gestartet pid=659 (root)
==================================================================
         CYBERDECK TOR SUITE (WSL2 / RAM-DISK EDITION)          
==================================================================

2026-09-06 03:17:29,116 [INFO] [Eingabe] Prüfe Systemvoraussetzungen...
2026-09-06 03:17:29,119 [INFO] [+] Systemcheck erfolgreich. WSL-IP ermittelt: 172.23.220.58
2026-09-06 03:17:29,119 [INFO] [Verarbeitung] Initialisiere 256MB RAM-Disk (tmpfs)...
2026-09-06 03:17:29,121 [INFO] Mounte 256MB tmpfs auf /mnt/tor_ramdisk...
2026-09-06 03:17:29,124 [INFO] [+] RAM-Disk erfolgreich gemountet.
2026-09-06 03:17:29,126 [INFO] [+] Unterstrukturen für Tor (/mnt/tor_ramdisk/tor_data) und Privoxy (/mnt/tor_ramdisk/privoxy) vorbereitet.
2026-09-06 03:17:29,127 [INFO] [Verarbeitung] Erzeuge dynamische Konfigurationsdateien in der RAM-Disk...
2026-09-06 03:17:29,374 [INFO] [+] Dynamische torrc erfolgreich in RAM-Disk erzeugt: /mnt/tor_ramdisk/torrc
2026-09-06 03:17:29,379 [INFO] [+] Gehärtete Privoxy-Config in RAM-Disk erzeugt: /mnt/tor_ramdisk/privoxy.conf
2026-09-06 03:17:29,380 [INFO] [Verarbeitung] Wende strikte POSIX-Sicherheitsrechte an...
2026-09-06 03:17:29,381 [INFO] Setze strikte Dateirechte & erstelle Systempfade...
2026-09-06 03:17:29,382 [INFO] [+] Pfad /mnt/tor_ramdisk/torrc mit Rechte 0600 & User-UID 136 vorbereitet.
2026-09-06 03:17:29,383 [INFO] [Verarbeitung] Konfiguriere Windows Defender Firewall-Regeln...
2026-09-06 03:17:29,383 [INFO] Konfiguriere Windows-Firewall-Regeln für Ports 8118 (Privoxy) & 8443 (ORPort)...
2026-09-06 03:17:31,120 [INFO] [+] Firewall-Regeln erfolgreich gesetzt (8118 & 8443 TCP).
2026-09-06 03:17:31,121 [INFO] [Verarbeitung] Aktiviere DNS-Leak-Schutz (Redirect 53->5353) & nftables Kill-Switch...
2026-09-06 03:17:31,126 [INFO] [+] /etc/resolv.conf gehärtet und auf lokalen Tor-DNS umgeleitet.
2026-09-06 03:17:31,163 [INFO] [+] DNS-Redirect aktiv: jeder Port-53-Aufruf -> Tor-DNSPort 5353 (kein DNS-Leak).
2026-09-06 03:17:31,167 [INFO] [+] nftables Kill-Switch aktiv (Exklusiver Outbound für Tor-UID 136, DNS-Port 5353).
2026-09-06 03:17:31,168 [INFO] [Verarbeitung] Bereinige verwaiste Tor-Prozesse und aktiviere Tor-Dienst...
2026-09-06 03:17:31,169 [INFO] Stoppe System-Tor-Instanz (tor@default)...
2026-09-06 03:17:31,175 [INFO] Prüfe auf verwaiste Tor-Prozesse und gebe Ports frei...
2026-09-06 03:17:31,684 [INFO] [+] System-Tor gestoppt – Ports frei für den Suite-eigenen Tor (RAM-Disk).
2026-09-06 03:17:31,685 [INFO] [Verarbeitung] Starte Tor-Dienst und Stealth-Relay...
2026-09-06 03:17:31,690 [INFO] [+] Dynamische torrc erfolgreich in RAM-Disk erzeugt: /mnt/tor_ramdisk/torrc
2026-09-06 03:17:31,693 [INFO] Starte Tor als direkten Prozess: tor -f /mnt/tor_ramdisk/torrc
2026-09-06 03:17:33,694 [INFO] Warte auf Tor-Bootstrap (kann bei europäischen Exit-Nodes einen Moment dauern)...
2026-09-06 03:19:33,721 [ERROR] [-] Timeout beim Tor-Bootstrap erreicht.
2026-09-06 03:19:33,724 [ERROR]     Sep 06 03:17:31.702 [notice] Opening Socks listener on 127.0.0.1:9050
2026-09-06 03:19:33,724 [ERROR]     Sep 06 03:17:31.702 [notice] Opened Socks listener connection (ready) on 127.0.0.1:9050
2026-09-06 03:19:33,725 [ERROR]     Sep 06 03:17:31.703 [notice] Opening DNS listener on 127.0.0.1:5353
2026-09-06 03:19:33,726 [ERROR]     Sep 06 03:17:31.703 [notice] Opened DNS listener connection (ready) on 127.0.0.1:5353
2026-09-06 03:19:33,727 [ERROR]     Sep 06 03:17:31.704 [notice] Opening Control listener on 0.0.0.0:9051
2026-09-06 03:19:33,728 [ERROR]     Sep 06 03:17:31.704 [notice] Opened Control listener connection (ready) on 0.0.0.0:9051
2026-09-06 03:19:33,728 [ERROR]     Sep 06 03:17:31.704 [notice] Opening OR listener on 0.0.0.0:8443
2026-09-06 03:19:33,729 [ERROR]     Sep 06 03:17:31.705 [notice] Opened OR listener connection (ready) on 0.0.0.0:8443
2026-09-06 03:19:33,730 [ERROR]     Sep 06 03:17:31.705 [notice] Opening OR listener on [::]:8443
2026-09-06 03:19:33,731 [ERROR]     Sep 06 03:17:31.706 [notice] Opened OR listener connection (ready) on [::]:8443


2026-09-06 03:19:33,732 [INFO] [Cleanup] Fahre Cyberdeck Tor Suite herunter...
2026-09-06 03:19:33,733 [INFO] Deaktiviere Windows-Systemproxy...
2026-09-06 03:19:33,960 [INFO] [+] Windows-Systemproxy erfolgreich deaktiviert.
2026-09-06 03:19:33,962 [INFO] Entferne temporäre Windows-Firewall-Regeln...
2026-09-06 03:19:35,712 [INFO] [+] Windows-Firewall-Regeln sauber gelöscht.
2026-09-06 03:19:35,743 [INFO] [+] DNS-Redirect-Tabelle erfolgreich entfernt.
2026-09-06 03:19:35,767 [INFO] [+] nftables Kill-Switch Tabelle erfolgreich gelöscht.
2026-09-06 03:19:35,769 [INFO] [+] Ursprüngliche /etc/resolv.conf wiederhergestellt.
2026-09-06 03:19:35,770 [INFO] Stoppe Privoxy-Dienst...
2026-09-06 03:19:35,771 [INFO] [+] Privoxy sauber beendet.
2026-09-06 03:19:35,772 [INFO] Stoppe Tor-Prozess und IP-Changer...
2026-09-06 03:19:38,199 [INFO] [+] Tor-Prozess sauber beendet.
2026-09-06 03:19:38,200 [INFO] Stoppe tor@default...
2026-09-06 03:19:38,207 [INFO] Prüfe auf verwaiste Tor-Prozesse und gebe Ports frei...
2026-09-06 03:19:38,716 [INFO] [+] tor@default beendet.
2026-09-06 03:19:38,718 [INFO] Unmounte RAM-Disk unter /mnt/tor_ramdisk...
2026-09-06 03:19:38,731 [INFO] [+] RAM-Disk sauber unmountet und Spuren beseitigt.
2026-09-06 03:19:38,732 [INFO] [+] Shutdown abgeschlossen. Sämtliche temporären Daten wurden aus dem RAM gelöscht.
[03:28:45] start_suite.sh
gestartet pid=1335 (root)
==================================================================
         CYBERDECK TOR SUITE (WSL2 / RAM-DISK EDITION)          
==================================================================

2026-09-06 03:28:45,639 [INFO] [Eingabe] Prüfe Systemvoraussetzungen...
2026-09-06 03:28:45,644 [INFO] [+] Systemcheck erfolgreich. WSL-IP ermittelt: 172.23.220.58
2026-09-06 03:28:45,645 [INFO] [Verarbeitung] Initialisiere 256MB RAM-Disk (tmpfs)...
2026-09-06 03:28:45,648 [INFO] Mounte 256MB tmpfs auf /mnt/tor_ramdisk...
2026-09-06 03:28:45,652 [INFO] [+] RAM-Disk erfolgreich gemountet.
2026-09-06 03:28:45,653 [INFO] [+] Unterstrukturen für Tor (/mnt/tor_ramdisk/tor_data) und Privoxy (/mnt/tor_ramdisk/privoxy) vorbereitet.
2026-09-06 03:28:45,654 [INFO] [Verarbeitung] Erzeuge dynamische Konfigurationsdateien in der RAM-Disk...
2026-09-06 03:28:45,916 [INFO] [+] Dynamische torrc erfolgreich in RAM-Disk erzeugt: /mnt/tor_ramdisk/torrc
2026-09-06 03:28:45,921 [INFO] [+] Gehärtete Privoxy-Config in RAM-Disk erzeugt: /mnt/tor_ramdisk/privoxy.conf
2026-09-06 03:28:45,922 [INFO] [Verarbeitung] Wende strikte POSIX-Sicherheitsrechte an...
2026-09-06 03:28:45,923 [INFO] Setze strikte Dateirechte & erstelle Systempfade...
2026-09-06 03:28:45,924 [INFO] [+] Pfad /mnt/tor_ramdisk/torrc mit Rechte 0600 & User-UID 136 vorbereitet.
2026-09-06 03:28:45,925 [INFO] [Verarbeitung] Konfiguriere Windows Defender Firewall-Regeln...
2026-09-06 03:28:45,926 [INFO] Konfiguriere Windows-Firewall-Regeln für Ports 8118 (Privoxy) & 8443 (ORPort)...
2026-09-06 03:28:47,698 [INFO] [+] Firewall-Regeln erfolgreich gesetzt (8118 & 8443 TCP).
2026-09-06 03:28:47,700 [INFO] [Verarbeitung] Aktiviere DNS-Leak-Schutz (Redirect 53->5353) & nftables Kill-Switch...
2026-09-06 03:28:47,705 [INFO] [+] /etc/resolv.conf gehärtet und auf lokalen Tor-DNS umgeleitet.
2026-09-06 03:28:47,718 [INFO] [+] DNS-Redirect aktiv: jeder Port-53-Aufruf -> Tor-DNSPort 5353 (kein DNS-Leak).
2026-09-06 03:28:47,722 [INFO] [+] nftables Kill-Switch aktiv (Exklusiver Outbound für Tor-UID 136, DNS-Port 5353).
2026-09-06 03:28:47,723 [INFO] [Verarbeitung] Bereinige verwaiste Tor-Prozesse und aktiviere Tor-Dienst...
2026-09-06 03:28:47,724 [INFO] Stoppe System-Tor-Instanz (tor@default)...
2026-09-06 03:28:47,733 [INFO] Prüfe auf verwaiste Tor-Prozesse und gebe Ports frei...
2026-09-06 03:28:48,242 [INFO] [+] System-Tor gestoppt – Ports frei für den Suite-eigenen Tor (RAM-Disk).
2026-09-06 03:28:48,244 [INFO] [Verarbeitung] Starte Tor-Dienst und Stealth-Relay...
2026-09-06 03:28:48,248 [INFO] [+] Dynamische torrc erfolgreich in RAM-Disk erzeugt: /mnt/tor_ramdisk/torrc
2026-09-06 03:28:48,251 [INFO] Starte Tor als direkten Prozess: tor -f /mnt/tor_ramdisk/torrc
2026-09-06 03:28:50,252 [INFO] Warte auf Tor-Bootstrap (kann bei europäischen Exit-Nodes einen Moment dauern)...
2026-09-06 03:29:10,739 [INFO] [+] Tor erfolgreich gestartet und zu 100% bootstrapped.
2026-09-06 03:29:10,741 [INFO] [*] IP-Changer gestartet (Rotation alle 120 Sekunden).
2026-09-06 03:29:10,747 [INFO] [Verarbeitung] Starte gehärteten Privoxy-Proxy...
2026-09-06 03:29:10,752 [INFO] [+] Gehärtete Privoxy-Config in RAM-Disk erzeugt: /mnt/tor_ramdisk/privoxy.conf
2026-09-06 03:29:10,753 [INFO] Starte Privoxy als direkten Prozess mit RAM-Disk-Config...
2026-09-06 03:29:12,258 [INFO] [+] Privoxy erfolgreich gestartet (Hört auf 0.0.0.0:8118).
2026-09-06 03:29:12,259 [INFO] [Ausgabe] Aktiviere Windows-Systemproxy...
2026-09-06 03:29:12,260 [INFO] Setze Windows-Systemproxy auf 172.23.220.58:8118...
2026-09-06 03:29:12,496 [INFO] [+] Windows-Systemproxy erfolgreich aktiviert (172.23.220.58:8118).

==================================================================
2026-09-06 03:29:12,497 [INFO] [SUCCESS] Tor Suite ist aktiv!
2026-09-06 03:29:12,498 [INFO]  - Privoxy Proxy: 172.23.220.58:8118
2026-09-06 03:29:12,499 [INFO]  - Tor Relay ORPort: 8443
2026-09-06 03:29:12,500 [INFO]  - IP-Rotation: Alle 120 Sekunden
2026-09-06 03:29:12,501 [INFO]  - Spurenschutz: Aktive 256MB RAM-Disk (tmpfs) + nftables Kill-Switch
[03:30:49] start_suite.sh
already-running pid=1335 (kein Doppelstart)
==================================================================
Drücke CTRL+C zum Beenden und sauberen Aufräumen.

2026-09-06 03:31:10,806 [INFO] [+] Signal NEWNYM gesendet: Tor Exit-IP gewechselt.
2026-09-06 03:33:10,828 [INFO] [+] Signal NEWNYM gesendet: Tor Exit-IP gewechselt.
2026-09-06 03:35:10,851 [INFO] [+] Signal NEWNYM gesendet: Tor Exit-IP gewechselt.
2026-09-06 03:37:10,891 [INFO] [+] Signal NEWNYM gesendet: Tor Exit-IP gewechselt.
2026-09-06 03:39:12,970 [INFO] [+] Signal NEWNYM gesendet: Tor Exit-IP gewechselt.
2026-09-06 03:41:13,024 [INFO] [+] Signal NEWNYM gesendet: Tor Exit-IP gewechselt.
2026-09-06 03:43:13,052 [INFO] [+] Signal NEWNYM gesendet: Tor Exit-IP gewechselt.
2026-09-06 03:45:13,079 [INFO] [+] Signal NEWNYM gesendet: Tor Exit-IP gewechselt.
2026-09-06 03:47:13,102 [INFO] [+] Signal NEWNYM gesendet: Tor Exit-IP gewechselt.
2026-09-06 03:49:13,125 [INFO] [+] Signal NEWNYM gesendet: Tor Exit-IP gewechselt.
2026-09-06 03:51:13,151 [INFO] [+] Signal NEWNYM gesendet: Tor Exit-IP gewechselt.
2026-09-06 03:53:13,177 [INFO] [+] Signal NEWNYM gesendet: Tor Exit-IP gewechselt.
2026-09-06 03:55:13,210 [INFO] [+] Signal NEWNYM gesendet: Tor Exit-IP gewechselt.
2026-09-06 03:57:13,241 [INFO] [+] Signal NEWNYM gesendet: Tor Exit-IP gewechselt.
2026-09-06 03:59:13,274 [INFO] [+] Signal NEWNYM gesendet: Tor Exit-IP gewechselt.
2026-09-06 04:01:13,305 [INFO] [+] Signal NEWNYM gesendet: Tor Exit-IP gewechselt.
2026-09-06 04:03:13,337 [INFO] [+] Signal NEWNYM gesendet: Tor Exit-IP gewechselt.
2026-09-06 04:05:13,372 [INFO] [+] Signal NEWNYM gesendet: Tor Exit-IP gewechselt.
2026-09-06 04:07:13,418 [INFO] [+] Signal NEWNYM gesendet: Tor Exit-IP gewechselt.
2026-09-06 04:09:13,458 [INFO] [+] Signal NEWNYM gesendet: Tor Exit-IP gewechselt.
2026-09-06 04:11:13,485 [INFO] [+] Signal NEWNYM gesendet: Tor Exit-IP gewechselt.
2026-09-06 04:13:13,515 [INFO] [+] Signal NEWNYM gesendet: Tor Exit-IP gewechselt.
2026-09-06 04:15:13,541 [INFO] [+] Signal NEWNYM gesendet: Tor Exit-IP gewechselt.
2026-09-06 04:17:13,572 [INFO] [+] Signal NEWNYM gesendet: Tor Exit-IP gewechselt.
2026-09-06 04:19:13,599 [INFO] [+] Signal NEWNYM gesendet: Tor Exit-IP gewechselt.
2026-09-06 04:21:13,631 [INFO] [+] Signal NEWNYM gesendet: Tor Exit-IP gewechselt.
2026-09-06 04:23:13,658 [INFO] [+] Signal NEWNYM gesendet: Tor Exit-IP gewechselt.
[04:24:31] start_suite.sh
already-running pid=1335 (kein Doppelstart)
[04:24:55] stop_suite.sh
SIGTERM gesendet, warte auf sauberen Shutdown...
Cyberdeck Tor Suite herunter...
2026-09-06 04:24:55,733 [INFO] Deaktiviere Windows-Systemproxy...
2026-09-06 04:24:55,957 [INFO] [+] Windows-Systemproxy erfolgreich deaktiviert.
2026-09-06 04:24:55,959 [INFO] Entferne temporäre Windows-Firewall-Regeln...
2026-09-06 04:24:57,711 [INFO] [+] Windows-Firewall-Regeln sauber gelöscht.
2026-09-06 04:24:57,738 [INFO] [+] DNS-Redirect-Tabelle erfolgreich entfernt.
2026-09-06 04:24:57,753 [INFO] [+] nftables Kill-Switch Tabelle erfolgreich gelöscht.
2026-09-06 04:24:57,757 [INFO] [+] Ursprüngliche /etc/resolv.conf wiederhergestellt.
2026-09-06 04:24:57,758 [INFO] Stoppe Privoxy-Dienst...
2026-09-06 04:24:57,761 [INFO] [+] Privoxy sauber beendet.
2026-09-06 04:24:57,762 [INFO] Stoppe Tor-Prozess und IP-Changer...
2026-09-06 04:25:02,768 [INFO] [+] Tor-Prozess sauber beendet.
2026-09-06 04:25:02,769 [INFO] Stoppe tor@default...
2026-09-06 04:25:02,776 [INFO] Prüfe auf verwaiste Tor-Prozesse und gebe Ports frei...
2026-09-06 04:25:03,284 [INFO] [+] tor@default beendet.
2026-09-06 04:25:03,286 [INFO] Unmounte RAM-Disk unter /mnt/tor_ramdisk...
2026-09-06 04:25:03,307 [INFO] [+] RAM-Disk sauber unmountet und Spuren beseitigt.
2026-09-06 04:25:03,308 [INFO] [+] Shutdown abgeschlossen. Sämtliche temporären Daten wurden aus dem RAM gelöscht.
Suite gestoppt.
[04:35:25] start_suite.sh
noch nicht root -> sudo -n (NOPASSWD)
[04:35:25] start_suite.sh
gestartet pid=3486 (root)
==================================================================
         CYBERDECK TOR SUITE (WSL2 / RAM-DISK EDITION)          
==================================================================

2026-09-06 04:35:26,177 [INFO] [Vorbereitung] Entferne ggf. übrig gebliebenen Windows-Systemproxy (Stale-State)...
2026-09-06 04:35:26,178 [INFO] Deaktiviere Windows-Systemproxy...
2026-09-06 04:35:26,445 [INFO] [+] Windows-Systemproxy erfolgreich deaktiviert.
2026-09-06 04:35:26,447 [INFO] [Eingabe] Prüfe Systemvoraussetzungen...
2026-09-06 04:35:26,451 [INFO] [+] Systemcheck erfolgreich. WSL-IP ermittelt: 172.23.220.58
2026-09-06 04:35:26,452 [INFO] [Verarbeitung] Initialisiere 256MB RAM-Disk (tmpfs)...
2026-09-06 04:35:26,455 [INFO] Mounte 256MB tmpfs auf /mnt/tor_ramdisk...
2026-09-06 04:35:26,460 [INFO] [+] RAM-Disk erfolgreich gemountet.
2026-09-06 04:35:26,461 [INFO] [+] Unterstrukturen für Tor (/mnt/tor_ramdisk/tor_data) und Privoxy (/mnt/tor_ramdisk/privoxy) vorbereitet.
2026-09-06 04:35:26,462 [INFO] [Verarbeitung] Erzeuge dynamische Konfigurationsdateien in der RAM-Disk...
2026-09-06 04:35:26,740 [INFO] [+] Dynamische torrc erfolgreich in RAM-Disk erzeugt: /mnt/tor_ramdisk/torrc
2026-09-06 04:35:26,746 [INFO] [+] Gehärtete Privoxy-Config in RAM-Disk erzeugt: /mnt/tor_ramdisk/privoxy.conf
2026-09-06 04:35:26,747 [INFO] [Verarbeitung] Wende strikte POSIX-Sicherheitsrechte an...
2026-09-06 04:35:26,748 [INFO] Setze strikte Dateirechte & erstelle Systempfade...
2026-09-06 04:35:26,749 [INFO] [+] Pfad /mnt/tor_ramdisk/torrc mit Rechte 0600 & User-UID 136 vorbereitet.
2026-09-06 04:35:26,750 [INFO] [Verarbeitung] Konfiguriere Windows Defender Firewall-Regeln...
2026-09-06 04:35:26,751 [INFO] Konfiguriere Windows-Firewall-Regeln für Ports 8118 (Privoxy) & 8443 (ORPort)...
2026-09-06 04:35:28,749 [INFO] [+] Firewall-Regeln erfolgreich gesetzt (8118 & 8443 TCP).
2026-09-06 04:35:28,750 [INFO] [Verarbeitung] Bereinige verwaiste Tor-Prozesse und aktiviere Tor-Dienst...
2026-09-06 04:35:28,751 [INFO] Stoppe System-Tor-Instanz (tor@default)...
2026-09-06 04:35:28,758 [INFO] Prüfe auf verwaiste Tor-Prozesse und gebe Ports frei...
2026-09-06 04:35:29,268 [INFO] [+] System-Tor gestoppt – Ports frei für den Suite-eigenen Tor (RAM-Disk).
2026-09-06 04:35:29,269 [INFO] [Verarbeitung] Starte Tor-Dienst und Stealth-Relay (warte auf Bootstrap 100%)...
2026-09-06 04:35:29,273 [INFO] [+] Dynamische torrc erfolgreich in RAM-Disk erzeugt: /mnt/tor_ramdisk/torrc
2026-09-06 04:35:29,276 [INFO] Starte Tor als direkten Prozess: tor -f /mnt/tor_ramdisk/torrc
2026-09-06 04:35:31,277 [INFO] Warte auf Tor-Bootstrap (kann bei europäischen Exit-Nodes einen Moment dauern)...
2026-09-06 04:35:55,226 [INFO] [+] Tor erfolgreich gestartet und zu 100% bootstrapped.
2026-09-06 04:35:55,227 [INFO] [*] IP-Changer gestartet (Rotation alle 120 Sekunden).
2026-09-06 04:35:55,233 [INFO] [Verarbeitung] Tor bootstrapped (100%) – aktiviere DNS-Leak-Schutz & Kill-Switch...
2026-09-06 04:35:55,238 [INFO] [+] /etc/resolv.conf gehärtet und auf lokalen Tor-DNS umgeleitet.
2026-09-06 04:35:55,242 [INFO] [+] DNS-Redirect aktiv: jeder Port-53-Aufruf -> Tor-DNSPort 5353 (kein DNS-Leak).
2026-09-06 04:35:55,246 [INFO] [+] nftables Kill-Switch aktiv (Exklusiver Outbound für Tor-UID 136, DNS-Port 5353).
2026-09-06 04:35:55,247 [INFO] [Verarbeitung] Starte gehärteten Privoxy-Proxy...
2026-09-06 04:35:55,252 [INFO] [+] Gehärtete Privoxy-Config in RAM-Disk erzeugt: /mnt/tor_ramdisk/privoxy.conf
2026-09-06 04:35:55,253 [INFO] Starte Privoxy als direkten Prozess mit RAM-Disk-Config...
2026-09-06 04:35:56,757 [INFO] [+] Privoxy erfolgreich gestartet (Hört auf 0.0.0.0:8118).
2026-09-06 04:35:56,758 [INFO] [Ausgabe] Aktiviere Windows-Systemproxy...
2026-09-06 04:35:56,759 [INFO] Setze Windows-Systemproxy auf 172.23.220.58:8118...
2026-09-06 04:35:56,993 [INFO] [+] Windows-Systemproxy erfolgreich aktiviert (172.23.220.58:8118).

==================================================================
2026-09-06 04:35:56,995 [INFO] [SUCCESS] Tor Suite ist aktiv!
2026-09-06 04:35:56,995 [INFO]  - Privoxy Proxy: 172.23.220.58:8118
2026-09-06 04:35:56,996 [INFO]  - Tor Relay ORPort: 8443
2026-09-06 04:35:56,997 [INFO]  - IP-Rotation: Alle 120 Sekunden
2026-09-06 04:35:56,998 [INFO]  - Spurenschutz: Aktive 256MB RAM-Disk (tmpfs) + nftables Kill-Switch
==================================================================
Drücke CTRL+C zum Beenden und sauberen Aufräumen.

2026-09-06 04:37:55,266 [INFO] [+] Signal NEWNYM gesendet: Tor Exit-IP gewechselt.
2026-09-06 04:39:55,294 [INFO] [+] Signal NEWNYM gesendet: Tor Exit-IP gewechselt.
2026-09-06 04:41:55,325 [INFO] [+] Signal NEWNYM gesendet: Tor Exit-IP gewechselt.
2026-09-06 04:43:55,356 [INFO] [+] Signal NEWNYM gesendet: Tor Exit-IP gewechselt.
2026-09-06 04:45:56,739 [INFO] [+] Signal NEWNYM gesendet: Tor Exit-IP gewechselt.
2026-09-06 04:47:56,768 [INFO] [+] Signal NEWNYM gesendet: Tor Exit-IP gewechselt.
2026-09-06 04:49:56,807 [INFO] [+] Signal NEWNYM gesendet: Tor Exit-IP gewechselt.
2026-09-06 04:51:58,947 [INFO] [+] Signal NEWNYM gesendet: Tor Exit-IP gewechselt.
2026-09-06 04:53:58,978 [INFO] [+] Signal NEWNYM gesendet: Tor Exit-IP gewechselt.
2026-09-06 04:55:59,005 [INFO] [+] Signal NEWNYM gesendet: Tor Exit-IP gewechselt.
2026-09-06 04:57:59,036 [INFO] [+] Signal NEWNYM gesendet: Tor Exit-IP gewechselt.
2026-09-06 04:59:59,066 [INFO] [+] Signal NEWNYM gesendet: Tor Exit-IP gewechselt.
2026-09-06 05:02:01,272 [INFO] [+] Signal NEWNYM gesendet: Tor Exit-IP gewechselt.
2026-09-06 05:04:01,311 [INFO] [+] Signal NEWNYM gesendet: Tor Exit-IP gewechselt.
2026-09-06 05:06:01,341 [INFO] [+] Signal NEWNYM gesendet: Tor Exit-IP gewechselt.
2026-09-06 05:08:01,372 [INFO] [+] Signal NEWNYM gesendet: Tor Exit-IP gewechselt.
2026-09-06 05:10:03,537 [INFO] [+] Signal NEWNYM gesendet: Tor Exit-IP gewechselt.
2026-09-06 05:12:03,572 [INFO] [+] Signal NEWNYM gesendet: Tor Exit-IP gewechselt.
2026-09-06 05:14:03,598 [INFO] [+] Signal NEWNYM gesendet: Tor Exit-IP gewechselt.
2026-09-06 05:16:03,625 [INFO] [+] Signal NEWNYM gesendet: Tor Exit-IP gewechselt.
2026-09-06 05:18:05,813 [INFO] [+] Signal NEWNYM gesendet: Tor Exit-IP gewechselt.
2026-09-06 05:20:05,853 [INFO] [+] Signal NEWNYM gesendet: Tor Exit-IP gewechselt.
[05:21:54] start_suite.sh
already-running pid=3486 (kein Doppelstart)
2026-09-06 05:22:05,879 [INFO] [+] Signal NEWNYM gesendet: Tor Exit-IP gewechselt.
2026-09-06 05:24:08,056 [INFO] [+] Signal NEWNYM gesendet: Tor Exit-IP gewechselt.
2026-09-06 05:26:08,085 [INFO] [+] Signal NEWNYM gesendet: Tor Exit-IP gewechselt.
[05:26:43] start_suite.sh
already-running pid=3486 (kein Doppelstart)
2026-09-06 05:28:08,099 [ERROR] [-] Fehler beim Verbinden mit ControlPort (9051): [Errno 111] Connection refused
[05:28:33] stop_suite.sh


2026-09-06 05:28:33,611 [INFO] [Cleanup] Fahre Cyberdeck Tor Suite herunter...
2026-09-06 05:28:33,612 [INFO] Deaktiviere Windows-Systemproxy...
2026-09-06 05:28:33,850 [INFO] [+] Windows-Systemproxy erfolgreich deaktiviert.
2026-09-06 05:28:33,852 [INFO] Entferne temporäre Windows-Firewall-Regeln...
2026-09-06 05:28:35,640 [INFO] [+] Windows-Firewall-Regeln sauber gelöscht.
2026-09-06 05:28:35,667 [INFO] [+] DNS-Redirect-Tabelle erfolgreich entfernt.
2026-09-06 05:28:35,691 [INFO] [+] nftables Kill-Switch Tabelle erfolgreich gelöscht.
2026-09-06 05:28:35,695 [INFO] [+] Ursprüngliche /etc/resolv.conf wiederhergestellt.
2026-09-06 05:28:35,696 [INFO] Stoppe Privoxy-Dienst...
2026-09-06 05:28:35,697 [INFO] [+] Privoxy sauber beendet.
2026-09-06 05:28:35,698 [INFO] Stoppe Tor-Prozess und IP-Changer...
2026-09-06 05:28:35,705 [INFO] [+] Tor-Prozess sauber beendet.
2026-09-06 05:28:35,706 [INFO] Stoppe tor@default...
2026-09-06 05:28:35,712 [INFO] Prüfe auf verwaiste Tor-Prozesse und gebe Ports frei...
2026-09-06 05:28:36,222 [INFO] [+] tor@default beendet.
2026-09-06 05:28:36,224 [INFO] Unmounte RAM-Disk unter /mnt/tor_ramdisk...
2026-09-06 05:28:36,229 [INFO] [+] RAM-Disk sauber unmountet und Spuren beseitigt.
2026-09-06 05:28:36,230 [INFO] [+] Shutdown abgeschlossen. Sämtliche temporären Daten wurden aus dem RAM gelöscht.
Suite gestoppt.
[05:28:36] start_suite.sh
gestartet pid=7818 (root)
==================================================================
         CYBERDECK TOR SUITE (WSL2 / RAM-DISK EDITION)          
==================================================================

2026-09-06 05:28:37,182 [INFO] [Vorbereitung] Entferne ggf. übrig gebliebenen Windows-Systemproxy (Stale-State)...
2026-09-06 05:28:37,183 [INFO] Deaktiviere Windows-Systemproxy...
2026-09-06 05:28:37,408 [INFO] [+] Windows-Systemproxy erfolgreich deaktiviert.
2026-09-06 05:28:37,409 [INFO] [Eingabe] Prüfe Systemvoraussetzungen...
2026-09-06 05:28:37,414 [INFO] [+] Systemcheck erfolgreich. WSL-IP ermittelt: 172.23.220.58
2026-09-06 05:28:37,415 [INFO] [Verarbeitung] Initialisiere 256MB RAM-Disk (tmpfs)...
2026-09-06 05:28:37,416 [INFO] Mounte 256MB tmpfs auf /mnt/tor_ramdisk...
2026-09-06 05:28:37,419 [INFO] [+] RAM-Disk erfolgreich gemountet.
2026-09-06 05:28:37,421 [INFO] [+] Unterstrukturen für Tor (/mnt/tor_ramdisk/tor_data) und Privoxy (/mnt/tor_ramdisk/privoxy) vorbereitet.
2026-09-06 05:28:37,422 [INFO] [Verarbeitung] Erzeuge dynamische Konfigurationsdateien in der RAM-Disk...
2026-09-06 05:28:37,670 [INFO] [+] Dynamische torrc erfolgreich in RAM-Disk erzeugt: /mnt/tor_ramdisk/torrc
2026-09-06 05:28:37,679 [INFO] [+] Privoxy user.action (Härtung) in RAM-Disk erzeugt: /mnt/tor_ramdisk/user.action
2026-09-06 05:28:37,680 [INFO] [+] Gehärtete Privoxy-Config in RAM-Disk erzeugt: /mnt/tor_ramdisk/privoxy.conf
2026-09-06 05:28:37,680 [INFO] [Verarbeitung] Wende strikte POSIX-Sicherheitsrechte an...
2026-09-06 05:28:37,681 [INFO] Setze strikte Dateirechte & erstelle Systempfade...
2026-09-06 05:28:37,682 [INFO] [+] Pfad /mnt/tor_ramdisk/torrc mit Rechte 0600 & User-UID 136 vorbereitet.
2026-09-06 05:28:37,683 [INFO] [Verarbeitung] Konfiguriere Windows Defender Firewall-Regeln...
2026-09-06 05:28:37,684 [INFO] Konfiguriere Windows-Firewall-Regeln für Ports 8118 (Privoxy) & 8443 (ORPort)...
2026-09-06 05:28:39,380 [INFO] [+] Firewall-Regeln erfolgreich gesetzt (8118 & 8443 TCP).
2026-09-06 05:28:39,382 [INFO] [Verarbeitung] Bereinige verwaiste Tor-Prozesse und aktiviere Tor-Dienst...
2026-09-06 05:28:39,383 [INFO] Stoppe System-Tor-Instanz (tor@default)...
2026-09-06 05:28:39,389 [INFO] Prüfe auf verwaiste Tor-Prozesse und gebe Ports frei...
2026-09-06 05:28:39,900 [INFO] [+] System-Tor gestoppt – Ports frei für den Suite-eigenen Tor (RAM-Disk).
2026-09-06 05:28:39,901 [INFO] [Verarbeitung] Starte Tor-Dienst und Stealth-Relay (warte auf Bootstrap 100%)...
2026-09-06 05:28:39,906 [INFO] [+] Dynamische torrc erfolgreich in RAM-Disk erzeugt: /mnt/tor_ramdisk/torrc
2026-09-06 05:28:39,908 [INFO] Starte Tor als direkten Prozess: tor -f /mnt/tor_ramdisk/torrc
2026-09-06 05:28:41,910 [INFO] Warte auf Tor-Bootstrap (kann bei europäischen Exit-Nodes einen Moment dauern)...
2026-09-06 05:28:52,991 [INFO] [+] Tor erfolgreich gestartet und zu 100% bootstrapped.
2026-09-06 05:28:52,992 [INFO] [*] IP-Changer gestartet (Rotation alle 120 Sekunden).
2026-09-06 05:28:52,998 [INFO] [Verarbeitung] Tor bootstrapped (100%) – aktiviere DNS-Leak-Schutz & Kill-Switch...
2026-09-06 05:28:53,001 [INFO] [+] /etc/resolv.conf gehärtet und auf lokalen Tor-DNS umgeleitet.
2026-09-06 05:28:53,005 [INFO] [+] DNS-Redirect aktiv: jeder Port-53-Aufruf -> Tor-DNSPort 5353 (kein DNS-Leak).
2026-09-06 05:28:53,009 [INFO] [+] nftables Kill-Switch aktiv (Exklusiver Outbound für Tor-UID 136, DNS-Port 5353).
2026-09-06 05:28:53,010 [INFO] [Verarbeitung] Starte gehärteten Privoxy-Proxy...
2026-09-06 05:28:53,019 [INFO] [+] Privoxy user.action (Härtung) in RAM-Disk erzeugt: /mnt/tor_ramdisk/user.action
2026-09-06 05:28:53,019 [INFO] [+] Gehärtete Privoxy-Config in RAM-Disk erzeugt: /mnt/tor_ramdisk/privoxy.conf
2026-09-06 05:28:53,020 [INFO] Starte Privoxy als direkten Prozess mit RAM-Disk-Config...
2026-09-06 05:28:56,676 [INFO] [+] Privoxy erfolgreich gestartet (Hört auf 0.0.0.0:8118).
2026-09-06 05:28:56,677 [INFO] [Ausgabe] Aktiviere Windows-Systemproxy...
2026-09-06 05:28:56,678 [INFO] Setze Windows-Systemproxy auf 172.23.220.58:8118...
2026-09-06 05:28:56,945 [INFO] [+] Windows-Systemproxy erfolgreich aktiviert (172.23.220.58:8118).

==================================================================
2026-09-06 05:28:56,947 [INFO] [SUCCESS] Tor Suite ist aktiv!
2026-09-06 05:28:56,949 [INFO]  - Privoxy Proxy: 172.23.220.58:8118
2026-09-06 05:28:56,950 [INFO]  - Tor Relay ORPort: 8443
2026-09-06 05:28:56,951 [INFO]  - IP-Rotation: Alle 120 Sekunden
2026-09-06 05:28:56,952 [INFO]  - Spurenschutz: Aktive 256MB RAM-Disk (tmpfs) + nftables Kill-Switch
==================================================================
Drücke CTRL+C zum Beenden und sauberen Aufräumen.

2026-09-06 05:30:55,178 [INFO] [+] Signal NEWNYM gesendet: Tor Exit-IP gewechselt.
2026-09-06 05:32:55,203 [INFO] [+] Signal NEWNYM gesendet: Tor Exit-IP gewechselt.
2026-09-06 05:34:55,226 [INFO] [+] Signal NEWNYM gesendet: Tor Exit-IP gewechselt.
2026-09-06 05:36:55,248 [INFO] [+] Signal NEWNYM gesendet: Tor Exit-IP gewechselt.
2026-09-06 05:38:57,430 [INFO] [+] Signal NEWNYM gesendet: Tor Exit-IP gewechselt.
2026-09-06 05:40:57,460 [INFO] [+] Signal NEWNYM gesendet: Tor Exit-IP gewechselt.
2026-09-06 05:42:57,496 [INFO] [+] Signal NEWNYM gesendet: Tor Exit-IP gewechselt.
2026-09-06 05:44:59,473 [INFO] [+] Signal NEWNYM gesendet: Tor Exit-IP gewechselt.
2026-09-06 05:46:59,499 [INFO] [+] Signal NEWNYM gesendet: Tor Exit-IP gewechselt.
2026-09-06 05:48:59,521 [INFO] [+] Signal NEWNYM gesendet: Tor Exit-IP gewechselt.
[05:50:47] stop_suite.sh


2026-09-06 05:50:47,490 [INFO] [Cleanup] Fahre Cyberdeck Tor Suite herunter...
2026-09-06 05:50:47,492 [INFO] Deaktiviere Windows-Systemproxy...
2026-09-06 05:50:47,744 [INFO] [+] Windows-Systemproxy erfolgreich deaktiviert.
2026-09-06 05:50:47,745 [INFO] Entferne temporäre Windows-Firewall-Regeln...
2026-09-06 05:50:49,466 [INFO] [+] Windows-Firewall-Regeln sauber gelöscht.
2026-09-06 05:50:49,491 [INFO] [+] DNS-Redirect-Tabelle erfolgreich entfernt.
2026-09-06 05:50:49,515 [INFO] [+] nftables Kill-Switch Tabelle erfolgreich gelöscht.
2026-09-06 05:50:49,520 [INFO] [+] Ursprüngliche /etc/resolv.conf wiederhergestellt.
2026-09-06 05:50:49,521 [INFO] Stoppe Privoxy-Dienst...
2026-09-06 05:50:49,523 [INFO] [+] Privoxy sauber beendet.
2026-09-06 05:50:49,524 [INFO] Stoppe Tor-Prozess und IP-Changer...
2026-09-06 05:50:52,804 [INFO] [+] Tor-Prozess sauber beendet.
2026-09-06 05:50:52,805 [INFO] Stoppe tor@default...
2026-09-06 05:50:52,812 [INFO] Prüfe auf verwaiste Tor-Prozesse und gebe Ports frei...
2026-09-06 05:50:53,322 [INFO] [+] tor@default beendet.
2026-09-06 05:50:53,323 [INFO] Unmounte RAM-Disk unter /mnt/tor_ramdisk...
2026-09-06 05:50:53,345 [INFO] [+] RAM-Disk sauber unmountet und Spuren beseitigt.
2026-09-06 05:50:53,346 [INFO] [+] Shutdown abgeschlossen. Sämtliche temporären Daten wurden aus dem RAM gelöscht.
Suite gestoppt.
[05:50:59] start_suite.sh
gestartet pid=8565 (root)
==================================================================
         CYBERDECK TOR SUITE (WSL2 / RAM-DISK EDITION)          
==================================================================

2026-09-06 05:50:59,825 [INFO] [Vorbereitung] Entferne ggf. übrig gebliebenen Windows-Systemproxy (Stale-State)...
2026-09-06 05:50:59,826 [INFO] Deaktiviere Windows-Systemproxy...
2026-09-06 05:51:00,051 [INFO] [+] Windows-Systemproxy erfolgreich deaktiviert.
2026-09-06 05:51:00,052 [INFO] [Eingabe] Prüfe Systemvoraussetzungen...
2026-09-06 05:51:00,056 [INFO] [+] Systemcheck erfolgreich. WSL-IP ermittelt: 172.23.220.58
2026-09-06 05:51:00,057 [INFO] [Verarbeitung] Initialisiere 256MB RAM-Disk (tmpfs)...
2026-09-06 05:51:00,059 [INFO] Mounte 256MB tmpfs auf /mnt/tor_ramdisk...
2026-09-06 05:51:00,062 [INFO] [+] RAM-Disk erfolgreich gemountet.
2026-09-06 05:51:00,063 [INFO] [+] Unterstrukturen für Tor (/mnt/tor_ramdisk/tor_data) und Privoxy (/mnt/tor_ramdisk/privoxy) vorbereitet.
2026-09-06 05:51:00,064 [INFO] [Verarbeitung] Erzeuge dynamische Konfigurationsdateien in der RAM-Disk...
2026-09-06 05:51:00,307 [INFO] [+] Dynamische torrc erfolgreich in RAM-Disk erzeugt: /mnt/tor_ramdisk/torrc
2026-09-06 05:51:00,316 [INFO] [+] Privoxy user.action (Härtung) in RAM-Disk erzeugt: /mnt/tor_ramdisk/user.action
2026-09-06 05:51:00,317 [INFO] [+] Gehärtete Privoxy-Config in RAM-Disk erzeugt: /mnt/tor_ramdisk/privoxy.conf
2026-09-06 05:51:00,318 [INFO] [Verarbeitung] Wende strikte POSIX-Sicherheitsrechte an...
2026-09-06 05:51:00,319 [INFO] Setze strikte Dateirechte & erstelle Systempfade...
2026-09-06 05:51:00,319 [INFO] [+] Pfad /mnt/tor_ramdisk/torrc mit Rechte 0600 & User-UID 136 vorbereitet.
2026-09-06 05:51:00,320 [INFO] [Verarbeitung] Konfiguriere Windows Defender Firewall-Regeln...
2026-09-06 05:51:00,321 [INFO] Konfiguriere Windows-Firewall-Regeln für Ports 8118 (Privoxy) & 8443 (ORPort)...
2026-09-06 05:51:01,983 [INFO] [+] Firewall-Regeln erfolgreich gesetzt (8118 & 8443 TCP).
2026-09-06 05:51:01,985 [INFO] [Verarbeitung] Bereinige verwaiste Tor-Prozesse und aktiviere Tor-Dienst...
2026-09-06 05:51:01,985 [INFO] Stoppe System-Tor-Instanz (tor@default)...
2026-09-06 05:51:01,992 [INFO] Prüfe auf verwaiste Tor-Prozesse und gebe Ports frei...
2026-09-06 05:51:02,502 [INFO] [+] System-Tor gestoppt – Ports frei für den Suite-eigenen Tor (RAM-Disk).
2026-09-06 05:51:02,503 [INFO] [Verarbeitung] Starte Tor-Dienst und Stealth-Relay (warte auf Bootstrap 100%)...
2026-09-06 05:51:02,508 [INFO] [+] Dynamische torrc erfolgreich in RAM-Disk erzeugt: /mnt/tor_ramdisk/torrc
2026-09-06 05:51:02,510 [INFO] Starte Tor als direkten Prozess: tor -f /mnt/tor_ramdisk/torrc
2026-09-06 05:51:04,511 [INFO] Warte auf Tor-Bootstrap (kann bei europäischen Exit-Nodes einen Moment dauern)...
2026-09-06 05:51:17,192 [INFO] [+] Tor erfolgreich gestartet und zu 100% bootstrapped.
2026-09-06 05:51:17,193 [INFO] [*] IP-Changer gestartet (Rotation alle 120 Sekunden).
2026-09-06 05:51:17,198 [INFO] [Verarbeitung] Tor bootstrapped (100%) – aktiviere DNS-Leak-Schutz & Kill-Switch...
2026-09-06 05:51:17,203 [INFO] [+] /etc/resolv.conf gehärtet und auf lokalen Tor-DNS umgeleitet.
2026-09-06 05:51:17,207 [INFO] [+] DNS-Redirect aktiv: jeder Port-53-Aufruf -> Tor-DNSPort 5353 (kein DNS-Leak).
2026-09-06 05:51:17,212 [INFO] [+] nftables Kill-Switch aktiv (Exklusiver Outbound für Tor-UID 136, DNS-Port 5353).
2026-09-06 05:51:17,213 [INFO] [Verarbeitung] Starte gehärteten Privoxy-Proxy...
2026-09-06 05:51:17,221 [INFO] [+] Privoxy user.action (Härtung) in RAM-Disk erzeugt: /mnt/tor_ramdisk/user.action
2026-09-06 05:51:17,222 [INFO] [+] Gehärtete Privoxy-Config in RAM-Disk erzeugt: /mnt/tor_ramdisk/privoxy.conf
2026-09-06 05:51:17,223 [INFO] Starte Privoxy als direkten Prozess mit RAM-Disk-Config...
2026-09-06 05:51:18,726 [INFO] [+] Privoxy erfolgreich gestartet (Hört auf 0.0.0.0:8118).
2026-09-06 05:51:18,727 [INFO] [Ausgabe] Aktiviere Windows-Systemproxy...
2026-09-06 05:51:18,728 [INFO] Setze Windows-Systemproxy auf 172.23.220.58:8118...
2026-09-06 05:51:18,985 [INFO] [+] Windows-Systemproxy erfolgreich aktiviert (172.23.220.58:8118).

==================================================================
2026-09-06 05:51:18,986 [INFO] [SUCCESS] Tor Suite ist aktiv!
2026-09-06 05:51:18,988 [INFO]  - Privoxy Proxy: 172.23.220.58:8118
2026-09-06 05:51:18,989 [INFO]  - Tor Relay ORPort: 8443
2026-09-06 05:51:18,990 [INFO]  - IP-Rotation: Alle 120 Sekunden
2026-09-06 05:51:18,991 [INFO]  - Spurenschutz: Aktive 256MB RAM-Disk (tmpfs) + nftables Kill-Switch
==================================================================
Drücke CTRL+C zum Beenden und sauberen Aufräumen.

2026-09-06 05:53:17,221 [INFO] [+] Signal NEWNYM gesendet: Tor Exit-IP gewechselt.
2026-09-06 05:55:17,245 [INFO] [+] Signal NEWNYM gesendet: Tor Exit-IP gewechselt.
2026-09-06 05:57:19,443 [INFO] [+] Signal NEWNYM gesendet: Tor Exit-IP gewechselt.
2026-09-06 05:59:19,465 [INFO] [+] Signal NEWNYM gesendet: Tor Exit-IP gewechselt.
2026-09-06 06:01:19,487 [INFO] [+] Signal NEWNYM gesendet: Tor Exit-IP gewechselt.
2026-09-06 06:03:19,517 [INFO] [+] Signal NEWNYM gesendet: Tor Exit-IP gewechselt.
2026-09-06 06:05:19,539 [INFO] [+] Signal NEWNYM gesendet: Tor Exit-IP gewechselt.
2026-09-06 06:07:21,476 [INFO] [+] Signal NEWNYM gesendet: Tor Exit-IP gewechselt.
2026-09-06 06:09:21,497 [INFO] [+] Signal NEWNYM gesendet: Tor Exit-IP gewechselt.
2026-09-06 06:11:21,520 [INFO] [+] Signal NEWNYM gesendet: Tor Exit-IP gewechselt.
2026-09-06 06:13:26,539 [ERROR] [-] Fehler beim Verbinden mit ControlPort (9051): timed out
2026-09-06 06:15:28,070 [INFO] [+] Signal NEWNYM gesendet: Tor Exit-IP gewechselt.
2026-09-06 06:17:30,291 [INFO] [+] Signal NEWNYM gesendet: Tor Exit-IP gewechselt.
2026-09-06 06:19:30,327 [INFO] [+] Signal NEWNYM gesendet: Tor Exit-IP gewechselt.
2026-09-06 06:21:30,352 [INFO] [+] Signal NEWNYM gesendet: Tor Exit-IP gewechselt.
2026-09-06 06:23:30,382 [INFO] [+] Signal NEWNYM gesendet: Tor Exit-IP gewechselt.
2026-09-06 06:25:32,458 [INFO] [+] Signal NEWNYM gesendet: Tor Exit-IP gewechselt.
2026-09-06 06:27:32,486 [INFO] [+] Signal NEWNYM gesendet: Tor Exit-IP gewechselt.
2026-09-06 06:29:32,512 [INFO] [+] Signal NEWNYM gesendet: Tor Exit-IP gewechselt.
2026-09-06 06:31:32,540 [INFO] [+] Signal NEWNYM gesendet: Tor Exit-IP gewechselt.
[06:33:30] stop_suite.sh
SIGTERM gesendet, warte auf sauberen Shutdown...


2026-09-06 06:33:30,417 [INFO] [Cleanup] Fahre Cyberdeck Tor Suite herunter...
2026-09-06 06:33:30,419 [INFO] Deaktiviere Windows-Systemproxy...
2026-09-06 06:33:30,679 [INFO] [+] Windows-Systemproxy erfolgreich deaktiviert.
2026-09-06 06:33:30,680 [INFO] Entferne temporäre Windows-Firewall-Regeln...
2026-09-06 06:33:32,462 [INFO] [+] Windows-Firewall-Regeln sauber gelöscht.
2026-09-06 06:33:32,499 [INFO] [+] DNS-Redirect-Tabelle erfolgreich entfernt.
2026-09-06 06:33:32,519 [INFO] [+] nftables Kill-Switch Tabelle erfolgreich gelöscht.
2026-09-06 06:33:32,524 [INFO] [+] Ursprüngliche /etc/resolv.conf wiederhergestellt.
2026-09-06 06:33:32,525 [INFO] Stoppe Privoxy-Dienst...
2026-09-06 06:33:32,531 [INFO] [+] Privoxy sauber beendet.
2026-09-06 06:33:32,532 [INFO] Stoppe Tor-Prozess und IP-Changer...
2026-09-06 06:33:35,207 [INFO] [+] Tor-Prozess sauber beendet.
2026-09-06 06:33:35,209 [INFO] Stoppe tor@default...
2026-09-06 06:33:35,216 [INFO] Prüfe auf verwaiste Tor-Prozesse und gebe Ports frei...
2026-09-06 06:33:35,725 [INFO] [+] tor@default beendet.
2026-09-06 06:33:35,727 [INFO] Unmounte RAM-Disk unter /mnt/tor_ramdisk...
2026-09-06 06:33:35,750 [INFO] [+] RAM-Disk sauber unmountet und Spuren beseitigt.
2026-09-06 06:33:35,751 [INFO] [+] Shutdown abgeschlossen. Sämtliche temporären Daten wurden aus dem RAM gelöscht.
Suite gestoppt.
[09:18:57] start_suite.sh
noch nicht root -> sudo -n (NOPASSWD)
[09:18:57] start_suite.sh
gestartet pid=638 (root)
==================================================================
         CYBERDECK TOR SUITE (WSL2 / RAM-DISK EDITION)          
==================================================================

2026-09-06 09:18:57,457 [INFO] [Vorbereitung] Entferne ggf. übrig gebliebenen Windows-Systemproxy (Stale-State)...
2026-09-06 09:18:57,458 [INFO] Deaktiviere Windows-Systemproxy...
2026-09-06 09:18:57,705 [INFO] [+] Windows-Systemproxy erfolgreich deaktiviert.
2026-09-06 09:18:57,706 [INFO] [Eingabe] Prüfe Systemvoraussetzungen...
2026-09-06 09:18:57,709 [INFO] [+] Systemcheck erfolgreich. WSL-IP ermittelt: 172.23.220.58
2026-09-06 09:18:57,711 [INFO] [Verarbeitung] Initialisiere 256MB RAM-Disk (tmpfs)...
2026-09-06 09:18:57,713 [INFO] Mounte 256MB tmpfs auf /mnt/tor_ramdisk...
2026-09-06 09:18:57,716 [INFO] [+] RAM-Disk erfolgreich gemountet.
2026-09-06 09:18:57,717 [INFO] [+] Unterstrukturen für Tor (/mnt/tor_ramdisk/tor_data) und Privoxy (/mnt/tor_ramdisk/privoxy) vorbereitet.
2026-09-06 09:18:57,718 [INFO] [Verarbeitung] Erzeuge dynamische Konfigurationsdateien in der RAM-Disk...
2026-09-06 09:18:57,990 [INFO] [+] Dynamische torrc erfolgreich in RAM-Disk erzeugt: /mnt/tor_ramdisk/torrc
2026-09-06 09:18:57,999 [INFO] [+] Privoxy user.action (Härtung) in RAM-Disk erzeugt: /mnt/tor_ramdisk/user.action
2026-09-06 09:18:58,000 [INFO] [+] Gehärtete Privoxy-Config in RAM-Disk erzeugt: /mnt/tor_ramdisk/privoxy.conf
2026-09-06 09:18:58,001 [INFO] [Verarbeitung] Wende strikte POSIX-Sicherheitsrechte an...
2026-09-06 09:18:58,002 [INFO] Setze strikte Dateirechte & erstelle Systempfade...
2026-09-06 09:18:58,003 [INFO] [+] Pfad /mnt/tor_ramdisk/torrc mit Rechte 0600 & User-UID 136 vorbereitet.
2026-09-06 09:18:58,004 [INFO] [Verarbeitung] Konfiguriere Windows Defender Firewall-Regeln...
2026-09-06 09:18:58,005 [INFO] Konfiguriere Windows-Firewall-Regeln für Ports 8118 (Privoxy) & 8443 (ORPort)...
2026-09-06 09:18:59,901 [ERROR] [-] PowerShell-Firewall-Fehler: New-NetFirewallRule : Zugriff verweigert 
In Zeile:1 Zeichen:97
+ ... lyContinue; New-NetFirewallRule -DisplayName "Cyberdeck_TorSuite_Priv ...
+                 ~~~~~~~~~~~~~~~~~~~~~~~~~~~~~~~~~~~~~~~~~~~~~~~~~~~~~~~~~
    + CategoryInfo          : PermissionDenied: (MSFT_NetFirewallRule:root/standardcimv2/MSFT_NetFirewallRule) [New-Ne 
   tFirewallRule], CimException
    + FullyQualifiedErrorId : Windows System Error 5,New-NetFirewallRule
 
New-NetFirewallRule : Zugriff verweigert 
In Zeile:1 Zeichen:390
+ ... lyContinue; New-NetFirewallRule -DisplayName "Cyberdeck_TorSuite_ORPo ...
+                 ~~~~~~~~~~~~~~~~~~~~~~~~~~~~~~~~~~~~~~~~~~~~~~~~~~~~~~~~~
    + CategoryInfo          : PermissionDenied: (MSFT_NetFirewallRule:root/standardcimv2/MSFT_NetFirewallRule) [New-Ne 
   tFirewallRule], CimException
    + FullyQualifiedErrorId : Windows System Error 5,New-NetFirewallRule
2026-09-06 09:18:59,903 [WARNING] [!] Firewall-Regeln konnten teilweise nicht gesetzt werden (Elevated Admin-Rechte unter Windows erforderlich).
2026-09-06 09:18:59,904 [INFO] [Verarbeitung] Bereinige verwaiste Tor-Prozesse und aktiviere Tor-Dienst...
2026-09-06 09:18:59,905 [INFO] Stoppe System-Tor-Instanz (tor@default)...
2026-09-06 09:18:59,912 [INFO] Prüfe auf verwaiste Tor-Prozesse und gebe Ports frei...
2026-09-06 09:19:00,424 [INFO] [+] System-Tor gestoppt – Ports frei für den Suite-eigenen Tor (RAM-Disk).
2026-09-06 09:19:00,425 [INFO] [Verarbeitung] Starte Tor-Dienst und Stealth-Relay (warte auf Bootstrap 100%)...
2026-09-06 09:19:00,430 [INFO] [+] Dynamische torrc erfolgreich in RAM-Disk erzeugt: /mnt/tor_ramdisk/torrc
2026-09-06 09:19:00,432 [INFO] Starte Tor als direkten Prozess: tor -f /mnt/tor_ramdisk/torrc
2026-09-06 09:19:02,434 [INFO] Warte auf Tor-Bootstrap (kann bei europäischen Exit-Nodes einen Moment dauern)...
2026-09-06 09:19:28,878 [INFO] [+] Tor erfolgreich gestartet und zu 100% bootstrapped.
2026-09-06 09:19:28,879 [INFO] [*] IP-Changer gestartet (Rotation alle 120 Sekunden).
2026-09-06 09:19:28,885 [INFO] [Verarbeitung] Tor bootstrapped (100%) – aktiviere DNS-Leak-Schutz & Kill-Switch...
2026-09-06 09:19:28,890 [INFO] [+] /etc/resolv.conf gehärtet und auf lokalen Tor-DNS umgeleitet.
2026-09-06 09:19:28,934 [INFO] [+] DNS-Redirect aktiv: jeder Port-53-Aufruf -> Tor-DNSPort 5353 (kein DNS-Leak).
2026-09-06 09:19:28,939 [INFO] [+] nftables Kill-Switch aktiv (Exklusiver Outbound für Tor-UID 136, DNS-Port 5353).
2026-09-06 09:19:28,941 [INFO] [Verarbeitung] Starte gehärteten Privoxy-Proxy...
2026-09-06 09:19:28,953 [INFO] [+] Privoxy user.action (Härtung) in RAM-Disk erzeugt: /mnt/tor_ramdisk/user.action
2026-09-06 09:19:28,954 [INFO] [+] Gehärtete Privoxy-Config in RAM-Disk erzeugt: /mnt/tor_ramdisk/privoxy.conf
2026-09-06 09:19:28,955 [INFO] Starte Privoxy als direkten Prozess mit RAM-Disk-Config...
2026-09-06 09:19:30,460 [INFO] [+] Privoxy erfolgreich gestartet (Hört auf 0.0.0.0:8118).
2026-09-06 09:19:30,461 [INFO] [Ausgabe] Aktiviere Windows-Systemproxy...
2026-09-06 09:19:30,462 [INFO] Setze Windows-Systemproxy auf 172.23.220.58:8118...
2026-09-06 09:19:30,713 [INFO] [+] Windows-Systemproxy erfolgreich aktiviert (172.23.220.58:8118).

==================================================================
2026-09-06 09:19:30,715 [INFO] [SUCCESS] Tor Suite ist aktiv!
2026-09-06 09:19:30,716 [INFO]  - Privoxy Proxy: 172.23.220.58:8118
2026-09-06 09:19:30,717 [INFO]  - Tor Relay ORPort: 8443
2026-09-06 09:19:30,718 [INFO]  - IP-Rotation: Alle 120 Sekunden
2026-09-06 09:19:30,719 [INFO]  - Spurenschutz: Aktive 256MB RAM-Disk (tmpfs) + nftables Kill-Switch
==================================================================
Drücke CTRL+C zum Beenden und sauberen Aufräumen.

2026-09-06 09:21:26,366 [INFO] [+] Signal NEWNYM gesendet: Tor Exit-IP gewechselt.
2026-09-06 09:23:26,388 [INFO] [+] Signal NEWNYM gesendet: Tor Exit-IP gewechselt.
2026-09-06 09:25:26,417 [INFO] [+] Signal NEWNYM gesendet: Tor Exit-IP gewechselt.
2026-09-06 09:27:28,782 [INFO] [+] Signal NEWNYM gesendet: Tor Exit-IP gewechselt.
2026-09-06 09:29:28,807 [INFO] [+] Signal NEWNYM gesendet: Tor Exit-IP gewechselt.
2026-09-06 09:31:28,832 [INFO] [+] Signal NEWNYM gesendet: Tor Exit-IP gewechselt.
2026-09-06 09:33:31,130 [INFO] [+] Signal NEWNYM gesendet: Tor Exit-IP gewechselt.
2026-09-06 09:35:31,153 [INFO] [+] Signal NEWNYM gesendet: Tor Exit-IP gewechselt.
2026-09-06 09:37:31,176 [INFO] [+] Signal NEWNYM gesendet: Tor Exit-IP gewechselt.
2026-09-06 09:39:31,202 [INFO] [+] Signal NEWNYM gesendet: Tor Exit-IP gewechselt.
2026-09-06 09:41:33,446 [INFO] [+] Signal NEWNYM gesendet: Tor Exit-IP gewechselt.
2026-09-06 09:43:33,476 [INFO] [+] Signal NEWNYM gesendet: Tor Exit-IP gewechselt.
2026-09-06 09:45:33,507 [INFO] [+] Signal NEWNYM gesendet: Tor Exit-IP gewechselt.
2026-09-06 09:47:33,536 [INFO] [+] Signal NEWNYM gesendet: Tor Exit-IP gewechselt.
2026-09-06 09:49:35,926 [INFO] [+] Signal NEWNYM gesendet: Tor Exit-IP gewechselt.
2026-09-06 09:51:35,965 [INFO] [+] Signal NEWNYM gesendet: Tor Exit-IP gewechselt.
2026-09-06 09:53:36,007 [INFO] [+] Signal NEWNYM gesendet: Tor Exit-IP gewechselt.
2026-09-06 09:55:38,016 [INFO] [+] Signal NEWNYM gesendet: Tor Exit-IP gewechselt.
2026-09-06 09:57:38,045 [INFO] [+] Signal NEWNYM gesendet: Tor Exit-IP gewechselt.
2026-09-06 09:59:38,073 [INFO] [+] Signal NEWNYM gesendet: Tor Exit-IP gewechselt.
2026-09-06 10:01:38,102 [INFO] [+] Signal NEWNYM gesendet: Tor Exit-IP gewechselt.
2026-09-06 10:03:40,491 [INFO] [+] Signal NEWNYM gesendet: Tor Exit-IP gewechselt.
2026-09-06 10:05:40,518 [INFO] [+] Signal NEWNYM gesendet: Tor Exit-IP gewechselt.
2026-09-06 10:07:40,545 [INFO] [+] Signal NEWNYM gesendet: Tor Exit-IP gewechselt.
2026-09-06 10:09:40,575 [INFO] [+] Signal NEWNYM gesendet: Tor Exit-IP gewechselt.
2026-09-06 10:11:42,593 [INFO] [+] Signal NEWNYM gesendet: Tor Exit-IP gewechselt.
2026-09-06 10:13:42,623 [INFO] [+] Signal NEWNYM gesendet: Tor Exit-IP gewechselt.
2026-09-06 10:15:42,656 [INFO] [+] Signal NEWNYM gesendet: Tor Exit-IP gewechselt.
2026-09-06 10:17:42,686 [INFO] [+] Signal NEWNYM gesendet: Tor Exit-IP gewechselt.
2026-09-06 10:19:45,102 [INFO] [+] Signal NEWNYM gesendet: Tor Exit-IP gewechselt.
2026-09-06 10:21:45,132 [INFO] [+] Signal NEWNYM gesendet: Tor Exit-IP gewechselt.
2026-09-06 10:23:45,161 [INFO] [+] Signal NEWNYM gesendet: Tor Exit-IP gewechselt.
2026-09-06 10:25:45,193 [INFO] [+] Signal NEWNYM gesendet: Tor Exit-IP gewechselt.
2026-09-06 10:27:47,617 [INFO] [+] Signal NEWNYM gesendet: Tor Exit-IP gewechselt.
2026-09-06 10:29:47,647 [INFO] [+] Signal NEWNYM gesendet: Tor Exit-IP gewechselt.
2026-09-06 10:31:47,677 [INFO] [+] Signal NEWNYM gesendet: Tor Exit-IP gewechselt.
2026-09-06 10:33:47,707 [INFO] [+] Signal NEWNYM gesendet: Tor Exit-IP gewechselt.
2026-09-06 10:35:47,737 [INFO] [+] Signal NEWNYM gesendet: Tor Exit-IP gewechselt.
2026-09-06 10:37:47,768 [INFO] [+] Signal NEWNYM gesendet: Tor Exit-IP gewechselt.
[10:38:05] stop_suite.sh
[10:38:05] stop_suite.sh
SIGTERM gesendet, warte auf sauberen Shutdown...
Cyberdeck Tor Suite herunter...
2026-09-06 10:38:05,303 [INFO] Deaktiviere Windows-Systemproxy...
2026-09-06 10:38:05,547 [INFO] [+] Windows-Systemproxy erfolgreich deaktiviert.
2026-09-06 10:38:05,548 [INFO] Entferne temporäre Windows-Firewall-Regeln...
2026-09-06 10:38:07,316 [ERROR] [-] PowerShell-Firewall-Fehler: 
2026-09-06 10:38:07,318 [ERROR] [-] Fehler beim Löschen der Firewall-Regeln.
2026-09-06 10:38:07,338 [INFO] [+] DNS-Redirect-Tabelle erfolgreich entfernt.
2026-09-06 10:38:07,358 [INFO] [+] nftables Kill-Switch Tabelle erfolgreich gelöscht.
2026-09-06 10:38:07,363 [INFO] [+] Ursprüngliche /etc/resolv.conf wiederhergestellt.
2026-09-06 10:38:07,363 [INFO] Stoppe Privoxy-Dienst...
2026-09-06 10:38:07,368 [INFO] [+] Privoxy sauber beendet.
2026-09-06 10:38:07,370 [INFO] Stoppe Tor-Prozess und IP-Changer...
2026-09-06 10:38:07,543 [INFO] [+] Tor-Prozess sauber beendet.
2026-09-06 10:38:07,544 [INFO] Stoppe tor@default...
2026-09-06 10:38:07,551 [INFO] Prüfe auf verwaiste Tor-Prozesse und gebe Ports frei...
2026-09-06 10:38:08,063 [INFO] [+] tor@default beendet.
2026-09-06 10:38:08,064 [INFO] Unmounte RAM-Disk unter /mnt/tor_ramdisk...
2026-09-06 10:38:08,087 [INFO] [+] RAM-Disk sauber unmountet und Spuren beseitigt.
2026-09-06 10:38:08,088 [INFO] [+] Shutdown abgeschlossen. Sämtliche temporären Daten wurden aus dem RAM gelöscht.
Suite gestoppt.
[16:58:15] start_suite.sh
noch nicht root -> sudo -n (NOPASSWD)
[16:58:15] start_suite.sh
gestartet pid=652 (root)
==================================================================
         CYBERDECK TOR SUITE (WSL2 / RAM-DISK EDITION)          
==================================================================

2026-09-06 16:58:15,512 [INFO] [Vorbereitung] Entferne ggf. übrig gebliebenen Windows-Systemproxy (Stale-State)...
2026-09-06 16:58:15,513 [INFO] Deaktiviere Windows-Systemproxy...
2026-09-06 16:58:15,772 [INFO] [+] Windows-Systemproxy erfolgreich deaktiviert.
2026-09-06 16:58:15,773 [INFO] [Eingabe] Prüfe Systemvoraussetzungen...
2026-09-06 16:58:15,776 [INFO] [+] Systemcheck erfolgreich. WSL-IP ermittelt: 172.23.220.58
2026-09-06 16:58:15,777 [INFO] [Verarbeitung] Initialisiere 256MB RAM-Disk (tmpfs)...
2026-09-06 16:58:15,779 [INFO] Mounte 256MB tmpfs auf /mnt/tor_ramdisk...
2026-09-06 16:58:15,782 [INFO] [+] RAM-Disk erfolgreich gemountet.
2026-09-06 16:58:15,784 [INFO] [+] Unterstrukturen für Tor (/mnt/tor_ramdisk/tor_data) und Privoxy (/mnt/tor_ramdisk/privoxy) vorbereitet.
2026-09-06 16:58:15,785 [INFO] [Verarbeitung] Erzeuge dynamische Konfigurationsdateien in der RAM-Disk...
2026-09-06 16:58:16,113 [INFO] [+] Dynamische torrc erfolgreich in RAM-Disk erzeugt: /mnt/tor_ramdisk/torrc
2026-09-06 16:58:16,128 [INFO] [+] Privoxy user.action (Härtung) in RAM-Disk erzeugt: /mnt/tor_ramdisk/user.action
2026-09-06 16:58:16,129 [INFO] [+] Gehärtete Privoxy-Config in RAM-Disk erzeugt: /mnt/tor_ramdisk/privoxy.conf
2026-09-06 16:58:16,130 [INFO] [Verarbeitung] Wende strikte POSIX-Sicherheitsrechte an...
2026-09-06 16:58:16,131 [INFO] Setze strikte Dateirechte & erstelle Systempfade...
2026-09-06 16:58:16,132 [INFO] [+] Pfad /mnt/tor_ramdisk/torrc mit Rechte 0600 & User-UID 136 vorbereitet.
2026-09-06 16:58:16,134 [INFO] [Verarbeitung] Konfiguriere Windows Defender Firewall-Regeln...
2026-09-06 16:58:16,135 [INFO] Konfiguriere Windows-Firewall-Regeln für Ports 8118 (Privoxy) & 8443 (ORPort)...
2026-09-06 16:58:19,921 [ERROR] [-] PowerShell-Firewall-Fehler: New-NetFirewallRule : Zugriff verweigert 
In Zeile:1 Zeichen:97
+ ... lyContinue; New-NetFirewallRule -DisplayName "Cyberdeck_TorSuite_Priv ...
+                 ~~~~~~~~~~~~~~~~~~~~~~~~~~~~~~~~~~~~~~~~~~~~~~~~~~~~~~~~~
    + CategoryInfo          : PermissionDenied: (MSFT_NetFirewallRule:root/standardcimv2/MSFT_NetFirewallRule) [New-Ne 
   tFirewallRule], CimException
    + FullyQualifiedErrorId : Windows System Error 5,New-NetFirewallRule
 
New-NetFirewallRule : Zugriff verweigert 
In Zeile:1 Zeichen:390
+ ... lyContinue; New-NetFirewallRule -DisplayName "Cyberdeck_TorSuite_ORPo ...
+                 ~~~~~~~~~~~~~~~~~~~~~~~~~~~~~~~~~~~~~~~~~~~~~~~~~~~~~~~~~
    + CategoryInfo          : PermissionDenied: (MSFT_NetFirewallRule:root/standardcimv2/MSFT_NetFirewallRule) [New-Ne 
   tFirewallRule], CimException
    + FullyQualifiedErrorId : Windows System Error 5,New-NetFirewallRule
2026-09-06 16:58:19,947 [WARNING] [!] Firewall-Regeln konnten teilweise nicht gesetzt werden (Elevated Admin-Rechte unter Windows erforderlich).
2026-09-06 16:58:19,950 [INFO] [Verarbeitung] Bereinige verwaiste Tor-Prozesse und aktiviere Tor-Dienst...
2026-09-06 16:58:19,952 [INFO] Stoppe System-Tor-Instanz (tor@default)...
2026-09-06 16:58:20,031 [INFO] Prüfe auf verwaiste Tor-Prozesse und gebe Ports frei...
2026-09-06 16:58:20,563 [INFO] [+] System-Tor gestoppt – Ports frei für den Suite-eigenen Tor (RAM-Disk).
2026-09-06 16:58:20,570 [INFO] [Verarbeitung] Starte Tor-Dienst und Stealth-Relay (warte auf Bootstrap 100%)...
2026-09-06 16:58:20,593 [INFO] [+] Dynamische torrc erfolgreich in RAM-Disk erzeugt: /mnt/tor_ramdisk/torrc
2026-09-06 16:58:20,617 [INFO] Starte Tor als direkten Prozess: tor -f /mnt/tor_ramdisk/torrc
2026-09-06 16:58:22,619 [INFO] Warte auf Tor-Bootstrap (kann bei europäischen Exit-Nodes einen Moment dauern)...
2026-09-06 16:58:41,975 [INFO] [+] Tor erfolgreich gestartet und zu 100% bootstrapped.
2026-09-06 16:58:41,976 [INFO] [*] IP-Changer gestartet (Rotation alle 120 Sekunden).
2026-09-06 16:58:41,982 [INFO] [Verarbeitung] Tor bootstrapped (100%) – aktiviere DNS-Leak-Schutz & Kill-Switch...
2026-09-06 16:58:41,987 [INFO] [+] /etc/resolv.conf gehärtet und auf lokalen Tor-DNS umgeleitet.
2026-09-06 16:58:42,043 [INFO] [+] DNS-Redirect aktiv: jeder Port-53-Aufruf -> Tor-DNSPort 5353 (kein DNS-Leak).
2026-09-06 16:58:42,049 [INFO] [+] nftables Kill-Switch aktiv (Exklusiver Outbound für Tor-UID 136, DNS-Port 5353).
2026-09-06 16:58:42,050 [INFO] [Verarbeitung] Starte gehärteten Privoxy-Proxy...
2026-09-06 16:58:42,060 [INFO] [+] Privoxy user.action (Härtung) in RAM-Disk erzeugt: /mnt/tor_ramdisk/user.action
2026-09-06 16:58:42,061 [INFO] [+] Gehärtete Privoxy-Config in RAM-Disk erzeugt: /mnt/tor_ramdisk/privoxy.conf
2026-09-06 16:58:42,062 [INFO] Starte Privoxy als direkten Prozess mit RAM-Disk-Config...
2026-09-06 16:58:43,567 [INFO] [+] Privoxy erfolgreich gestartet (Hört auf 0.0.0.0:8118).
2026-09-06 16:58:43,568 [INFO] [Ausgabe] Aktiviere Windows-Systemproxy...
2026-09-06 16:58:43,569 [INFO] Setze Windows-Systemproxy auf 172.23.220.58:8118...
2026-09-06 16:58:43,843 [INFO] [+] Windows-Systemproxy erfolgreich aktiviert (172.23.220.58:8118).

==================================================================
2026-09-06 16:58:43,846 [INFO] [SUCCESS] Tor Suite ist aktiv!
2026-09-06 16:58:43,847 [INFO]  - Privoxy Proxy: 172.23.220.58:8118
2026-09-06 16:58:43,848 [INFO]  - Tor Relay ORPort: 8443
2026-09-06 16:58:43,849 [INFO]  - IP-Rotation: Alle 120 Sekunden
2026-09-06 16:58:43,849 [INFO]  - Spurenschutz: Aktive 256MB RAM-Disk (tmpfs) + nftables Kill-Switch
==================================================================
Drücke CTRL+C zum Beenden und sauberen Aufräumen.

2026-09-06 17:00:42,019 [INFO] [+] Signal NEWNYM gesendet: Tor Exit-IP gewechselt.
2026-09-06 17:02:42,047 [INFO] [+] Signal NEWNYM gesendet: Tor Exit-IP gewechselt.
2026-09-06 17:04:44,460 [INFO] [+] Signal NEWNYM gesendet: Tor Exit-IP gewechselt.
2026-09-06 17:06:44,482 [INFO] [+] Signal NEWNYM gesendet: Tor Exit-IP gewechselt.
2026-09-06 17:08:44,503 [INFO] [+] Signal NEWNYM gesendet: Tor Exit-IP gewechselt.
2026-09-06 17:10:46,904 [INFO] [+] Signal NEWNYM gesendet: Tor Exit-IP gewechselt.
2026-09-06 17:12:46,929 [INFO] [+] Signal NEWNYM gesendet: Tor Exit-IP gewechselt.
2026-09-06 17:14:46,951 [INFO] [+] Signal NEWNYM gesendet: Tor Exit-IP gewechselt.
2026-09-06 17:16:46,980 [INFO] [+] Signal NEWNYM gesendet: Tor Exit-IP gewechselt.
2026-09-06 17:18:47,005 [INFO] [+] Signal NEWNYM gesendet: Tor Exit-IP gewechselt.
2026-09-06 17:20:50,611 [INFO] [+] Signal NEWNYM gesendet: Tor Exit-IP gewechselt.
2026-09-06 17:22:50,639 [INFO] [+] Signal NEWNYM gesendet: Tor Exit-IP gewechselt.
2026-09-06 17:24:50,677 [INFO] [+] Signal NEWNYM gesendet: Tor Exit-IP gewechselt.
2026-09-06 17:26:50,711 [INFO] [+] Signal NEWNYM gesendet: Tor Exit-IP gewechselt.
2026-09-06 17:28:50,738 [INFO] [+] Signal NEWNYM gesendet: Tor Exit-IP gewechselt.
2026-09-06 17:30:53,152 [INFO] [+] Signal NEWNYM gesendet: Tor Exit-IP gewechselt.
2026-09-06 17:32:53,176 [INFO] [+] Signal NEWNYM gesendet: Tor Exit-IP gewechselt.
2026-09-06 17:34:53,204 [INFO] [+] Signal NEWNYM gesendet: Tor Exit-IP gewechselt.
[17:35:29] stop_suite.sh
[17:35:29] stop_suite.sh
SIGTERM gesendet, warte auf sauberen Shutdown...
Cyberdeck Tor Suite herunter...
2026-09-06 17:35:29,577 [INFO] Deaktiviere Windows-Systemproxy...
2026-09-06 17:35:29,812 [INFO] [+] Windows-Systemproxy erfolgreich deaktiviert.
2026-09-06 17:35:29,813 [INFO] Entferne temporäre Windows-Firewall-Regeln...
[17:35:31] stop_suite.sh
[17:35:31] stop_suite.sh
SIGTERM gesendet, warte auf sauberen Shutdown...
2026-09-06 17:35:31,507 [ERROR] [-] PowerShell-Firewall-Fehler: 
2026-09-06 17:35:31,508 [ERROR] [-] Fehler beim Löschen der Firewall-Regeln.
2026-09-06 17:35:31,529 [INFO] [+] DNS-Redirect-Tabelle erfolgreich entfernt.
2026-09-06 17:35:31,545 [INFO] [+] nftables Kill-Switch Tabelle erfolgreich gelöscht.
2026-09-06 17:35:31,550 [INFO] [+] Ursprüngliche /etc/resolv.conf wiederhergestellt.
2026-09-06 17:35:31,551 [INFO] Stoppe Privoxy-Dienst...
2026-09-06 17:35:31,554 [INFO] [+] Privoxy sauber beendet.
2026-09-06 17:35:31,555 [INFO] Stoppe Tor-Prozess und IP-Changer...
2026-09-06 17:35:31,677 [INFO] [+] Tor-Prozess sauber beendet.
2026-09-06 17:35:31,678 [INFO] Stoppe tor@default...
2026-09-06 17:35:31,685 [INFO] Prüfe auf verwaiste Tor-Prozesse und gebe Ports frei...
2026-09-06 17:35:32,195 [INFO] [+] tor@default beendet.
2026-09-06 17:35:32,197 [INFO] Unmounte RAM-Disk unter /mnt/tor_ramdisk...
2026-09-06 17:35:32,219 [INFO] [+] RAM-Disk sauber unmountet und Spuren beseitigt.
2026-09-06 17:35:32,220 [INFO] [+] Shutdown abgeschlossen. Sämtliche temporären Daten wurden aus dem RAM gelöscht.
Suite gestoppt.
Suite gestoppt.
[20:01:51] start_suite.sh
already-running pid=628 (kein Doppelstart)
[20:03:03] start_suite.sh
noch nicht root -> sudo -n (NOPASSWD)
[20:03:04] start_suite.sh
gestartet pid=641 (root)
==================================================================
         CYBERDECK TOR SUITE (WSL2 / RAM-DISK EDITION)          
==================================================================

2026-09-06 20:03:04,305 [INFO] [Vorbereitung] Entferne ggf. übrig gebliebenen Windows-Systemproxy (Stale-State)...
2026-09-06 20:03:04,306 [INFO] Deaktiviere Windows-Systemproxy...
2026-09-06 20:03:04,555 [INFO] [+] Windows-Systemproxy erfolgreich deaktiviert.
2026-09-06 20:03:04,556 [INFO] [Eingabe] Prüfe Systemvoraussetzungen...
2026-09-06 20:03:04,560 [INFO] [+] Systemcheck erfolgreich. WSL-IP ermittelt: 172.23.220.58
2026-09-06 20:03:04,561 [INFO] [Verarbeitung] Initialisiere 256MB RAM-Disk (tmpfs)...
2026-09-06 20:03:04,562 [INFO] Mounte 256MB tmpfs auf /mnt/tor_ramdisk...
2026-09-06 20:03:04,565 [INFO] [+] RAM-Disk erfolgreich gemountet.
2026-09-06 20:03:04,566 [INFO] [+] Unterstrukturen für Tor (/mnt/tor_ramdisk/tor_data) und Privoxy (/mnt/tor_ramdisk/privoxy) vorbereitet.
2026-09-06 20:03:04,568 [INFO] [Verarbeitung] Erzeuge dynamische Konfigurationsdateien in der RAM-Disk...
2026-09-06 20:03:04,832 [INFO] [+] Dynamische torrc erfolgreich in RAM-Disk erzeugt: /mnt/tor_ramdisk/torrc
2026-09-06 20:03:04,842 [INFO] [+] Privoxy user.action (Härtung) in RAM-Disk erzeugt: /mnt/tor_ramdisk/user.action
2026-09-06 20:03:04,843 [INFO] [+] Gehärtete Privoxy-Config in RAM-Disk erzeugt: /mnt/tor_ramdisk/privoxy.conf
2026-09-06 20:03:04,844 [INFO] [Verarbeitung] Wende strikte POSIX-Sicherheitsrechte an...
2026-09-06 20:03:04,845 [INFO] Setze strikte Dateirechte & erstelle Systempfade...
2026-09-06 20:03:04,846 [INFO] [+] Pfad /mnt/tor_ramdisk/torrc mit Rechte 0600 & User-UID 136 vorbereitet.
2026-09-06 20:03:04,847 [INFO] [Verarbeitung] Konfiguriere Windows Defender Firewall-Regeln...
2026-09-06 20:03:04,847 [INFO] Konfiguriere Windows-Firewall-Regeln für Ports 8118 (Privoxy) & 8443 (ORPort)...
2026-09-06 20:03:06,852 [ERROR] [-] PowerShell-Firewall-Fehler: New-NetFirewallRule : Zugriff verweigert 
In Zeile:1 Zeichen:97
+ ... lyContinue; New-NetFirewallRule -DisplayName "Cyberdeck_TorSuite_Priv ...
+                 ~~~~~~~~~~~~~~~~~~~~~~~~~~~~~~~~~~~~~~~~~~~~~~~~~~~~~~~~~
    + CategoryInfo          : PermissionDenied: (MSFT_NetFirewallRule:root/standardcimv2/MSFT_NetFirewallRule) [New-Ne 
   tFirewallRule], CimException
    + FullyQualifiedErrorId : Windows System Error 5,New-NetFirewallRule
 
New-NetFirewallRule : Zugriff verweigert 
In Zeile:1 Zeichen:390
+ ... lyContinue; New-NetFirewallRule -DisplayName "Cyberdeck_TorSuite_ORPo ...
+                 ~~~~~~~~~~~~~~~~~~~~~~~~~~~~~~~~~~~~~~~~~~~~~~~~~~~~~~~~~
    + CategoryInfo          : PermissionDenied: (MSFT_NetFirewallRule:root/standardcimv2/MSFT_NetFirewallRule) [New-Ne 
   tFirewallRule], CimException
    + FullyQualifiedErrorId : Windows System Error 5,New-NetFirewallRule
2026-09-06 20:03:06,853 [WARNING] [!] Firewall-Regeln konnten teilweise nicht gesetzt werden (Elevated Admin-Rechte unter Windows erforderlich).
2026-09-06 20:03:06,854 [INFO] [Verarbeitung] Bereinige verwaiste Tor-Prozesse und aktiviere Tor-Dienst...
2026-09-06 20:03:06,855 [INFO] Stoppe System-Tor-Instanz (tor@default)...
2026-09-06 20:03:06,862 [INFO] Prüfe auf verwaiste Tor-Prozesse und gebe Ports frei...
2026-09-06 20:03:07,376 [INFO] [+] System-Tor gestoppt – Ports frei für den Suite-eigenen Tor (RAM-Disk).
2026-09-06 20:03:07,377 [INFO] [Verarbeitung] Starte Tor-Dienst und Stealth-Relay (warte auf Bootstrap 100%)...
2026-09-06 20:03:07,382 [INFO] [+] Dynamische torrc erfolgreich in RAM-Disk erzeugt: /mnt/tor_ramdisk/torrc
2026-09-06 20:03:07,386 [INFO] Starte Tor als direkten Prozess: tor -f /mnt/tor_ramdisk/torrc
2026-09-06 20:03:09,387 [INFO] Warte auf Tor-Bootstrap (kann bei europäischen Exit-Nodes einen Moment dauern)...
2026-09-06 20:03:27,256 [INFO] [+] Tor erfolgreich gestartet und zu 100% bootstrapped.
2026-09-06 20:03:27,257 [INFO] [*] IP-Changer gestartet (Rotation alle 120 Sekunden).
2026-09-06 20:03:27,263 [INFO] [Verarbeitung] Tor bootstrapped (100%) – aktiviere DNS-Leak-Schutz & Kill-Switch...
2026-09-06 20:03:27,268 [INFO] [+] /etc/resolv.conf gehärtet und auf lokalen Tor-DNS umgeleitet.
2026-09-06 20:03:27,308 [INFO] [+] DNS-Redirect aktiv: jeder Port-53-Aufruf -> Tor-DNSPort 5353 (kein DNS-Leak).
2026-09-06 20:03:27,312 [INFO] [+] nftables Kill-Switch aktiv (Exklusiver Outbound für Tor-UID 136, DNS-Port 5353).
2026-09-06 20:03:27,314 [INFO] [Verarbeitung] Starte gehärteten Privoxy-Proxy...
2026-09-06 20:03:27,323 [INFO] [+] Privoxy user.action (Härtung) in RAM-Disk erzeugt: /mnt/tor_ramdisk/user.action
2026-09-06 20:03:27,324 [INFO] [+] Gehärtete Privoxy-Config in RAM-Disk erzeugt: /mnt/tor_ramdisk/privoxy.conf
2026-09-06 20:03:27,325 [INFO] Starte Privoxy als direkten Prozess mit RAM-Disk-Config...
2026-09-06 20:03:28,828 [INFO] [+] Privoxy erfolgreich gestartet (Hört auf 0.0.0.0:8118).
2026-09-06 20:03:28,829 [INFO] [Ausgabe] Aktiviere Windows-Systemproxy...
2026-09-06 20:03:28,830 [INFO] Setze Windows-Systemproxy auf 172.23.220.58:8118...
2026-09-06 20:03:29,070 [INFO] [+] Windows-Systemproxy erfolgreich aktiviert (172.23.220.58:8118).

==================================================================
2026-09-06 20:03:29,071 [INFO] [SUCCESS] Tor Suite ist aktiv!
2026-09-06 20:03:29,072 [INFO]  - Privoxy Proxy: 172.23.220.58:8118
2026-09-06 20:03:29,073 [INFO]  - Tor Relay ORPort: 8443
2026-09-06 20:03:29,074 [INFO]  - IP-Rotation: Alle 120 Sekunden
2026-09-06 20:03:29,075 [INFO]  - Spurenschutz: Aktive 256MB RAM-Disk (tmpfs) + nftables Kill-Switch
==================================================================
Drücke CTRL+C zum Beenden und sauberen Aufräumen.

2026-09-06 20:05:27,283 [INFO] [+] Signal NEWNYM gesendet: Tor Exit-IP gewechselt.
2026-09-06 20:07:27,306 [INFO] [+] Signal NEWNYM gesendet: Tor Exit-IP gewechselt.
2026-09-06 20:09:27,329 [INFO] [+] Signal NEWNYM gesendet: Tor Exit-IP gewechselt.
2026-09-06 20:11:27,353 [INFO] [+] Signal NEWNYM gesendet: Tor Exit-IP gewechselt.
2026-09-06 20:13:27,374 [INFO] [+] Signal NEWNYM gesendet: Tor Exit-IP gewechselt.
2026-09-06 20:15:27,396 [INFO] [+] Signal NEWNYM gesendet: Tor Exit-IP gewechselt.
2026-09-06 20:17:29,980 [INFO] [+] Signal NEWNYM gesendet: Tor Exit-IP gewechselt.
2026-09-06 20:19:30,001 [INFO] [+] Signal NEWNYM gesendet: Tor Exit-IP gewechselt.
2026-09-06 20:21:30,025 [INFO] [+] Signal NEWNYM gesendet: Tor Exit-IP gewechselt.
2026-09-06 20:23:30,047 [INFO] [+] Signal NEWNYM gesendet: Tor Exit-IP gewechselt.
[20:24:04] stop_suite.sh
[20:24:04] stop_suite.sh


2026-09-06 20:24:04,997 [INFO] [Cleanup] Fahre Cyberdeck Tor Suite herunter...
2026-09-06 20:24:04,998 [INFO] Deaktiviere Windows-Systemproxy...
2026-09-06 20:24:05,233 [INFO] [+] Windows-Systemproxy erfolgreich deaktiviert.
2026-09-06 20:24:05,234 [INFO] Entferne temporäre Windows-Firewall-Regeln...
2026-09-06 20:24:06,931 [ERROR] [-] PowerShell-Firewall-Fehler: 
2026-09-06 20:24:06,932 [ERROR] [-] Fehler beim Löschen der Firewall-Regeln.
2026-09-06 20:24:06,958 [INFO] [+] DNS-Redirect-Tabelle erfolgreich entfernt.
2026-09-06 20:24:06,970 [INFO] [+] nftables Kill-Switch Tabelle erfolgreich gelöscht.
2026-09-06 20:24:06,975 [INFO] [+] Ursprüngliche /etc/resolv.conf wiederhergestellt.
2026-09-06 20:24:06,976 [INFO] Stoppe Privoxy-Dienst...
2026-09-06 20:24:06,981 [INFO] [+] Privoxy sauber beendet.
2026-09-06 20:24:06,983 [INFO] Stoppe Tor-Prozess und IP-Changer...
2026-09-06 20:24:07,105 [INFO] [+] Tor-Prozess sauber beendet.
2026-09-06 20:24:07,106 [INFO] Stoppe tor@default...
2026-09-06 20:24:07,113 [INFO] Prüfe auf verwaiste Tor-Prozesse und gebe Ports frei...
2026-09-06 20:24:07,624 [INFO] [+] tor@default beendet.
2026-09-06 20:24:07,625 [INFO] Unmounte RAM-Disk unter /mnt/tor_ramdisk...
2026-09-06 20:24:07,648 [INFO] [+] RAM-Disk sauber unmountet und Spuren beseitigt.
2026-09-06 20:24:07,649 [INFO] [+] Shutdown abgeschlossen. Sämtliche temporären Daten wurden aus dem RAM gelöscht.
Suite gestoppt.
[07:41:37] start_suite.sh
noch nicht root -> sudo -n (NOPASSWD)
[07:41:37] start_suite.sh
gestartet pid=1129 (root)
==================================================================
         CYBERDECK TOR SUITE (WSL2 / RAM-DISK EDITION)          
==================================================================

2026-09-07 07:41:37,538 [INFO] [Vorbereitung] Entferne ggf. übrig gebliebenen Windows-Systemproxy (Stale-State)...
2026-09-07 07:41:37,539 [INFO] Deaktiviere Windows-Systemproxy...
2026-09-07 07:41:37,817 [INFO] [+] Windows-Systemproxy erfolgreich deaktiviert.
2026-09-07 07:41:37,818 [INFO] [Eingabe] Prüfe Systemvoraussetzungen...
2026-09-07 07:41:37,822 [INFO] [+] Systemcheck erfolgreich. WSL-IP ermittelt: 172.23.220.58
2026-09-07 07:41:37,823 [INFO] [Verarbeitung] Initialisiere 256MB RAM-Disk (tmpfs)...
2026-09-07 07:41:37,824 [INFO] Mounte 256MB tmpfs auf /mnt/tor_ramdisk...
2026-09-07 07:41:37,828 [INFO] [+] RAM-Disk erfolgreich gemountet.
2026-09-07 07:41:37,829 [INFO] [+] Unterstrukturen für Tor (/mnt/tor_ramdisk/tor_data) und Privoxy (/mnt/tor_ramdisk/privoxy) vorbereitet.
2026-09-07 07:41:37,830 [INFO] [Verarbeitung] Erzeuge dynamische Konfigurationsdateien in der RAM-Disk...
2026-09-07 07:41:38,177 [INFO] [+] Dynamische torrc erfolgreich in RAM-Disk erzeugt: /mnt/tor_ramdisk/torrc
2026-09-07 07:41:38,193 [INFO] [+] Privoxy user.action (Härtung) in RAM-Disk erzeugt: /mnt/tor_ramdisk/user.action
2026-09-07 07:41:38,194 [INFO] [+] Gehärtete Privoxy-Config in RAM-Disk erzeugt: /mnt/tor_ramdisk/privoxy.conf
2026-09-07 07:41:38,196 [INFO] [Verarbeitung] Wende strikte POSIX-Sicherheitsrechte an...
2026-09-07 07:41:38,197 [INFO] Setze strikte Dateirechte & erstelle Systempfade...
2026-09-07 07:41:38,198 [INFO] [+] Pfad /mnt/tor_ramdisk/torrc mit Rechte 0600 & User-UID 136 vorbereitet.
2026-09-07 07:41:38,199 [INFO] [Verarbeitung] Konfiguriere Windows Defender Firewall-Regeln...
2026-09-07 07:41:38,201 [INFO] Konfiguriere Windows-Firewall-Regeln für Ports 8118 (Privoxy) & 8443 (ORPort)...
2026-09-07 07:41:40,457 [ERROR] [-] PowerShell-Firewall-Fehler: New-NetFirewallRule : Zugriff verweigert 
In Zeile:1 Zeichen:97
+ ... lyContinue; New-NetFirewallRule -DisplayName "Cyberdeck_TorSuite_Priv ...
+                 ~~~~~~~~~~~~~~~~~~~~~~~~~~~~~~~~~~~~~~~~~~~~~~~~~~~~~~~~~
    + CategoryInfo          : PermissionDenied: (MSFT_NetFirewallRule:root/standardcimv2/MSFT_NetFirewallRule) [New-Ne 
   tFirewallRule], CimException
    + FullyQualifiedErrorId : Windows System Error 5,New-NetFirewallRule
 
New-NetFirewallRule : Zugriff verweigert 
In Zeile:1 Zeichen:390
+ ... lyContinue; New-NetFirewallRule -DisplayName "Cyberdeck_TorSuite_ORPo ...
+                 ~~~~~~~~~~~~~~~~~~~~~~~~~~~~~~~~~~~~~~~~~~~~~~~~~~~~~~~~~
    + CategoryInfo          : PermissionDenied: (MSFT_NetFirewallRule:root/standardcimv2/MSFT_NetFirewallRule) [New-Ne 
   tFirewallRule], CimException
    + FullyQualifiedErrorId : Windows System Error 5,New-NetFirewallRule
2026-09-07 07:41:40,463 [WARNING] [!] Firewall-Regeln konnten teilweise nicht gesetzt werden (Elevated Admin-Rechte unter Windows erforderlich).
2026-09-07 07:41:40,464 [INFO] [Verarbeitung] Bereinige verwaiste Tor-Prozesse und aktiviere Tor-Dienst...
2026-09-07 07:41:40,465 [INFO] Stoppe System-Tor-Instanz (tor@default)...
2026-09-07 07:41:40,472 [INFO] Prüfe auf verwaiste Tor-Prozesse und gebe Ports frei...
2026-09-07 07:41:40,986 [INFO] [+] System-Tor gestoppt – Ports frei für den Suite-eigenen Tor (RAM-Disk).
2026-09-07 07:41:40,987 [INFO] [Verarbeitung] Starte Tor-Dienst und Stealth-Relay (warte auf Bootstrap 100%)...
2026-09-07 07:41:40,992 [INFO] [+] Dynamische torrc erfolgreich in RAM-Disk erzeugt: /mnt/tor_ramdisk/torrc
2026-09-07 07:41:40,996 [INFO] Starte Tor als direkten Prozess: tor -f /mnt/tor_ramdisk/torrc
2026-09-07 07:41:42,997 [INFO] Warte auf Tor-Bootstrap (kann bei europäischen Exit-Nodes einen Moment dauern)...
2026-09-07 07:41:59,479 [INFO] [+] Tor erfolgreich gestartet und zu 100% bootstrapped.
2026-09-07 07:41:59,480 [INFO] [*] IP-Changer gestartet (Rotation alle 120 Sekunden).
2026-09-07 07:41:59,486 [INFO] [Verarbeitung] Tor bootstrapped (100%) – aktiviere DNS-Leak-Schutz & Kill-Switch...
2026-09-07 07:41:59,490 [INFO] [+] /etc/resolv.conf gehärtet und auf lokalen Tor-DNS umgeleitet.
2026-09-07 07:41:59,556 [INFO] [+] DNS-Redirect aktiv: jeder Port-53-Aufruf -> Tor-DNSPort 5353 (kein DNS-Leak).
2026-09-07 07:41:59,564 [INFO] [+] nftables Kill-Switch aktiv (Exklusiver Outbound für Tor-UID 136, DNS-Port 5353).
2026-09-07 07:41:59,566 [INFO] [Verarbeitung] Starte gehärteten Privoxy-Proxy...
2026-09-07 07:41:59,576 [INFO] [+] Privoxy user.action (Härtung) in RAM-Disk erzeugt: /mnt/tor_ramdisk/user.action
2026-09-07 07:41:59,577 [INFO] [+] Gehärtete Privoxy-Config in RAM-Disk erzeugt: /mnt/tor_ramdisk/privoxy.conf
2026-09-07 07:41:59,578 [INFO] Starte Privoxy als direkten Prozess mit RAM-Disk-Config...
2026-09-07 07:42:01,082 [INFO] [+] Privoxy erfolgreich gestartet (Hört auf 0.0.0.0:8118).
2026-09-07 07:42:01,083 [INFO] [Ausgabe] Aktiviere Windows-Systemproxy...
2026-09-07 07:42:01,084 [INFO] Setze Windows-Systemproxy auf 172.23.220.58:8118...
2026-09-07 07:42:01,344 [INFO] [+] Windows-Systemproxy erfolgreich aktiviert (172.23.220.58:8118).

==================================================================
2026-09-07 07:42:01,346 [INFO] [SUCCESS] Tor Suite ist aktiv!
2026-09-07 07:42:01,348 [INFO]  - Privoxy Proxy: 172.23.220.58:8118
2026-09-07 07:42:01,349 [INFO]  - Tor Relay ORPort: 8443
2026-09-07 07:42:01,350 [INFO]  - IP-Rotation: Alle 120 Sekunden
2026-09-07 07:42:01,351 [INFO]  - Spurenschutz: Aktive 256MB RAM-Disk (tmpfs) + nftables Kill-Switch
==================================================================
Drücke CTRL+C zum Beenden und sauberen Aufräumen.

2026-09-07 07:43:59,512 [INFO] [+] Signal NEWNYM gesendet: Tor Exit-IP gewechselt.
2026-09-07 07:45:59,541 [INFO] [+] Signal NEWNYM gesendet: Tor Exit-IP gewechselt.
2026-09-07 07:47:59,567 [INFO] [+] Signal NEWNYM gesendet: Tor Exit-IP gewechselt.
2026-09-07 07:49:59,468 [INFO] [+] Signal NEWNYM gesendet: Tor Exit-IP gewechselt.
2026-09-07 07:51:59,490 [INFO] [+] Signal NEWNYM gesendet: Tor Exit-IP gewechselt.
2026-09-07 07:53:59,513 [INFO] [+] Signal NEWNYM gesendet: Tor Exit-IP gewechselt.
2026-09-07 07:55:59,404 [INFO] [+] Signal NEWNYM gesendet: Tor Exit-IP gewechselt.
2026-09-07 07:57:59,428 [INFO] [+] Signal NEWNYM gesendet: Tor Exit-IP gewechselt.
2026-09-07 07:59:59,450 [INFO] [+] Signal NEWNYM gesendet: Tor Exit-IP gewechselt.
2026-09-07 08:01:59,474 [INFO] [+] Signal NEWNYM gesendet: Tor Exit-IP gewechselt.
2026-09-07 08:04:02,121 [INFO] [+] Signal NEWNYM gesendet: Tor Exit-IP gewechselt.
2026-09-07 08:06:02,150 [INFO] [+] Signal NEWNYM gesendet: Tor Exit-IP gewechselt.
2026-09-07 08:08:02,179 [INFO] [+] Signal NEWNYM gesendet: Tor Exit-IP gewechselt.
2026-09-07 08:10:02,211 [INFO] [+] Signal NEWNYM gesendet: Tor Exit-IP gewechselt.
2026-09-07 08:12:02,237 [INFO] [+] Signal NEWNYM gesendet: Tor Exit-IP gewechselt.
2026-09-07 08:14:02,263 [INFO] [+] Signal NEWNYM gesendet: Tor Exit-IP gewechselt.
2026-09-07 08:16:02,289 [INFO] [+] Signal NEWNYM gesendet: Tor Exit-IP gewechselt.
[08:17:12] stop_suite.sh
[08:17:12] stop_suite.sh
SIGTERM gesendet, warte auf sauberen Shutdown...
Cyberdeck Tor Suite herunter...
2026-09-07 08:17:12,905 [INFO] Deaktiviere Windows-Systemproxy...
2026-09-07 08:17:13,150 [INFO] [+] Windows-Systemproxy erfolgreich deaktiviert.
2026-09-07 08:17:13,151 [INFO] Entferne temporäre Windows-Firewall-Regeln...
[08:17:14] stop_suite.sh
[08:17:14] stop_suite.sh
SIGTERM gesendet, warte auf sauberen Shutdown...
2026-09-07 08:17:14,853 [ERROR] [-] PowerShell-Firewall-Fehler: 
2026-09-07 08:17:14,854 [ERROR] [-] Fehler beim Löschen der Firewall-Regeln.
2026-09-07 08:17:14,893 [INFO] [+] DNS-Redirect-Tabelle erfolgreich entfernt.
2026-09-07 08:17:14,913 [INFO] [+] nftables Kill-Switch Tabelle erfolgreich gelöscht.
2026-09-07 08:17:14,918 [INFO] [+] Ursprüngliche /etc/resolv.conf wiederhergestellt.
2026-09-07 08:17:14,919 [INFO] Stoppe Privoxy-Dienst...
2026-09-07 08:17:14,925 [INFO] [+] Privoxy sauber beendet.
2026-09-07 08:17:14,926 [INFO] Stoppe Tor-Prozess und IP-Changer...
2026-09-07 08:17:15,099 [INFO] [+] Tor-Prozess sauber beendet.
2026-09-07 08:17:15,100 [INFO] Stoppe tor@default...
2026-09-07 08:17:15,107 [INFO] Prüfe auf verwaiste Tor-Prozesse und gebe Ports frei...
2026-09-07 08:17:15,617 [INFO] [+] tor@default beendet.
2026-09-07 08:17:15,619 [INFO] Unmounte RAM-Disk unter /mnt/tor_ramdisk...
2026-09-07 08:17:15,643 [INFO] [+] RAM-Disk sauber unmountet und Spuren beseitigt.
2026-09-07 08:17:15,645 [INFO] [+] Shutdown abgeschlossen. Sämtliche temporären Daten wurden aus dem RAM gelöscht.
Suite gestoppt.
Suite gestoppt.
[11:01:12] start_suite.sh
noch nicht root -> sudo -n (NOPASSWD)
[11:01:12] start_suite.sh
gestartet pid=643 (root)
==================================================================
         CYBERDECK TOR SUITE (WSL2 / RAM-DISK EDITION)          
==================================================================

2026-09-07 11:01:12,786 [INFO] [Vorbereitung] Entferne ggf. übrig gebliebenen Windows-Systemproxy (Stale-State)...
2026-09-07 11:01:12,787 [INFO] Deaktiviere Windows-Systemproxy...
2026-09-07 11:01:13,026 [INFO] [+] Windows-Systemproxy erfolgreich deaktiviert.
2026-09-07 11:01:13,027 [INFO] [Eingabe] Prüfe Systemvoraussetzungen...
2026-09-07 11:01:13,030 [INFO] [+] Systemcheck erfolgreich. WSL-IP ermittelt: 172.23.220.58
2026-09-07 11:01:13,031 [INFO] [Verarbeitung] Initialisiere 256MB RAM-Disk (tmpfs)...
2026-09-07 11:01:13,033 [INFO] Mounte 256MB tmpfs auf /mnt/tor_ramdisk...
2026-09-07 11:01:13,036 [INFO] [+] RAM-Disk erfolgreich gemountet.
2026-09-07 11:01:13,038 [INFO] [+] Unterstrukturen für Tor (/mnt/tor_ramdisk/tor_data) und Privoxy (/mnt/tor_ramdisk/privoxy) vorbereitet.
2026-09-07 11:01:13,038 [INFO] [Verarbeitung] Erzeuge dynamische Konfigurationsdateien in der RAM-Disk...
2026-09-07 11:01:13,307 [INFO] [+] Dynamische torrc erfolgreich in RAM-Disk erzeugt: /mnt/tor_ramdisk/torrc
2026-09-07 11:01:13,318 [INFO] [+] Privoxy user.action (Härtung) in RAM-Disk erzeugt: /mnt/tor_ramdisk/user.action
2026-09-07 11:01:13,319 [INFO] [+] Gehärtete Privoxy-Config in RAM-Disk erzeugt: /mnt/tor_ramdisk/privoxy.conf
2026-09-07 11:01:13,320 [INFO] [Verarbeitung] Wende strikte POSIX-Sicherheitsrechte an...
2026-09-07 11:01:13,320 [INFO] Setze strikte Dateirechte & erstelle Systempfade...
2026-09-07 11:01:13,321 [INFO] [+] Pfad /mnt/tor_ramdisk/torrc mit Rechte 0600 & User-UID 136 vorbereitet.
2026-09-07 11:01:13,322 [INFO] [Verarbeitung] Konfiguriere Windows Defender Firewall-Regeln...
2026-09-07 11:01:13,323 [INFO] Konfiguriere Windows-Firewall-Regeln für Ports 8118 (Privoxy) & 8443 (ORPort)...
2026-09-07 11:01:15,253 [ERROR] [-] PowerShell-Firewall-Fehler: New-NetFirewallRule : Zugriff verweigert 
In Zeile:1 Zeichen:97
+ ... lyContinue; New-NetFirewallRule -DisplayName "Cyberdeck_TorSuite_Priv ...
+                 ~~~~~~~~~~~~~~~~~~~~~~~~~~~~~~~~~~~~~~~~~~~~~~~~~~~~~~~~~
    + CategoryInfo          : PermissionDenied: (MSFT_NetFirewallRule:root/standardcimv2/MSFT_NetFirewallRule) [New-Ne 
   tFirewallRule], CimException
    + FullyQualifiedErrorId : Windows System Error 5,New-NetFirewallRule
 
New-NetFirewallRule : Zugriff verweigert 
In Zeile:1 Zeichen:390
+ ... lyContinue; New-NetFirewallRule -DisplayName "Cyberdeck_TorSuite_ORPo ...
+                 ~~~~~~~~~~~~~~~~~~~~~~~~~~~~~~~~~~~~~~~~~~~~~~~~~~~~~~~~~
    + CategoryInfo          : PermissionDenied: (MSFT_NetFirewallRule:root/standardcimv2/MSFT_NetFirewallRule) [New-Ne 
   tFirewallRule], CimException
    + FullyQualifiedErrorId : Windows System Error 5,New-NetFirewallRule
2026-09-07 11:01:15,254 [WARNING] [!] Firewall-Regeln konnten teilweise nicht gesetzt werden (Elevated Admin-Rechte unter Windows erforderlich).
2026-09-07 11:01:15,255 [INFO] [Verarbeitung] Bereinige verwaiste Tor-Prozesse und aktiviere Tor-Dienst...
2026-09-07 11:01:15,256 [INFO] Stoppe System-Tor-Instanz (tor@default)...
2026-09-07 11:01:15,263 [INFO] Prüfe auf verwaiste Tor-Prozesse und gebe Ports frei...
2026-09-07 11:01:15,774 [INFO] [+] System-Tor gestoppt – Ports frei für den Suite-eigenen Tor (RAM-Disk).
2026-09-07 11:01:15,776 [INFO] [Verarbeitung] Starte Tor-Dienst und Stealth-Relay (warte auf Bootstrap 100%)...
2026-09-07 11:01:15,780 [INFO] [+] Dynamische torrc erfolgreich in RAM-Disk erzeugt: /mnt/tor_ramdisk/torrc
2026-09-07 11:01:15,784 [INFO] Starte Tor als direkten Prozess: tor -f /mnt/tor_ramdisk/torrc
2026-09-07 11:01:17,785 [INFO] Warte auf Tor-Bootstrap (kann bei europäischen Exit-Nodes einen Moment dauern)...
2026-09-07 11:01:47,014 [INFO] [+] Tor erfolgreich gestartet und zu 100% bootstrapped.
2026-09-07 11:01:47,015 [INFO] [*] IP-Changer gestartet (Rotation alle 120 Sekunden).
2026-09-07 11:01:47,021 [INFO] [Verarbeitung] Tor bootstrapped (100%) – aktiviere DNS-Leak-Schutz & Kill-Switch...
2026-09-07 11:01:47,025 [INFO] [+] /etc/resolv.conf gehärtet und auf lokalen Tor-DNS umgeleitet.
2026-09-07 11:01:47,067 [INFO] [+] DNS-Redirect aktiv: jeder Port-53-Aufruf -> Tor-DNSPort 5353 (kein DNS-Leak).
2026-09-07 11:01:47,075 [INFO] [+] nftables Kill-Switch aktiv (Exklusiver Outbound für Tor-UID 136, DNS-Port 5353).
2026-09-07 11:01:47,077 [INFO] [Verarbeitung] Starte gehärteten Privoxy-Proxy...
2026-09-07 11:01:47,087 [INFO] [+] Privoxy user.action (Härtung) in RAM-Disk erzeugt: /mnt/tor_ramdisk/user.action
2026-09-07 11:01:47,088 [INFO] [+] Gehärtete Privoxy-Config in RAM-Disk erzeugt: /mnt/tor_ramdisk/privoxy.conf
2026-09-07 11:01:47,089 [INFO] Starte Privoxy als direkten Prozess mit RAM-Disk-Config...
2026-09-07 11:01:48,594 [INFO] [+] Privoxy erfolgreich gestartet (Hört auf 0.0.0.0:8118).
2026-09-07 11:01:48,595 [INFO] [Ausgabe] Aktiviere Windows-Systemproxy...
2026-09-07 11:01:48,596 [INFO] Setze Windows-Systemproxy auf 172.23.220.58:8118...
2026-09-07 11:01:48,838 [INFO] [+] Windows-Systemproxy erfolgreich aktiviert (172.23.220.58:8118).

==================================================================
2026-09-07 11:01:48,839 [INFO] [SUCCESS] Tor Suite ist aktiv!
2026-09-07 11:01:48,840 [INFO]  - Privoxy Proxy: 172.23.220.58:8118
2026-09-07 11:01:48,841 [INFO]  - Tor Relay ORPort: 8443
2026-09-07 11:01:48,842 [INFO]  - IP-Rotation: Alle 120 Sekunden
2026-09-07 11:01:48,842 [INFO]  - Spurenschutz: Aktive 256MB RAM-Disk (tmpfs) + nftables Kill-Switch
==================================================================
Drücke CTRL+C zum Beenden und sauberen Aufräumen.

2026-09-07 11:03:47,042 [INFO] [+] Signal NEWNYM gesendet: Tor Exit-IP gewechselt.
[11:05:20] stop_suite.sh
[11:05:20] stop_suite.sh
SIGTERM gesendet, warte auf sauberen Shutdown...
Cyberdeck Tor Suite herunter...
2026-09-07 11:05:20,226 [INFO] Deaktiviere Windows-Systemproxy...
2026-09-07 11:05:20,483 [INFO] [+] Windows-Systemproxy erfolgreich deaktiviert.
2026-09-07 11:05:20,485 [INFO] Entferne temporäre Windows-Firewall-Regeln...
[11:05:21] stop_suite.sh
[11:05:21] stop_suite.sh
SIGTERM gesendet, warte auf sauberen Shutdown...
2026-09-07 11:05:22,375 [ERROR] [-] PowerShell-Firewall-Fehler: 
2026-09-07 11:05:22,377 [ERROR] [-] Fehler beim Löschen der Firewall-Regeln.
2026-09-07 11:05:22,399 [INFO] [+] DNS-Redirect-Tabelle erfolgreich entfernt.
2026-09-07 11:05:22,419 [INFO] [+] nftables Kill-Switch Tabelle erfolgreich gelöscht.
2026-09-07 11:05:22,421 [INFO] [+] Ursprüngliche /etc/resolv.conf wiederhergestellt.
2026-09-07 11:05:22,422 [INFO] Stoppe Privoxy-Dienst...
2026-09-07 11:05:22,427 [INFO] [+] Privoxy sauber beendet.
2026-09-07 11:05:22,428 [INFO] Stoppe Tor-Prozess und IP-Changer...
2026-09-07 11:05:27,365 [INFO] [+] Tor-Prozess sauber beendet.
2026-09-07 11:05:27,366 [INFO] Stoppe tor@default...
2026-09-07 11:05:27,374 [INFO] Prüfe auf verwaiste Tor-Prozesse und gebe Ports frei...
2026-09-07 11:05:27,888 [INFO] [+] tor@default beendet.
2026-09-07 11:05:27,891 [INFO] Unmounte RAM-Disk unter /mnt/tor_ramdisk...
2026-09-07 11:05:27,916 [INFO] [+] RAM-Disk sauber unmountet und Spuren beseitigt.
2026-09-07 11:05:27,917 [INFO] [+] Shutdown abgeschlossen. Sämtliche temporären Daten wurden aus dem RAM gelöscht.
Suite gestoppt.
Suite gestoppt.
[18:44:24] start_suite.sh
noch nicht root -> sudo -n (NOPASSWD)
[18:44:24] start_suite.sh
gestartet pid=648 (root)
==================================================================
         CYBERDECK TOR SUITE (WSL2 / RAM-DISK EDITION)          
==================================================================

2026-09-07 18:44:24,800 [INFO] [Vorbereitung] Entferne ggf. übrig gebliebenen Windows-Systemproxy (Stale-State)...
2026-09-07 18:44:24,801 [INFO] Deaktiviere Windows-Systemproxy...
2026-09-07 18:44:25,052 [INFO] [+] Windows-Systemproxy erfolgreich deaktiviert.
2026-09-07 18:44:25,054 [INFO] [Eingabe] Prüfe Systemvoraussetzungen...
2026-09-07 18:44:25,057 [INFO] [+] Systemcheck erfolgreich. WSL-IP ermittelt: 172.23.220.58
2026-09-07 18:44:25,058 [INFO] [Verarbeitung] Initialisiere 256MB RAM-Disk (tmpfs)...
2026-09-07 18:44:25,060 [INFO] Mounte 256MB tmpfs auf /mnt/tor_ramdisk...
2026-09-07 18:44:25,063 [INFO] [+] RAM-Disk erfolgreich gemountet.
2026-09-07 18:44:25,065 [INFO] [+] Unterstrukturen für Tor (/mnt/tor_ramdisk/tor_data) und Privoxy (/mnt/tor_ramdisk/privoxy) vorbereitet.
2026-09-07 18:44:25,066 [INFO] [Verarbeitung] Erzeuge dynamische Konfigurationsdateien in der RAM-Disk...
2026-09-07 18:44:25,349 [INFO] [+] Dynamische torrc erfolgreich in RAM-Disk erzeugt: /mnt/tor_ramdisk/torrc
2026-09-07 18:44:25,361 [INFO] [+] Privoxy user.action (Härtung) in RAM-Disk erzeugt: /mnt/tor_ramdisk/user.action
2026-09-07 18:44:25,362 [INFO] [+] Gehärtete Privoxy-Config in RAM-Disk erzeugt: /mnt/tor_ramdisk/privoxy.conf
2026-09-07 18:44:25,363 [INFO] [Verarbeitung] Wende strikte POSIX-Sicherheitsrechte an...
2026-09-07 18:44:25,364 [INFO] Setze strikte Dateirechte & erstelle Systempfade...
2026-09-07 18:44:25,365 [INFO] [+] Pfad /mnt/tor_ramdisk/torrc mit Rechte 0600 & User-UID 136 vorbereitet.
2026-09-07 18:44:25,366 [INFO] [Verarbeitung] Konfiguriere Windows Defender Firewall-Regeln...
2026-09-07 18:44:25,367 [INFO] Konfiguriere Windows-Firewall-Regeln für Ports 8118 (Privoxy) & 8443 (ORPort)...
2026-09-07 18:44:27,560 [ERROR] [-] PowerShell-Firewall-Fehler: New-NetFirewallRule : Zugriff verweigert 
In Zeile:1 Zeichen:97
+ ... lyContinue; New-NetFirewallRule -DisplayName "Cyberdeck_TorSuite_Priv ...
+                 ~~~~~~~~~~~~~~~~~~~~~~~~~~~~~~~~~~~~~~~~~~~~~~~~~~~~~~~~~
    + CategoryInfo          : PermissionDenied: (MSFT_NetFirewallRule:root/standardcimv2/MSFT_NetFirewallRule) [New-Ne 
   tFirewallRule], CimException
    + FullyQualifiedErrorId : Windows System Error 5,New-NetFirewallRule
 
New-NetFirewallRule : Zugriff verweigert 
In Zeile:1 Zeichen:390
+ ... lyContinue; New-NetFirewallRule -DisplayName "Cyberdeck_TorSuite_ORPo ...
+                 ~~~~~~~~~~~~~~~~~~~~~~~~~~~~~~~~~~~~~~~~~~~~~~~~~~~~~~~~~
    + CategoryInfo          : PermissionDenied: (MSFT_NetFirewallRule:root/standardcimv2/MSFT_NetFirewallRule) [New-Ne 
   tFirewallRule], CimException
    + FullyQualifiedErrorId : Windows System Error 5,New-NetFirewallRule
2026-09-07 18:44:27,561 [WARNING] [!] Firewall-Regeln konnten teilweise nicht gesetzt werden (Elevated Admin-Rechte unter Windows erforderlich).
2026-09-07 18:44:27,562 [INFO] [Verarbeitung] Bereinige verwaiste Tor-Prozesse und aktiviere Tor-Dienst...
2026-09-07 18:44:27,563 [INFO] Stoppe System-Tor-Instanz (tor@default)...
2026-09-07 18:44:27,570 [INFO] Prüfe auf verwaiste Tor-Prozesse und gebe Ports frei...
2026-09-07 18:44:28,083 [INFO] [+] System-Tor gestoppt – Ports frei für den Suite-eigenen Tor (RAM-Disk).
2026-09-07 18:44:28,084 [INFO] [Verarbeitung] Starte Tor-Dienst und Stealth-Relay (warte auf Bootstrap 100%)...
2026-09-07 18:44:28,089 [INFO] [+] Dynamische torrc erfolgreich in RAM-Disk erzeugt: /mnt/tor_ramdisk/torrc
2026-09-07 18:44:28,093 [INFO] Starte Tor als direkten Prozess: tor -f /mnt/tor_ramdisk/torrc
2026-09-07 18:44:30,094 [INFO] Warte auf Tor-Bootstrap (kann bei europäischen Exit-Nodes einen Moment dauern)...
[18:45:15] stop_suite.sh
[18:45:15] stop_suite.sh
SIGTERM gesendet, warte auf sauberen Shutdown...
Cyberdeck Tor Suite herunter...
2026-09-07 18:45:15,979 [INFO] Deaktiviere Windows-Systemproxy...
2026-09-07 18:45:16,242 [INFO] [+] Windows-Systemproxy erfolgreich deaktiviert.
2026-09-07 18:45:16,244 [INFO] Entferne temporäre Windows-Firewall-Regeln...
2026-09-07 18:45:18,027 [ERROR] [-] PowerShell-Firewall-Fehler: 
2026-09-07 18:45:18,028 [ERROR] [-] Fehler beim Löschen der Firewall-Regeln.
2026-09-07 18:45:18,055 [INFO] [*] Keine aktive DNS-Redirect-Tabelle vorhanden (übersprungen).
2026-09-07 18:45:18,083 [INFO] [+] Keine aktive Kill-Switch-Tabelle zum Löschen gefunden.
2026-09-07 18:45:18,087 [INFO] Stoppe Privoxy-Dienst...
2026-09-07 18:45:18,088 [INFO] [+] Privoxy sauber beendet.
2026-09-07 18:45:18,089 [INFO] Stoppe Tor-Prozess und IP-Changer...
2026-09-07 18:45:18,269 [INFO] [+] Tor-Prozess sauber beendet.
2026-09-07 18:45:18,270 [INFO] Stoppe tor@default...
2026-09-07 18:45:18,277 [INFO] Prüfe auf verwaiste Tor-Prozesse und gebe Ports frei...
2026-09-07 18:45:18,788 [INFO] [+] tor@default beendet.
2026-09-07 18:45:18,789 [INFO] Unmounte RAM-Disk unter /mnt/tor_ramdisk...
2026-09-07 18:45:18,810 [INFO] [+] RAM-Disk sauber unmountet und Spuren beseitigt.
2026-09-07 18:45:18,811 [INFO] [+] Shutdown abgeschlossen. Sämtliche temporären Daten wurden aus dem RAM gelöscht.
Suite gestoppt.
[06:22:52] start_suite.sh
noch nicht root -> sudo -n (NOPASSWD)
[06:22:52] start_suite.sh
gestartet pid=1123 (root)
==================================================================
         CYBERDECK TOR SUITE (WSL2 / RAM-DISK EDITION)          
==================================================================

2026-09-08 06:22:53,264 [INFO] [Vorbereitung] Entferne ggf. übrig gebliebenen Windows-Systemproxy (Stale-State)...
2026-09-08 06:22:53,266 [INFO] Deaktiviere Windows-Systemproxy...
2026-09-08 06:22:53,523 [INFO] [+] Windows-Systemproxy erfolgreich deaktiviert.
2026-09-08 06:22:53,525 [INFO] [Eingabe] Prüfe Systemvoraussetzungen...
2026-09-08 06:22:53,528 [INFO] [+] Systemcheck erfolgreich. WSL-IP ermittelt: 172.23.220.58
2026-09-08 06:22:53,529 [INFO] [Verarbeitung] Initialisiere 256MB RAM-Disk (tmpfs)...
2026-09-08 06:22:53,531 [INFO] Mounte 256MB tmpfs auf /mnt/tor_ramdisk...
2026-09-08 06:22:53,534 [INFO] [+] RAM-Disk erfolgreich gemountet.
2026-09-08 06:22:53,535 [INFO] [+] Unterstrukturen für Tor (/mnt/tor_ramdisk/tor_data) und Privoxy (/mnt/tor_ramdisk/privoxy) vorbereitet.
2026-09-08 06:22:53,536 [INFO] [Verarbeitung] Erzeuge dynamische Konfigurationsdateien in der RAM-Disk...
2026-09-08 06:22:53,821 [INFO] [+] Dynamische torrc erfolgreich in RAM-Disk erzeugt: /mnt/tor_ramdisk/torrc
2026-09-08 06:22:53,833 [INFO] [+] Privoxy user.action (Härtung) in RAM-Disk erzeugt: /mnt/tor_ramdisk/user.action
2026-09-08 06:22:53,834 [INFO] [+] Gehärtete Privoxy-Config in RAM-Disk erzeugt: /mnt/tor_ramdisk/privoxy.conf
2026-09-08 06:22:53,835 [INFO] [Verarbeitung] Wende strikte POSIX-Sicherheitsrechte an...
2026-09-08 06:22:53,836 [INFO] Setze strikte Dateirechte & erstelle Systempfade...
2026-09-08 06:22:53,837 [INFO] [+] Pfad /mnt/tor_ramdisk/torrc mit Rechte 0600 & User-UID 136 vorbereitet.
2026-09-08 06:22:53,838 [INFO] [Verarbeitung] Konfiguriere Windows Defender Firewall-Regeln...
2026-09-08 06:22:53,839 [INFO] Konfiguriere Windows-Firewall-Regeln für Ports 8118 (Privoxy) & 8443 (ORPort)...
2026-09-08 06:22:55,968 [ERROR] [-] PowerShell-Firewall-Fehler: New-NetFirewallRule : Zugriff verweigert 
In Zeile:1 Zeichen:97
+ ... lyContinue; New-NetFirewallRule -DisplayName "Cyberdeck_TorSuite_Priv ...
+                 ~~~~~~~~~~~~~~~~~~~~~~~~~~~~~~~~~~~~~~~~~~~~~~~~~~~~~~~~~
    + CategoryInfo          : PermissionDenied: (MSFT_NetFirewallRule:root/standardcimv2/MSFT_NetFirewallRule) [New-Ne 
   tFirewallRule], CimException
    + FullyQualifiedErrorId : Windows System Error 5,New-NetFirewallRule
 
New-NetFirewallRule : Zugriff verweigert 
In Zeile:1 Zeichen:390
+ ... lyContinue; New-NetFirewallRule -DisplayName "Cyberdeck_TorSuite_ORPo ...
+                 ~~~~~~~~~~~~~~~~~~~~~~~~~~~~~~~~~~~~~~~~~~~~~~~~~~~~~~~~~
    + CategoryInfo          : PermissionDenied: (MSFT_NetFirewallRule:root/standardcimv2/MSFT_NetFirewallRule) [New-Ne 
   tFirewallRule], CimException
    + FullyQualifiedErrorId : Windows System Error 5,New-NetFirewallRule
2026-09-08 06:22:55,971 [WARNING] [!] Firewall-Regeln konnten teilweise nicht gesetzt werden (Elevated Admin-Rechte unter Windows erforderlich).
2026-09-08 06:22:55,971 [INFO] [Verarbeitung] Bereinige verwaiste Tor-Prozesse und aktiviere Tor-Dienst...
2026-09-08 06:22:55,972 [INFO] Stoppe System-Tor-Instanz (tor@default)...
2026-09-08 06:22:55,979 [INFO] Prüfe auf verwaiste Tor-Prozesse und gebe Ports frei...
2026-09-08 06:22:56,494 [INFO] [+] System-Tor gestoppt – Ports frei für den Suite-eigenen Tor (RAM-Disk).
2026-09-08 06:22:56,495 [INFO] [Verarbeitung] Starte Tor-Dienst und Stealth-Relay (warte auf Bootstrap 100%)...
2026-09-08 06:22:56,501 [INFO] [+] Dynamische torrc erfolgreich in RAM-Disk erzeugt: /mnt/tor_ramdisk/torrc
2026-09-08 06:22:56,505 [INFO] Starte Tor als direkten Prozess: tor -f /mnt/tor_ramdisk/torrc
2026-09-08 06:22:58,506 [INFO] Warte auf Tor-Bootstrap (kann bei europäischen Exit-Nodes einen Moment dauern)...
2026-09-08 06:23:22,294 [INFO] [+] Tor erfolgreich gestartet und zu 100% bootstrapped.
2026-09-08 06:23:22,296 [INFO] [*] IP-Changer gestartet (Rotation alle 120 Sekunden).
2026-09-08 06:23:22,301 [INFO] [Verarbeitung] Tor bootstrapped (100%) – aktiviere DNS-Leak-Schutz & Kill-Switch...
2026-09-08 06:23:22,306 [INFO] [+] /etc/resolv.conf gehärtet und auf lokalen Tor-DNS umgeleitet.
2026-09-08 06:23:22,368 [INFO] [+] DNS-Redirect aktiv: jeder Port-53-Aufruf -> Tor-DNSPort 5353 (kein DNS-Leak).
2026-09-08 06:23:22,374 [INFO] [+] nftables Kill-Switch aktiv (Exklusiver Outbound für Tor-UID 136, DNS-Port 5353).
2026-09-08 06:23:22,375 [INFO] [Verarbeitung] Starte gehärteten Privoxy-Proxy...
2026-09-08 06:23:22,383 [INFO] [+] Privoxy user.action (Härtung) in RAM-Disk erzeugt: /mnt/tor_ramdisk/user.action
2026-09-08 06:23:22,384 [INFO] [+] Gehärtete Privoxy-Config in RAM-Disk erzeugt: /mnt/tor_ramdisk/privoxy.conf
2026-09-08 06:23:22,385 [INFO] Starte Privoxy als direkten Prozess mit RAM-Disk-Config...
2026-09-08 06:23:23,889 [INFO] [+] Privoxy erfolgreich gestartet (Hört auf 0.0.0.0:8118).
2026-09-08 06:23:23,890 [INFO] [Ausgabe] Aktiviere Windows-Systemproxy...
2026-09-08 06:23:23,890 [INFO] Setze Windows-Systemproxy auf 172.23.220.58:8118...
2026-09-08 06:23:24,145 [INFO] [+] Windows-Systemproxy erfolgreich aktiviert (172.23.220.58:8118).

==================================================================
2026-09-08 06:23:24,146 [INFO] [SUCCESS] Tor Suite ist aktiv!
2026-09-08 06:23:24,147 [INFO]  - Privoxy Proxy: 172.23.220.58:8118
2026-09-08 06:23:24,148 [INFO]  - Tor Relay ORPort: 8443
2026-09-08 06:23:24,149 [INFO]  - IP-Rotation: Alle 120 Sekunden
2026-09-08 06:23:24,149 [INFO]  - Spurenschutz: Aktive 256MB RAM-Disk (tmpfs) + nftables Kill-Switch
==================================================================
Drücke CTRL+C zum Beenden und sauberen Aufräumen.

2026-09-08 06:25:22,326 [INFO] [+] Signal NEWNYM gesendet: Tor Exit-IP gewechselt.
2026-09-08 06:27:22,353 [INFO] [+] Signal NEWNYM gesendet: Tor Exit-IP gewechselt.
2026-09-08 06:29:22,378 [INFO] [+] Signal NEWNYM gesendet: Tor Exit-IP gewechselt.
2026-09-08 06:31:23,532 [INFO] [+] Signal NEWNYM gesendet: Tor Exit-IP gewechselt.
2026-09-08 06:33:23,553 [INFO] [+] Signal NEWNYM gesendet: Tor Exit-IP gewechselt.
2026-09-08 06:35:23,578 [INFO] [+] Signal NEWNYM gesendet: Tor Exit-IP gewechselt.
2026-09-08 06:37:25,185 [INFO] [+] Signal NEWNYM gesendet: Tor Exit-IP gewechselt.
2026-09-08 06:39:25,212 [INFO] [+] Signal NEWNYM gesendet: Tor Exit-IP gewechselt.
2026-09-08 06:41:25,236 [INFO] [+] Signal NEWNYM gesendet: Tor Exit-IP gewechselt.
2026-09-08 06:43:25,259 [INFO] [+] Signal NEWNYM gesendet: Tor Exit-IP gewechselt.
2026-09-08 06:45:27,020 [INFO] [+] Signal NEWNYM gesendet: Tor Exit-IP gewechselt.
2026-09-08 06:47:27,057 [INFO] [+] Signal NEWNYM gesendet: Tor Exit-IP gewechselt.
2026-09-08 06:49:27,083 [INFO] [+] Signal NEWNYM gesendet: Tor Exit-IP gewechselt.
2026-09-08 06:51:28,850 [INFO] [+] Signal NEWNYM gesendet: Tor Exit-IP gewechselt.
2026-09-08 06:53:28,879 [INFO] [+] Signal NEWNYM gesendet: Tor Exit-IP gewechselt.
2026-09-08 06:55:28,909 [INFO] [+] Signal NEWNYM gesendet: Tor Exit-IP gewechselt.
2026-09-08 06:57:28,937 [INFO] [+] Signal NEWNYM gesendet: Tor Exit-IP gewechselt.
2026-09-08 06:59:30,713 [INFO] [+] Signal NEWNYM gesendet: Tor Exit-IP gewechselt.
2026-09-08 07:01:30,739 [INFO] [+] Signal NEWNYM gesendet: Tor Exit-IP gewechselt.
2026-09-08 07:03:30,767 [INFO] [+] Signal NEWNYM gesendet: Tor Exit-IP gewechselt.
2026-09-08 07:05:30,795 [INFO] [+] Signal NEWNYM gesendet: Tor Exit-IP gewechselt.
2026-09-08 07:07:30,822 [INFO] [+] Signal NEWNYM gesendet: Tor Exit-IP gewechselt.
2026-09-08 07:09:32,604 [INFO] [+] Signal NEWNYM gesendet: Tor Exit-IP gewechselt.
2026-09-08 07:11:32,632 [INFO] [+] Signal NEWNYM gesendet: Tor Exit-IP gewechselt.
2026-09-08 07:13:32,661 [INFO] [+] Signal NEWNYM gesendet: Tor Exit-IP gewechselt.
2026-09-08 07:15:34,446 [INFO] [+] Signal NEWNYM gesendet: Tor Exit-IP gewechselt.
2026-09-08 07:17:34,495 [INFO] [+] Signal NEWNYM gesendet: Tor Exit-IP gewechselt.
2026-09-08 07:19:34,524 [INFO] [+] Signal NEWNYM gesendet: Tor Exit-IP gewechselt.
2026-09-08 07:21:34,552 [INFO] [+] Signal NEWNYM gesendet: Tor Exit-IP gewechselt.
2026-09-08 07:23:34,581 [INFO] [+] Signal NEWNYM gesendet: Tor Exit-IP gewechselt.
2026-09-08 07:25:36,392 [INFO] [+] Signal NEWNYM gesendet: Tor Exit-IP gewechselt.
2026-09-08 07:27:36,422 [INFO] [+] Signal NEWNYM gesendet: Tor Exit-IP gewechselt.
2026-09-08 07:29:36,455 [INFO] [+] Signal NEWNYM gesendet: Tor Exit-IP gewechselt.
2026-09-08 07:31:36,481 [INFO] [+] Signal NEWNYM gesendet: Tor Exit-IP gewechselt.
2026-09-08 07:33:38,168 [INFO] [+] Signal NEWNYM gesendet: Tor Exit-IP gewechselt.
[16:45:52] start_suite.sh
noch nicht root -> sudo -n (NOPASSWD)
[16:45:52] start_suite.sh
gestartet pid=651 (root)
==================================================================
         CYBERDECK TOR SUITE (WSL2 / RAM-DISK EDITION)          
==================================================================

2026-09-08 16:45:52,816 [INFO] [Vorbereitung] Entferne ggf. übrig gebliebenen Windows-Systemproxy (Stale-State)...
2026-09-08 16:45:52,817 [INFO] Deaktiviere Windows-Systemproxy...
2026-09-08 16:45:53,073 [INFO] [+] Windows-Systemproxy erfolgreich deaktiviert.
2026-09-08 16:45:53,075 [INFO] [Eingabe] Prüfe Systemvoraussetzungen...
2026-09-08 16:45:53,079 [INFO] [+] Systemcheck erfolgreich. WSL-IP ermittelt: 172.23.220.58
2026-09-08 16:45:53,080 [INFO] [Verarbeitung] Initialisiere 256MB RAM-Disk (tmpfs)...
2026-09-08 16:45:53,081 [INFO] Mounte 256MB tmpfs auf /mnt/tor_ramdisk...
2026-09-08 16:45:53,084 [INFO] [+] RAM-Disk erfolgreich gemountet.
2026-09-08 16:45:53,086 [INFO] [+] Unterstrukturen für Tor (/mnt/tor_ramdisk/tor_data) und Privoxy (/mnt/tor_ramdisk/privoxy) vorbereitet.
2026-09-08 16:45:53,087 [INFO] [Verarbeitung] Erzeuge dynamische Konfigurationsdateien in der RAM-Disk...
2026-09-08 16:45:53,398 [INFO] [+] Dynamische torrc erfolgreich in RAM-Disk erzeugt: /mnt/tor_ramdisk/torrc
2026-09-08 16:45:53,410 [INFO] [+] Privoxy user.action (Härtung) in RAM-Disk erzeugt: /mnt/tor_ramdisk/user.action
2026-09-08 16:45:53,411 [INFO] [+] Gehärtete Privoxy-Config in RAM-Disk erzeugt: /mnt/tor_ramdisk/privoxy.conf
2026-09-08 16:45:53,412 [INFO] [Verarbeitung] Wende strikte POSIX-Sicherheitsrechte an...
2026-09-08 16:45:53,413 [INFO] Setze strikte Dateirechte & erstelle Systempfade...
2026-09-08 16:45:53,414 [INFO] [+] Pfad /mnt/tor_ramdisk/torrc mit Rechte 0600 & User-UID 136 vorbereitet.
2026-09-08 16:45:53,415 [INFO] [Verarbeitung] Konfiguriere Windows Defender Firewall-Regeln...
2026-09-08 16:45:53,416 [INFO] Konfiguriere Windows-Firewall-Regeln für Ports 8118 (Privoxy) & 8443 (ORPort)...
2026-09-08 16:45:55,814 [ERROR] [-] PowerShell-Firewall-Fehler: New-NetFirewallRule : Zugriff verweigert 
In Zeile:1 Zeichen:97
+ ... lyContinue; New-NetFirewallRule -DisplayName "Cyberdeck_TorSuite_Priv ...
+                 ~~~~~~~~~~~~~~~~~~~~~~~~~~~~~~~~~~~~~~~~~~~~~~~~~~~~~~~~~
    + CategoryInfo          : PermissionDenied: (MSFT_NetFirewallRule:root/standardcimv2/MSFT_NetFirewallRule) [New-Ne 
   tFirewallRule], CimException
    + FullyQualifiedErrorId : Windows System Error 5,New-NetFirewallRule
 
New-NetFirewallRule : Zugriff verweigert 
In Zeile:1 Zeichen:390
+ ... lyContinue; New-NetFirewallRule -DisplayName "Cyberdeck_TorSuite_ORPo ...
+                 ~~~~~~~~~~~~~~~~~~~~~~~~~~~~~~~~~~~~~~~~~~~~~~~~~~~~~~~~~
    + CategoryInfo          : PermissionDenied: (MSFT_NetFirewallRule:root/standardcimv2/MSFT_NetFirewallRule) [New-Ne 
   tFirewallRule], CimException
    + FullyQualifiedErrorId : Windows System Error 5,New-NetFirewallRule
2026-09-08 16:45:55,817 [WARNING] [!] Firewall-Regeln konnten teilweise nicht gesetzt werden (Elevated Admin-Rechte unter Windows erforderlich).
2026-09-08 16:45:55,818 [INFO] [Verarbeitung] Bereinige verwaiste Tor-Prozesse und aktiviere Tor-Dienst...
2026-09-08 16:45:55,820 [INFO] Stoppe System-Tor-Instanz (tor@default)...
2026-09-08 16:45:55,829 [INFO] Prüfe auf verwaiste Tor-Prozesse und gebe Ports frei...
2026-09-08 16:45:56,346 [INFO] [+] System-Tor gestoppt – Ports frei für den Suite-eigenen Tor (RAM-Disk).
2026-09-08 16:45:56,347 [INFO] [Verarbeitung] Starte Tor-Dienst und Stealth-Relay (warte auf Bootstrap 100%)...
2026-09-08 16:45:56,354 [INFO] [+] Dynamische torrc erfolgreich in RAM-Disk erzeugt: /mnt/tor_ramdisk/torrc
2026-09-08 16:45:56,359 [INFO] Starte Tor als direkten Prozess: tor -f /mnt/tor_ramdisk/torrc
2026-09-08 16:45:58,362 [INFO] Warte auf Tor-Bootstrap (kann bei europäischen Exit-Nodes einen Moment dauern)...
[16:46:12] stop_suite.sh
[16:46:12] stop_suite.sh


2026-09-08 16:46:12,678 [INFO] [Cleanup] Fahre Cyberdeck Tor Suite herunter...
2026-09-08 16:46:12,679 [INFO] Deaktiviere Windows-Systemproxy...
2026-09-08 16:46:12,976 [INFO] [+] Windows-Systemproxy erfolgreich deaktiviert.
2026-09-08 16:46:12,979 [INFO] Entferne temporäre Windows-Firewall-Regeln...
2026-09-08 16:46:14,891 [ERROR] [-] PowerShell-Firewall-Fehler: 
2026-09-08 16:46:14,893 [ERROR] [-] Fehler beim Löschen der Firewall-Regeln.
2026-09-08 16:46:14,918 [INFO] [*] Keine aktive DNS-Redirect-Tabelle vorhanden (übersprungen).
2026-09-08 16:46:14,938 [INFO] [+] Keine aktive Kill-Switch-Tabelle zum Löschen gefunden.
2026-09-08 16:46:14,943 [INFO] [+] Ursprüngliche /etc/resolv.conf wiederhergestellt.
2026-09-08 16:46:14,944 [INFO] Stoppe Privoxy-Dienst...
2026-09-08 16:46:14,945 [INFO] [+] Privoxy sauber beendet.
2026-09-08 16:46:14,946 [INFO] Stoppe Tor-Prozess und IP-Changer...
2026-09-08 16:46:15,469 [INFO] [+] Tor-Prozess sauber beendet.
2026-09-08 16:46:15,471 [INFO] Stoppe tor@default...
2026-09-08 16:46:15,478 [INFO] Prüfe auf verwaiste Tor-Prozesse und gebe Ports frei...
2026-09-08 16:46:15,988 [INFO] [+] tor@default beendet.
2026-09-08 16:46:15,990 [INFO] Unmounte RAM-Disk unter /mnt/tor_ramdisk...
2026-09-08 16:46:16,010 [INFO] [+] RAM-Disk sauber unmountet und Spuren beseitigt.
2026-09-08 16:46:16,012 [INFO] [+] Shutdown abgeschlossen. Sämtliche temporären Daten wurden aus dem RAM gelöscht.
Suite gestoppt.
[20:11:36] start_suite.sh
noch nicht root -> sudo -n (NOPASSWD)
[20:11:36] start_suite.sh
gestartet pid=652 (root)
==================================================================
         CYBERDECK TOR SUITE (WSL2 / RAM-DISK EDITION)          
==================================================================

2026-09-08 20:11:36,447 [INFO] [Vorbereitung] Entferne ggf. übrig gebliebenen Windows-Systemproxy (Stale-State)...
2026-09-08 20:11:36,448 [INFO] Deaktiviere Windows-Systemproxy...
2026-09-08 20:11:36,715 [INFO] [+] Windows-Systemproxy erfolgreich deaktiviert.
2026-09-08 20:11:36,716 [INFO] [Eingabe] Prüfe Systemvoraussetzungen...
2026-09-08 20:11:36,719 [INFO] [+] Systemcheck erfolgreich. WSL-IP ermittelt: 172.23.220.58
2026-09-08 20:11:36,721 [INFO] [Verarbeitung] Initialisiere 256MB RAM-Disk (tmpfs)...
2026-09-08 20:11:36,722 [INFO] Mounte 256MB tmpfs auf /mnt/tor_ramdisk...
2026-09-08 20:11:36,726 [INFO] [+] RAM-Disk erfolgreich gemountet.
2026-09-08 20:11:36,727 [INFO] [+] Unterstrukturen für Tor (/mnt/tor_ramdisk/tor_data) und Privoxy (/mnt/tor_ramdisk/privoxy) vorbereitet.
2026-09-08 20:11:36,728 [INFO] [Verarbeitung] Erzeuge dynamische Konfigurationsdateien in der RAM-Disk...
2026-09-08 20:11:37,002 [INFO] [+] Dynamische torrc erfolgreich in RAM-Disk erzeugt: /mnt/tor_ramdisk/torrc
2026-09-08 20:11:37,014 [INFO] [+] Privoxy user.action (Härtung) in RAM-Disk erzeugt: /mnt/tor_ramdisk/user.action
2026-09-08 20:11:37,015 [INFO] [+] Gehärtete Privoxy-Config in RAM-Disk erzeugt: /mnt/tor_ramdisk/privoxy.conf
2026-09-08 20:11:37,016 [INFO] [Verarbeitung] Wende strikte POSIX-Sicherheitsrechte an...
2026-09-08 20:11:37,017 [INFO] Setze strikte Dateirechte & erstelle Systempfade...
2026-09-08 20:11:37,018 [INFO] [+] Pfad /mnt/tor_ramdisk/torrc mit Rechte 0600 & User-UID 136 vorbereitet.
2026-09-08 20:11:37,019 [INFO] [Verarbeitung] Konfiguriere Windows Defender Firewall-Regeln...
2026-09-08 20:11:37,020 [INFO] Konfiguriere Windows-Firewall-Regeln für Ports 8118 (Privoxy) & 8443 (ORPort)...
2026-09-08 20:11:39,193 [ERROR] [-] PowerShell-Firewall-Fehler: New-NetFirewallRule : Zugriff verweigert 
In Zeile:1 Zeichen:97
+ ... lyContinue; New-NetFirewallRule -DisplayName "Cyberdeck_TorSuite_Priv ...
+                 ~~~~~~~~~~~~~~~~~~~~~~~~~~~~~~~~~~~~~~~~~~~~~~~~~~~~~~~~~
    + CategoryInfo          : PermissionDenied: (MSFT_NetFirewallRule:root/standardcimv2/MSFT_NetFirewallRule) [New-Ne 
   tFirewallRule], CimException
    + FullyQualifiedErrorId : Windows System Error 5,New-NetFirewallRule
 
New-NetFirewallRule : Zugriff verweigert 
In Zeile:1 Zeichen:390
+ ... lyContinue; New-NetFirewallRule -DisplayName "Cyberdeck_TorSuite_ORPo ...
+                 ~~~~~~~~~~~~~~~~~~~~~~~~~~~~~~~~~~~~~~~~~~~~~~~~~~~~~~~~~
    + CategoryInfo          : PermissionDenied: (MSFT_NetFirewallRule:root/standardcimv2/MSFT_NetFirewallRule) [New-Ne 
   tFirewallRule], CimException
    + FullyQualifiedErrorId : Windows System Error 5,New-NetFirewallRule
2026-09-08 20:11:39,193 [WARNING] [!] Firewall-Regeln konnten teilweise nicht gesetzt werden (Elevated Admin-Rechte unter Windows erforderlich).
2026-09-08 20:11:39,194 [INFO] [Verarbeitung] Bereinige verwaiste Tor-Prozesse und aktiviere Tor-Dienst...
2026-09-08 20:11:39,195 [INFO] Stoppe System-Tor-Instanz (tor@default)...
2026-09-08 20:11:39,201 [INFO] Prüfe auf verwaiste Tor-Prozesse und gebe Ports frei...
2026-09-08 20:11:39,714 [INFO] [+] System-Tor gestoppt – Ports frei für den Suite-eigenen Tor (RAM-Disk).
2026-09-08 20:11:39,715 [INFO] [Verarbeitung] Starte Tor-Dienst und Stealth-Relay (warte auf Bootstrap 100%)...
2026-09-08 20:11:39,720 [INFO] [+] Dynamische torrc erfolgreich in RAM-Disk erzeugt: /mnt/tor_ramdisk/torrc
2026-09-08 20:11:39,724 [INFO] Starte Tor als direkten Prozess: tor -f /mnt/tor_ramdisk/torrc
2026-09-08 20:11:41,725 [INFO] Warte auf Tor-Bootstrap (kann bei europäischen Exit-Nodes einen Moment dauern)...
2026-09-08 20:12:07,718 [INFO] [+] Tor erfolgreich gestartet und zu 100% bootstrapped.
2026-09-08 20:12:07,719 [INFO] [*] IP-Changer gestartet (Rotation alle 120 Sekunden).
2026-09-08 20:12:07,725 [INFO] [Verarbeitung] Tor bootstrapped (100%) – aktiviere DNS-Leak-Schutz & Kill-Switch...
2026-09-08 20:12:07,731 [INFO] [+] /etc/resolv.conf gehärtet und auf lokalen Tor-DNS umgeleitet.
2026-09-08 20:12:07,773 [INFO] [+] DNS-Redirect aktiv: jeder Port-53-Aufruf -> Tor-DNSPort 5353 (kein DNS-Leak).
2026-09-08 20:12:07,782 [INFO] [+] nftables Kill-Switch aktiv (Exklusiver Outbound für Tor-UID 136, DNS-Port 5353).
2026-09-08 20:12:07,783 [INFO] [Verarbeitung] Starte gehärteten Privoxy-Proxy...
2026-09-08 20:12:07,794 [INFO] [+] Privoxy user.action (Härtung) in RAM-Disk erzeugt: /mnt/tor_ramdisk/user.action
2026-09-08 20:12:07,795 [INFO] [+] Gehärtete Privoxy-Config in RAM-Disk erzeugt: /mnt/tor_ramdisk/privoxy.conf
2026-09-08 20:12:07,796 [INFO] Starte Privoxy als direkten Prozess mit RAM-Disk-Config...
2026-09-08 20:12:09,301 [INFO] [+] Privoxy erfolgreich gestartet (Hört auf 0.0.0.0:8118).
2026-09-08 20:12:09,302 [INFO] [Ausgabe] Aktiviere Windows-Systemproxy...
2026-09-08 20:12:09,303 [INFO] Setze Windows-Systemproxy auf 172.23.220.58:8118...
2026-09-08 20:12:09,572 [INFO] [+] Windows-Systemproxy erfolgreich aktiviert (172.23.220.58:8118).

==================================================================
2026-09-08 20:12:09,573 [INFO] [SUCCESS] Tor Suite ist aktiv!
2026-09-08 20:12:09,575 [INFO]  - Privoxy Proxy: 172.23.220.58:8118
2026-09-08 20:12:09,577 [INFO]  - Tor Relay ORPort: 8443
2026-09-08 20:12:09,578 [INFO]  - IP-Rotation: Alle 120 Sekunden
2026-09-08 20:12:09,579 [INFO]  - Spurenschutz: Aktive 256MB RAM-Disk (tmpfs) + nftables Kill-Switch
[20:12:34] stop_suite.sh
[20:12:34] stop_suite.sh
SIGTERM gesendet, warte auf sauberen Shutdown...
=================
Drücke CTRL+C zum Beenden und sauberen Aufräumen.



2026-09-08 20:12:34,883 [INFO] [Cleanup] Fahre Cyberdeck Tor Suite herunter...
2026-09-08 20:12:34,885 [INFO] Deaktiviere Windows-Systemproxy...
2026-09-08 20:12:35,132 [INFO] [+] Windows-Systemproxy erfolgreich deaktiviert.
2026-09-08 20:12:35,133 [INFO] Entferne temporäre Windows-Firewall-Regeln...
2026-09-08 20:12:37,171 [ERROR] [-] PowerShell-Firewall-Fehler: 
2026-09-08 20:12:37,172 [ERROR] [-] Fehler beim Löschen der Firewall-Regeln.
2026-09-08 20:12:37,198 [INFO] [+] DNS-Redirect-Tabelle erfolgreich entfernt.
2026-09-08 20:12:37,230 [INFO] [+] nftables Kill-Switch Tabelle erfolgreich gelöscht.
2026-09-08 20:12:37,234 [INFO] [+] Ursprüngliche /etc/resolv.conf wiederhergestellt.
2026-09-08 20:12:37,235 [INFO] Stoppe Privoxy-Dienst...
2026-09-08 20:12:37,240 [INFO] [+] Privoxy sauber beendet.
2026-09-08 20:12:37,243 [INFO] Stoppe Tor-Prozess und IP-Changer...
2026-09-08 20:12:37,417 [INFO] [+] Tor-Prozess sauber beendet.
2026-09-08 20:12:37,420 [INFO] Stoppe tor@default...
2026-09-08 20:12:37,427 [INFO] Prüfe auf verwaiste Tor-Prozesse und gebe Ports frei...
2026-09-08 20:12:37,938 [INFO] [+] tor@default beendet.
2026-09-08 20:12:37,939 [INFO] Unmounte RAM-Disk unter /mnt/tor_ramdisk...
2026-09-08 20:12:37,959 [INFO] [+] RAM-Disk sauber unmountet und Spuren beseitigt.
2026-09-08 20:12:37,960 [INFO] [+] Shutdown abgeschlossen. Sämtliche temporären Daten wurden aus dem RAM gelöscht.
Suite gestoppt.
[20:15:36] stop_suite.sh
[20:15:36] stop_suite.sh
Suite nicht aktiv (nichts zu tun).
[20:17:38] stop_suite.sh
[20:17:38] stop_suite.sh
SIGTERM gesendet, warte auf sauberen Shutdown...
process endet nicht -> SIGKILL
Suite gestoppt.
[20:18:57] start_suite.sh
noch nicht root -> sudo -n (NOPASSWD)
[20:18:57] start_suite.sh
gestartet pid=597 (root)
==================================================================
         CYBERDECK TOR SUITE (WSL2 / RAM-DISK EDITION)          
==================================================================

2026-09-08 20:18:57,476 [INFO] [Vorbereitung] Entferne ggf. übrig gebliebenen Windows-Systemproxy (Stale-State)...
2026-09-08 20:18:57,477 [INFO] Deaktiviere Windows-Systemproxy...
2026-09-08 20:18:57,715 [INFO] [+] Windows-Systemproxy erfolgreich deaktiviert.
2026-09-08 20:18:57,716 [INFO] [Eingabe] Prüfe Systemvoraussetzungen...
2026-09-08 20:18:57,719 [INFO] [+] Systemcheck erfolgreich. WSL-IP ermittelt: 172.23.220.58
2026-09-08 20:18:57,720 [INFO] [Verarbeitung] Initialisiere 256MB RAM-Disk (tmpfs)...
2026-09-08 20:18:57,721 [INFO] Mounte 256MB tmpfs auf /mnt/tor_ramdisk...
2026-09-08 20:18:57,724 [INFO] [+] RAM-Disk erfolgreich gemountet.
2026-09-08 20:18:57,725 [INFO] [+] Unterstrukturen für Tor (/mnt/tor_ramdisk/tor_data) und Privoxy (/mnt/tor_ramdisk/privoxy) vorbereitet.
2026-09-08 20:18:57,726 [INFO] [Verarbeitung] Erzeuge dynamische Konfigurationsdateien in der RAM-Disk...
2026-09-08 20:18:57,979 [INFO] [+] Dynamische torrc erfolgreich in RAM-Disk erzeugt: /mnt/tor_ramdisk/torrc
2026-09-08 20:18:57,989 [INFO] [+] Privoxy user.action (Härtung) in RAM-Disk erzeugt: /mnt/tor_ramdisk/user.action
2026-09-08 20:18:57,990 [INFO] [+] Gehärtete Privoxy-Config in RAM-Disk erzeugt: /mnt/tor_ramdisk/privoxy.conf
2026-09-08 20:18:57,991 [INFO] [Verarbeitung] Wende strikte POSIX-Sicherheitsrechte an...
2026-09-08 20:18:57,991 [INFO] Setze strikte Dateirechte & erstelle Systempfade...
2026-09-08 20:18:57,992 [INFO] [+] Pfad /mnt/tor_ramdisk/torrc mit Rechte 0600 & User-UID 136 vorbereitet.
2026-09-08 20:18:57,993 [INFO] [Verarbeitung] Konfiguriere Windows Defender Firewall-Regeln...
2026-09-08 20:18:57,994 [INFO] Konfiguriere Windows-Firewall-Regeln für Ports 8118 (Privoxy) & 8443 (ORPort)...
2026-09-08 20:18:59,830 [ERROR] [-] PowerShell-Firewall-Fehler: New-NetFirewallRule : Zugriff verweigert 
In Zeile:1 Zeichen:97
+ ... lyContinue; New-NetFirewallRule -DisplayName "Cyberdeck_TorSuite_Priv ...
+                 ~~~~~~~~~~~~~~~~~~~~~~~~~~~~~~~~~~~~~~~~~~~~~~~~~~~~~~~~~
    + CategoryInfo          : PermissionDenied: (MSFT_NetFirewallRule:root/standardcimv2/MSFT_NetFirewallRule) [New-Ne 
   tFirewallRule], CimException
    + FullyQualifiedErrorId : Windows System Error 5,New-NetFirewallRule
 
New-NetFirewallRule : Zugriff verweigert 
In Zeile:1 Zeichen:390
+ ... lyContinue; New-NetFirewallRule -DisplayName "Cyberdeck_TorSuite_ORPo ...
+                 ~~~~~~~~~~~~~~~~~~~~~~~~~~~~~~~~~~~~~~~~~~~~~~~~~~~~~~~~~
    + CategoryInfo          : PermissionDenied: (MSFT_NetFirewallRule:root/standardcimv2/MSFT_NetFirewallRule) [New-Ne 
   tFirewallRule], CimException
    + FullyQualifiedErrorId : Windows System Error 5,New-NetFirewallRule
2026-09-08 20:18:59,831 [WARNING] [!] Firewall-Regeln konnten teilweise nicht gesetzt werden (Elevated Admin-Rechte unter Windows erforderlich).
2026-09-08 20:18:59,832 [INFO] [Verarbeitung] Bereinige verwaiste Tor-Prozesse und aktiviere Tor-Dienst...
2026-09-08 20:18:59,833 [INFO] Stoppe System-Tor-Instanz (tor@default)...
2026-09-08 20:18:59,839 [INFO] Prüfe auf verwaiste Tor-Prozesse und gebe Ports frei...
2026-09-08 20:19:00,349 [INFO] [+] System-Tor gestoppt – Ports frei für den Suite-eigenen Tor (RAM-Disk).
2026-09-08 20:19:00,350 [INFO] [Verarbeitung] Starte Tor-Dienst und Stealth-Relay (warte auf Bootstrap 100%)...
2026-09-08 20:19:00,354 [INFO] [+] Dynamische torrc erfolgreich in RAM-Disk erzeugt: /mnt/tor_ramdisk/torrc
2026-09-08 20:19:00,358 [INFO] Starte Tor als direkten Prozess: tor -f /mnt/tor_ramdisk/torrc
2026-09-08 20:19:02,359 [INFO] Warte auf Tor-Bootstrap (kann bei europäischen Exit-Nodes einen Moment dauern)...
2026-09-08 20:19:26,399 [INFO] [+] Tor erfolgreich gestartet und zu 100% bootstrapped.
2026-09-08 20:19:26,400 [INFO] [*] IP-Changer gestartet (Rotation alle 120 Sekunden).
2026-09-08 20:19:26,406 [INFO] [Verarbeitung] Tor bootstrapped (100%) – aktiviere DNS-Leak-Schutz & Kill-Switch...
2026-09-08 20:19:26,410 [INFO] [+] /etc/resolv.conf gehärtet und auf lokalen Tor-DNS umgeleitet.
2026-09-08 20:19:26,459 [INFO] [+] DNS-Redirect aktiv: jeder Port-53-Aufruf -> Tor-DNSPort 5353 (kein DNS-Leak).
2026-09-08 20:19:26,463 [INFO] [+] nftables Kill-Switch aktiv (Exklusiver Outbound für Tor-UID 136, DNS-Port 5353).
2026-09-08 20:19:26,464 [INFO] [Verarbeitung] Starte gehärteten Privoxy-Proxy...
2026-09-08 20:19:26,472 [INFO] [+] Privoxy user.action (Härtung) in RAM-Disk erzeugt: /mnt/tor_ramdisk/user.action
2026-09-08 20:19:26,473 [INFO] [+] Gehärtete Privoxy-Config in RAM-Disk erzeugt: /mnt/tor_ramdisk/privoxy.conf
2026-09-08 20:19:26,474 [INFO] Starte Privoxy als direkten Prozess mit RAM-Disk-Config...
2026-09-08 20:19:27,978 [INFO] [+] Privoxy erfolgreich gestartet (Hört auf 0.0.0.0:8118).
2026-09-08 20:19:27,979 [INFO] [Ausgabe] Aktiviere Windows-Systemproxy...
2026-09-08 20:19:27,980 [INFO] Setze Windows-Systemproxy auf 172.23.220.58:8118...
2026-09-08 20:19:28,221 [INFO] [+] Windows-Systemproxy erfolgreich aktiviert (172.23.220.58:8118).

==================================================================
2026-09-08 20:19:28,222 [INFO] [SUCCESS] Tor Suite ist aktiv!
2026-09-08 20:19:28,224 [INFO]  - Privoxy Proxy: 172.23.220.58:8118
2026-09-08 20:19:28,224 [INFO]  - Tor Relay ORPort: 8443
2026-09-08 20:19:28,225 [INFO]  - IP-Rotation: Alle 120 Sekunden
2026-09-08 20:19:28,226 [INFO]  - Spurenschutz: Aktive 256MB RAM-Disk (tmpfs) + nftables Kill-Switch
==================================================================
Drücke CTRL+C zum Beenden und sauberen Aufräumen.

2026-09-08 20:21:26,488 [INFO] [+] Signal NEWNYM gesendet: Tor Exit-IP gewechselt.
[20:21:33] stop_suite.sh
[20:21:33] stop_suite.sh
SIGTERM gesendet, warte auf sauberen Shutdown...
Cyberdeck Tor Suite herunter...
2026-09-08 20:21:33,807 [INFO] Deaktiviere Windows-Systemproxy...
2026-09-08 20:21:34,040 [INFO] [+] Windows-Systemproxy erfolgreich deaktiviert.
2026-09-08 20:21:34,042 [INFO] Entferne temporäre Windows-Firewall-Regeln...
2026-09-08 20:21:35,751 [ERROR] [-] PowerShell-Firewall-Fehler: 
2026-09-08 20:21:35,753 [ERROR] [-] Fehler beim Löschen der Firewall-Regeln.
2026-09-08 20:21:35,771 [INFO] [+] DNS-Redirect-Tabelle erfolgreich entfernt.
2026-09-08 20:21:35,783 [INFO] [+] nftables Kill-Switch Tabelle erfolgreich gelöscht.
2026-09-08 20:21:35,785 [INFO] [+] Ursprüngliche /etc/resolv.conf wiederhergestellt.
2026-09-08 20:21:35,786 [INFO] Stoppe Privoxy-Dienst...
2026-09-08 20:21:35,791 [INFO] [+] Privoxy sauber beendet.
2026-09-08 20:21:35,792 [INFO] Stoppe Tor-Prozess und IP-Changer...
2026-09-08 20:21:35,965 [INFO] [+] Tor-Prozess sauber beendet.
2026-09-08 20:21:35,966 [INFO] Stoppe tor@default...
2026-09-08 20:21:35,972 [INFO] Prüfe auf verwaiste Tor-Prozesse und gebe Ports frei...
2026-09-08 20:21:36,482 [INFO] [+] tor@default beendet.
2026-09-08 20:21:36,483 [INFO] Unmounte RAM-Disk unter /mnt/tor_ramdisk...
2026-09-08 20:21:36,504 [INFO] [+] RAM-Disk sauber unmountet und Spuren beseitigt.
2026-09-08 20:21:36,505 [INFO] [+] Shutdown abgeschlossen. Sämtliche temporären Daten wurden aus dem RAM gelöscht.
Suite gestoppt.
[20:59:29] start_suite.sh
noch nicht root -> sudo -n (NOPASSWD)
[20:59:29] start_suite.sh
gestartet pid=646 (root)
==================================================================
         CYBERDECK TOR SUITE (WSL2 / RAM-DISK EDITION)          
==================================================================

2026-09-08 20:59:29,843 [INFO] [Vorbereitung] Entferne ggf. übrig gebliebenen Windows-Systemproxy (Stale-State)...
2026-09-08 20:59:29,844 [INFO] Deaktiviere Windows-Systemproxy...
2026-09-08 20:59:30,085 [INFO] [+] Windows-Systemproxy erfolgreich deaktiviert.
2026-09-08 20:59:30,087 [INFO] [Eingabe] Prüfe Systemvoraussetzungen...
2026-09-08 20:59:30,090 [INFO] [+] Systemcheck erfolgreich. WSL-IP ermittelt: 172.23.220.58
2026-09-08 20:59:30,091 [INFO] [Verarbeitung] Initialisiere 256MB RAM-Disk (tmpfs)...
2026-09-08 20:59:30,093 [INFO] Mounte 256MB tmpfs auf /mnt/tor_ramdisk...
2026-09-08 20:59:30,096 [INFO] [+] RAM-Disk erfolgreich gemountet.
2026-09-08 20:59:30,097 [INFO] [+] Unterstrukturen für Tor (/mnt/tor_ramdisk/tor_data) und Privoxy (/mnt/tor_ramdisk/privoxy) vorbereitet.
2026-09-08 20:59:30,098 [INFO] [Verarbeitung] Erzeuge dynamische Konfigurationsdateien in der RAM-Disk...
2026-09-08 20:59:30,364 [INFO] [+] Dynamische torrc erfolgreich in RAM-Disk erzeugt: /mnt/tor_ramdisk/torrc
2026-09-08 20:59:30,374 [INFO] [+] Privoxy user.action (Härtung) in RAM-Disk erzeugt: /mnt/tor_ramdisk/user.action
2026-09-08 20:59:30,375 [INFO] [+] Gehärtete Privoxy-Config in RAM-Disk erzeugt: /mnt/tor_ramdisk/privoxy.conf
2026-09-08 20:59:30,376 [INFO] [Verarbeitung] Wende strikte POSIX-Sicherheitsrechte an...
2026-09-08 20:59:30,376 [INFO] Setze strikte Dateirechte & erstelle Systempfade...
2026-09-08 20:59:30,377 [INFO] [+] Pfad /mnt/tor_ramdisk/torrc mit Rechte 0600 & User-UID 136 vorbereitet.
2026-09-08 20:59:30,378 [INFO] [Verarbeitung] Konfiguriere Windows Defender Firewall-Regeln...
2026-09-08 20:59:30,379 [INFO] Konfiguriere Windows-Firewall-Regeln für Ports 8118 (Privoxy) & 8443 (ORPort)...
2026-09-08 20:59:32,165 [ERROR] [-] PowerShell-Firewall-Fehler: New-NetFirewallRule : Zugriff verweigert 
In Zeile:1 Zeichen:97
+ ... lyContinue; New-NetFirewallRule -DisplayName "Cyberdeck_TorSuite_Priv ...
+                 ~~~~~~~~~~~~~~~~~~~~~~~~~~~~~~~~~~~~~~~~~~~~~~~~~~~~~~~~~
    + CategoryInfo          : PermissionDenied: (MSFT_NetFirewallRule:root/standardcimv2/MSFT_NetFirewallRule) [New-Ne 
   tFirewallRule], CimException
    + FullyQualifiedErrorId : Windows System Error 5,New-NetFirewallRule
 
New-NetFirewallRule : Zugriff verweigert 
In Zeile:1 Zeichen:390
+ ... lyContinue; New-NetFirewallRule -DisplayName "Cyberdeck_TorSuite_ORPo ...
+                 ~~~~~~~~~~~~~~~~~~~~~~~~~~~~~~~~~~~~~~~~~~~~~~~~~~~~~~~~~
    + CategoryInfo          : PermissionDenied: (MSFT_NetFirewallRule:root/standardcimv2/MSFT_NetFirewallRule) [New-Ne 
   tFirewallRule], CimException
    + FullyQualifiedErrorId : Windows System Error 5,New-NetFirewallRule
2026-09-08 20:59:32,167 [WARNING] [!] Firewall-Regeln konnten teilweise nicht gesetzt werden (Elevated Admin-Rechte unter Windows erforderlich).
2026-09-08 20:59:32,168 [INFO] [Verarbeitung] Bereinige verwaiste Tor-Prozesse und aktiviere Tor-Dienst...
2026-09-08 20:59:32,169 [INFO] Stoppe System-Tor-Instanz (tor@default)...
2026-09-08 20:59:32,175 [INFO] Prüfe auf verwaiste Tor-Prozesse und gebe Ports frei...
2026-09-08 20:59:32,687 [INFO] [+] System-Tor gestoppt – Ports frei für den Suite-eigenen Tor (RAM-Disk).
2026-09-08 20:59:32,688 [INFO] [Verarbeitung] Starte Tor-Dienst und Stealth-Relay (warte auf Bootstrap 100%)...
2026-09-08 20:59:32,693 [INFO] [+] Dynamische torrc erfolgreich in RAM-Disk erzeugt: /mnt/tor_ramdisk/torrc
2026-09-08 20:59:32,695 [INFO] Starte Tor als direkten Prozess: tor -f /mnt/tor_ramdisk/torrc
2026-09-08 20:59:34,696 [INFO] Warte auf Tor-Bootstrap (kann bei europäischen Exit-Nodes einen Moment dauern)...
2026-09-08 20:59:58,290 [INFO] [+] Tor erfolgreich gestartet und zu 100% bootstrapped.
2026-09-08 20:59:58,292 [INFO] [*] IP-Changer gestartet (Rotation alle 120 Sekunden).
2026-09-08 20:59:58,297 [INFO] [Verarbeitung] Tor bootstrapped (100%) – aktiviere DNS-Leak-Schutz & Kill-Switch...
2026-09-08 20:59:58,302 [INFO] [+] /etc/resolv.conf gehärtet und auf lokalen Tor-DNS umgeleitet.
2026-09-08 20:59:58,355 [INFO] [+] DNS-Redirect aktiv: jeder Port-53-Aufruf -> Tor-DNSPort 5353 (kein DNS-Leak).
2026-09-08 20:59:58,363 [INFO] [+] nftables Kill-Switch aktiv (Exklusiver Outbound für Tor-UID 136, DNS-Port 5353).
2026-09-08 20:59:58,364 [INFO] [Verarbeitung] Starte gehärteten Privoxy-Proxy...
2026-09-08 20:59:58,373 [INFO] [+] Privoxy user.action (Härtung) in RAM-Disk erzeugt: /mnt/tor_ramdisk/user.action
2026-09-08 20:59:58,374 [INFO] [+] Gehärtete Privoxy-Config in RAM-Disk erzeugt: /mnt/tor_ramdisk/privoxy.conf
2026-09-08 20:59:58,374 [INFO] Starte Privoxy als direkten Prozess mit RAM-Disk-Config...
[20:59:59] start_suite.sh
already-running pid=646 (kein Doppelstart)
2026-09-08 20:59:59,878 [INFO] [+] Privoxy erfolgreich gestartet (Hört auf 0.0.0.0:8118).
2026-09-08 20:59:59,879 [INFO] [Ausgabe] Aktiviere Windows-Systemproxy...
2026-09-08 20:59:59,880 [INFO] Setze Windows-Systemproxy auf 172.23.220.58:8118...
[21:00:00] start_suite.sh
already-running pid=646 (kein Doppelstart)
2026-09-08 21:00:00,130 [INFO] [+] Windows-Systemproxy erfolgreich aktiviert (172.23.220.58:8118).

==================================================================
2026-09-08 21:00:00,132 [INFO] [SUCCESS] Tor Suite ist aktiv!
2026-09-08 21:00:00,133 [INFO]  - Privoxy Proxy: 172.23.220.58:8118
2026-09-08 21:00:00,134 [INFO]  - Tor Relay ORPort: 8443
2026-09-08 21:00:00,135 [INFO]  - IP-Rotation: Alle 120 Sekunden
2026-09-08 21:00:00,136 [INFO]  - Spurenschutz: Aktive 256MB RAM-Disk (tmpfs) + nftables Kill-Switch
==================================================================
Drücke CTRL+C zum Beenden und sauberen Aufräumen.

2026-09-08 21:01:56,180 [INFO] [+] Signal NEWNYM gesendet: Tor Exit-IP gewechselt.
2026-09-08 21:03:56,202 [INFO] [+] Signal NEWNYM gesendet: Tor Exit-IP gewechselt.
2026-09-08 21:05:58,190 [INFO] [+] Signal NEWNYM gesendet: Tor Exit-IP gewechselt.
2026-09-08 21:07:58,224 [INFO] [+] Signal NEWNYM gesendet: Tor Exit-IP gewechselt.
[21:07:58] stop_suite.sh
[21:07:58] stop_suite.sh
SIGTERM gesendet, warte auf sauberen Shutdown...
Cyberdeck Tor Suite herunter...
2026-09-08 21:07:58,760 [INFO] Deaktiviere Windows-Systemproxy...
2026-09-08 21:07:58,998 [INFO] [+] Windows-Systemproxy erfolgreich deaktiviert.
2026-09-08 21:07:59,000 [INFO] Entferne temporäre Windows-Firewall-Regeln...
2026-09-08 21:08:00,634 [ERROR] [-] PowerShell-Firewall-Fehler: 
2026-09-08 21:08:00,636 [ERROR] [-] Fehler beim Löschen der Firewall-Regeln.
2026-09-08 21:08:00,659 [INFO] [+] DNS-Redirect-Tabelle erfolgreich entfernt.
2026-09-08 21:08:00,683 [INFO] [+] nftables Kill-Switch Tabelle erfolgreich gelöscht.
2026-09-08 21:08:00,685 [INFO] [+] Ursprüngliche /etc/resolv.conf wiederhergestellt.
2026-09-08 21:08:00,686 [INFO] Stoppe Privoxy-Dienst...
2026-09-08 21:08:00,688 [INFO] [+] Privoxy sauber beendet.
2026-09-08 21:08:00,689 [INFO] Stoppe Tor-Prozess und IP-Changer...
2026-09-08 21:08:00,860 [INFO] [+] Tor-Prozess sauber beendet.
2026-09-08 21:08:00,861 [INFO] Stoppe tor@default...
2026-09-08 21:08:00,867 [INFO] Prüfe auf verwaiste Tor-Prozesse und gebe Ports frei...
2026-09-08 21:08:01,377 [INFO] [+] tor@default beendet.
2026-09-08 21:08:01,378 [INFO] Unmounte RAM-Disk unter /mnt/tor_ramdisk...
2026-09-08 21:08:01,399 [INFO] [+] RAM-Disk sauber unmountet und Spuren beseitigt.
2026-09-08 21:08:01,400 [INFO] [+] Shutdown abgeschlossen. Sämtliche temporären Daten wurden aus dem RAM gelöscht.
Suite gestoppt.
[06:41:21] stop_suite.sh
[06:41:21] stop_suite.sh
Suite nicht aktiv (nichts zu tun).
SIGTERM gesendet, warte auf sauberen Shutdown...
Suite gestoppt.
[06:42:12] start_suite.sh
noch nicht root -> sudo -n (NOPASSWD)
[06:42:12] start_suite.sh
gestartet pid=603 (root)
==================================================================
         CYBERDECK TOR SUITE (WSL2 / RAM-DISK EDITION)          
==================================================================

2026-09-09 06:42:12,675 [INFO] [Vorbereitung] Entferne ggf. übrig gebliebenen Windows-Systemproxy (Stale-State)...
2026-09-09 06:42:12,677 [INFO] Deaktiviere Windows-Systemproxy...
2026-09-09 06:42:12,976 [INFO] [+] Windows-Systemproxy erfolgreich deaktiviert.
2026-09-09 06:42:12,977 [INFO] [Eingabe] Prüfe Systemvoraussetzungen...
2026-09-09 06:42:12,981 [INFO] [+] Systemcheck erfolgreich. WSL-IP ermittelt: 172.23.220.58
2026-09-09 06:42:12,982 [INFO] [Verarbeitung] Initialisiere 256MB RAM-Disk (tmpfs)...
2026-09-09 06:42:12,984 [INFO] Mounte 256MB tmpfs auf /mnt/tor_ramdisk...
2026-09-09 06:42:12,987 [INFO] [+] RAM-Disk erfolgreich gemountet.
2026-09-09 06:42:12,989 [INFO] [+] Unterstrukturen für Tor (/mnt/tor_ramdisk/tor_data) und Privoxy (/mnt/tor_ramdisk/privoxy) vorbereitet.
2026-09-09 06:42:12,990 [INFO] [Verarbeitung] Erzeuge dynamische Konfigurationsdateien in der RAM-Disk...
2026-09-09 06:42:13,333 [INFO] [+] Dynamische torrc erfolgreich in RAM-Disk erzeugt: /mnt/tor_ramdisk/torrc
2026-09-09 06:42:13,346 [INFO] [+] Privoxy user.action (Härtung) in RAM-Disk erzeugt: /mnt/tor_ramdisk/user.action
2026-09-09 06:42:13,347 [INFO] [+] Gehärtete Privoxy-Config in RAM-Disk erzeugt: /mnt/tor_ramdisk/privoxy.conf
2026-09-09 06:42:13,348 [INFO] [Verarbeitung] Wende strikte POSIX-Sicherheitsrechte an...
2026-09-09 06:42:13,349 [INFO] Setze strikte Dateirechte & erstelle Systempfade...
2026-09-09 06:42:13,350 [INFO] [+] Pfad /mnt/tor_ramdisk/torrc mit Rechte 0600 & User-UID 136 vorbereitet.
2026-09-09 06:42:13,351 [INFO] [Verarbeitung] Konfiguriere Windows Defender Firewall-Regeln...
2026-09-09 06:42:13,352 [INFO] Konfiguriere Windows-Firewall-Regeln für Ports 8118 (Privoxy) & 8443 (ORPort)...
2026-09-09 06:42:15,604 [ERROR] [-] PowerShell-Firewall-Fehler: New-NetFirewallRule : Zugriff verweigert 
In Zeile:1 Zeichen:97
+ ... lyContinue; New-NetFirewallRule -DisplayName "Cyberdeck_TorSuite_Priv ...
+                 ~~~~~~~~~~~~~~~~~~~~~~~~~~~~~~~~~~~~~~~~~~~~~~~~~~~~~~~~~
    + CategoryInfo          : PermissionDenied: (MSFT_NetFirewallRule:root/standardcimv2/MSFT_NetFirewallRule) [New-Ne 
   tFirewallRule], CimException
    + FullyQualifiedErrorId : Windows System Error 5,New-NetFirewallRule
 
New-NetFirewallRule : Zugriff verweigert 
In Zeile:1 Zeichen:390
+ ... lyContinue; New-NetFirewallRule -DisplayName "Cyberdeck_TorSuite_ORPo ...
+                 ~~~~~~~~~~~~~~~~~~~~~~~~~~~~~~~~~~~~~~~~~~~~~~~~~~~~~~~~~
    + CategoryInfo          : PermissionDenied: (MSFT_NetFirewallRule:root/standardcimv2/MSFT_NetFirewallRule) [New-Ne 
   tFirewallRule], CimException
    + FullyQualifiedErrorId : Windows System Error 5,New-NetFirewallRule
2026-09-09 06:42:15,606 [WARNING] [!] Firewall-Regeln konnten teilweise nicht gesetzt werden (Elevated Admin-Rechte unter Windows erforderlich).
2026-09-09 06:42:15,607 [INFO] [Verarbeitung] Bereinige verwaiste Tor-Prozesse und aktiviere Tor-Dienst...
2026-09-09 06:42:15,608 [INFO] Stoppe System-Tor-Instanz (tor@default)...
2026-09-09 06:42:15,616 [INFO] Prüfe auf verwaiste Tor-Prozesse und gebe Ports frei...
2026-09-09 06:42:16,128 [INFO] [+] System-Tor gestoppt – Ports frei für den Suite-eigenen Tor (RAM-Disk).
2026-09-09 06:42:16,130 [INFO] [Verarbeitung] Starte Tor-Dienst und Stealth-Relay (warte auf Bootstrap 100%)...
2026-09-09 06:42:16,135 [INFO] [+] Dynamische torrc erfolgreich in RAM-Disk erzeugt: /mnt/tor_ramdisk/torrc
2026-09-09 06:42:16,139 [INFO] Starte Tor als direkten Prozess: tor -f /mnt/tor_ramdisk/torrc
2026-09-09 06:42:18,141 [INFO] Warte auf Tor-Bootstrap (kann bei europäischen Exit-Nodes einen Moment dauern)...
2026-09-09 06:42:44,608 [INFO] [+] Tor erfolgreich gestartet und zu 100% bootstrapped.
2026-09-09 06:42:44,609 [INFO] [*] IP-Changer gestartet (Rotation alle 120 Sekunden).
2026-09-09 06:42:44,615 [INFO] [Verarbeitung] Tor bootstrapped (100%) – aktiviere DNS-Leak-Schutz & Kill-Switch...
2026-09-09 06:42:44,619 [INFO] [+] /etc/resolv.conf gehärtet und auf lokalen Tor-DNS umgeleitet.
2026-09-09 06:42:44,665 [INFO] [+] DNS-Redirect aktiv: jeder Port-53-Aufruf -> Tor-DNSPort 5353 (kein DNS-Leak).
2026-09-09 06:42:44,671 [INFO] [+] nftables Kill-Switch aktiv (Exklusiver Outbound für Tor-UID 136, DNS-Port 5353).
2026-09-09 06:42:44,672 [INFO] [Verarbeitung] Starte gehärteten Privoxy-Proxy...
2026-09-09 06:42:44,681 [INFO] [+] Privoxy user.action (Härtung) in RAM-Disk erzeugt: /mnt/tor_ramdisk/user.action
2026-09-09 06:42:44,682 [INFO] [+] Gehärtete Privoxy-Config in RAM-Disk erzeugt: /mnt/tor_ramdisk/privoxy.conf
2026-09-09 06:42:44,683 [INFO] Starte Privoxy als direkten Prozess mit RAM-Disk-Config...
2026-09-09 06:42:46,187 [INFO] [+] Privoxy erfolgreich gestartet (Hört auf 0.0.0.0:8118).
2026-09-09 06:42:46,188 [INFO] [Ausgabe] Aktiviere Windows-Systemproxy...
2026-09-09 06:42:46,188 [INFO] Setze Windows-Systemproxy auf 172.23.220.58:8118...
2026-09-09 06:42:46,438 [INFO] [+] Windows-Systemproxy erfolgreich aktiviert (172.23.220.58:8118).

==================================================================
2026-09-09 06:42:46,439 [INFO] [SUCCESS] Tor Suite ist aktiv!
2026-09-09 06:42:46,441 [INFO]  - Privoxy Proxy: 172.23.220.58:8118
2026-09-09 06:42:46,442 [INFO]  - Tor Relay ORPort: 8443
2026-09-09 06:42:46,442 [INFO]  - IP-Rotation: Alle 120 Sekunden
2026-09-09 06:42:46,443 [INFO]  - Spurenschutz: Aktive 256MB RAM-Disk (tmpfs) + nftables Kill-Switch
[06:42:57] stop_suite.sh
[06:42:57] stop_suite.sh
SIGTERM gesendet, warte auf sauberen Shutdown...
=================
Drücke CTRL+C zum Beenden und sauberen Aufräumen.



2026-09-09 06:42:57,804 [INFO] [Cleanup] Fahre Cyberdeck Tor Suite herunter...
2026-09-09 06:42:57,805 [INFO] Deaktiviere Windows-Systemproxy...
2026-09-09 06:42:58,063 [INFO] [+] Windows-Systemproxy erfolgreich deaktiviert.
2026-09-09 06:42:58,065 [INFO] Entferne temporäre Windows-Firewall-Regeln...
2026-09-09 06:42:59,619 [ERROR] [-] PowerShell-Firewall-Fehler: 
2026-09-09 06:42:59,621 [ERROR] [-] Fehler beim Löschen der Firewall-Regeln.
2026-09-09 06:42:59,646 [INFO] [+] DNS-Redirect-Tabelle erfolgreich entfernt.
2026-09-09 06:42:59,670 [INFO] [+] nftables Kill-Switch Tabelle erfolgreich gelöscht.
2026-09-09 06:42:59,672 [INFO] [+] Ursprüngliche /etc/resolv.conf wiederhergestellt.
2026-09-09 06:42:59,673 [INFO] Stoppe Privoxy-Dienst...
2026-09-09 06:42:59,676 [INFO] [+] Privoxy sauber beendet.
2026-09-09 06:42:59,677 [INFO] Stoppe Tor-Prozess und IP-Changer...
2026-09-09 06:42:59,798 [INFO] [+] Tor-Prozess sauber beendet.
2026-09-09 06:42:59,801 [INFO] Stoppe tor@default...
2026-09-09 06:42:59,809 [INFO] Prüfe auf verwaiste Tor-Prozesse und gebe Ports frei...
2026-09-09 06:43:00,322 [INFO] [+] tor@default beendet.
2026-09-09 06:43:00,323 [INFO] Unmounte RAM-Disk unter /mnt/tor_ramdisk...
2026-09-09 06:43:00,344 [INFO] [+] RAM-Disk sauber unmountet und Spuren beseitigt.
2026-09-09 06:43:00,345 [INFO] [+] Shutdown abgeschlossen. Sämtliche temporären Daten wurden aus dem RAM gelöscht.
Suite gestoppt.
[18:50:29] start_suite.sh
noch nicht root -> sudo -n (NOPASSWD)
[18:50:29] start_suite.sh
gestartet pid=654 (root)
==================================================================
         CYBERDECK TOR SUITE (WSL2 / RAM-DISK EDITION)          
==================================================================

2026-09-09 18:50:30,071 [INFO] [Vorbereitung] Entferne ggf. übrig gebliebenen Windows-Systemproxy (Stale-State)...
2026-09-09 18:50:30,072 [INFO] Deaktiviere Windows-Systemproxy...
2026-09-09 18:50:30,377 [INFO] [+] Windows-Systemproxy erfolgreich deaktiviert.
2026-09-09 18:50:30,379 [INFO] [Eingabe] Prüfe Systemvoraussetzungen...
2026-09-09 18:50:30,383 [INFO] [+] Systemcheck erfolgreich. WSL-IP ermittelt: 172.23.220.58
2026-09-09 18:50:30,385 [INFO] [Verarbeitung] Initialisiere 256MB RAM-Disk (tmpfs)...
2026-09-09 18:50:30,387 [INFO] Mounte 256MB tmpfs auf /mnt/tor_ramdisk...
2026-09-09 18:50:30,391 [INFO] [+] RAM-Disk erfolgreich gemountet.
2026-09-09 18:50:30,393 [INFO] [+] Unterstrukturen für Tor (/mnt/tor_ramdisk/tor_data) und Privoxy (/mnt/tor_ramdisk/privoxy) vorbereitet.
2026-09-09 18:50:30,394 [INFO] [Verarbeitung] Erzeuge dynamische Konfigurationsdateien in der RAM-Disk...
2026-09-09 18:50:30,794 [INFO] [+] Dynamische torrc erfolgreich in RAM-Disk erzeugt: /mnt/tor_ramdisk/torrc
2026-09-09 18:50:30,807 [INFO] [+] Privoxy user.action (Härtung) in RAM-Disk erzeugt: /mnt/tor_ramdisk/user.action
2026-09-09 18:50:30,808 [INFO] [+] Gehärtete Privoxy-Config in RAM-Disk erzeugt: /mnt/tor_ramdisk/privoxy.conf
2026-09-09 18:50:30,809 [INFO] [Verarbeitung] Wende strikte POSIX-Sicherheitsrechte an...
2026-09-09 18:50:30,810 [INFO] Setze strikte Dateirechte & erstelle Systempfade...
2026-09-09 18:50:30,811 [INFO] [+] Pfad /mnt/tor_ramdisk/torrc mit Rechte 0600 & User-UID 136 vorbereitet.
2026-09-09 18:50:30,812 [INFO] [Verarbeitung] Konfiguriere Windows Defender Firewall-Regeln...
2026-09-09 18:50:30,813 [INFO] Konfiguriere Windows-Firewall-Regeln für Ports 8118 (Privoxy) & 8443 (ORPort)...
2026-09-09 18:50:33,278 [ERROR] [-] PowerShell-Firewall-Fehler: New-NetFirewallRule : Zugriff verweigert 
In Zeile:1 Zeichen:97
+ ... lyContinue; New-NetFirewallRule -DisplayName "Cyberdeck_TorSuite_Priv ...
+                 ~~~~~~~~~~~~~~~~~~~~~~~~~~~~~~~~~~~~~~~~~~~~~~~~~~~~~~~~~
    + CategoryInfo          : PermissionDenied: (MSFT_NetFirewallRule:root/standardcimv2/MSFT_NetFirewallRule) [New-Ne 
   tFirewallRule], CimException
    + FullyQualifiedErrorId : Windows System Error 5,New-NetFirewallRule
 
New-NetFirewallRule : Zugriff verweigert 
In Zeile:1 Zeichen:390
+ ... lyContinue; New-NetFirewallRule -DisplayName "Cyberdeck_TorSuite_ORPo ...
+                 ~~~~~~~~~~~~~~~~~~~~~~~~~~~~~~~~~~~~~~~~~~~~~~~~~~~~~~~~~
    + CategoryInfo          : PermissionDenied: (MSFT_NetFirewallRule:root/standardcimv2/MSFT_NetFirewallRule) [New-Ne 
   tFirewallRule], CimException
    + FullyQualifiedErrorId : Windows System Error 5,New-NetFirewallRule
2026-09-09 18:50:33,279 [WARNING] [!] Firewall-Regeln konnten teilweise nicht gesetzt werden (Elevated Admin-Rechte unter Windows erforderlich).
2026-09-09 18:50:33,280 [INFO] [Verarbeitung] Bereinige verwaiste Tor-Prozesse und aktiviere Tor-Dienst...
2026-09-09 18:50:33,281 [INFO] Stoppe System-Tor-Instanz (tor@default)...
2026-09-09 18:50:33,288 [INFO] Prüfe auf verwaiste Tor-Prozesse und gebe Ports frei...
2026-09-09 18:50:33,800 [INFO] [+] System-Tor gestoppt – Ports frei für den Suite-eigenen Tor (RAM-Disk).
2026-09-09 18:50:33,802 [INFO] [Verarbeitung] Starte Tor-Dienst und Stealth-Relay (warte auf Bootstrap 100%)...
2026-09-09 18:50:33,807 [INFO] [+] Dynamische torrc erfolgreich in RAM-Disk erzeugt: /mnt/tor_ramdisk/torrc
2026-09-09 18:50:33,810 [INFO] Starte Tor als direkten Prozess: tor -f /mnt/tor_ramdisk/torrc
2026-09-09 18:50:35,812 [INFO] Warte auf Tor-Bootstrap (kann bei europäischen Exit-Nodes einen Moment dauern)...
2026-09-09 18:50:53,293 [INFO] [+] Tor erfolgreich gestartet und zu 100% bootstrapped.
2026-09-09 18:50:53,294 [INFO] [*] IP-Changer gestartet (Rotation alle 120 Sekunden).
2026-09-09 18:50:53,300 [INFO] [Verarbeitung] Tor bootstrapped (100%) – aktiviere DNS-Leak-Schutz & Kill-Switch...
2026-09-09 18:50:53,305 [INFO] [+] /etc/resolv.conf gehärtet und auf lokalen Tor-DNS umgeleitet.
2026-09-09 18:50:53,341 [INFO] [+] DNS-Redirect aktiv: jeder Port-53-Aufruf -> Tor-DNSPort 5353 (kein DNS-Leak).
2026-09-09 18:50:53,346 [INFO] [+] nftables Kill-Switch aktiv (Exklusiver Outbound für Tor-UID 136, DNS-Port 5353).
2026-09-09 18:50:53,347 [INFO] [Verarbeitung] Starte gehärteten Privoxy-Proxy...
2026-09-09 18:50:53,356 [INFO] [+] Privoxy user.action (Härtung) in RAM-Disk erzeugt: /mnt/tor_ramdisk/user.action
2026-09-09 18:50:53,357 [INFO] [+] Gehärtete Privoxy-Config in RAM-Disk erzeugt: /mnt/tor_ramdisk/privoxy.conf
2026-09-09 18:50:53,358 [INFO] Starte Privoxy als direkten Prozess mit RAM-Disk-Config...
2026-09-09 18:50:54,862 [INFO] [+] Privoxy erfolgreich gestartet (Hört auf 0.0.0.0:8118).
2026-09-09 18:50:54,863 [INFO] [Ausgabe] Aktiviere Windows-Systemproxy...
2026-09-09 18:50:54,864 [INFO] Setze Windows-Systemproxy auf 172.23.220.58:8118...
2026-09-09 18:50:55,121 [INFO] [+] Windows-Systemproxy erfolgreich aktiviert (172.23.220.58:8118).

==================================================================
2026-09-09 18:50:55,122 [INFO] [SUCCESS] Tor Suite ist aktiv!
2026-09-09 18:50:55,123 [INFO]  - Privoxy Proxy: 172.23.220.58:8118
2026-09-09 18:50:55,124 [INFO]  - Tor Relay ORPort: 8443
2026-09-09 18:50:55,124 [INFO]  - IP-Rotation: Alle 120 Sekunden
2026-09-09 18:50:55,125 [INFO]  - Spurenschutz: Aktive 256MB RAM-Disk (tmpfs) + nftables Kill-Switch
[18:51:16] stop_suite.sh
[18:51:16] stop_suite.sh
SIGTERM gesendet, warte auf sauberen Shutdown...
=================
Drücke CTRL+C zum Beenden und sauberen Aufräumen.



2026-09-09 18:51:16,887 [INFO] [Cleanup] Fahre Cyberdeck Tor Suite herunter...
2026-09-09 18:51:16,888 [INFO] Deaktiviere Windows-Systemproxy...
2026-09-09 18:51:17,141 [INFO] [+] Windows-Systemproxy erfolgreich deaktiviert.
2026-09-09 18:51:17,142 [INFO] Entferne temporäre Windows-Firewall-Regeln...
[18:51:17] stop_suite.sh
[18:51:17] stop_suite.sh
SIGTERM gesendet, warte auf sauberen Shutdown...
2026-09-09 18:51:18,723 [ERROR] [-] PowerShell-Firewall-Fehler: 
2026-09-09 18:51:18,724 [ERROR] [-] Fehler beim Löschen der Firewall-Regeln.
2026-09-09 18:51:18,754 [INFO] [+] DNS-Redirect-Tabelle erfolgreich entfernt.
2026-09-09 18:51:18,774 [INFO] [+] nftables Kill-Switch Tabelle erfolgreich gelöscht.
2026-09-09 18:51:18,776 [INFO] [+] Ursprüngliche /etc/resolv.conf wiederhergestellt.
2026-09-09 18:51:18,777 [INFO] Stoppe Privoxy-Dienst...
2026-09-09 18:51:18,779 [INFO] [+] Privoxy sauber beendet.
2026-09-09 18:51:18,780 [INFO] Stoppe Tor-Prozess und IP-Changer...
2026-09-09 18:51:18,851 [INFO] [+] Tor-Prozess sauber beendet.
2026-09-09 18:51:18,852 [INFO] Stoppe tor@default...
2026-09-09 18:51:18,859 [INFO] Prüfe auf verwaiste Tor-Prozesse und gebe Ports frei...
2026-09-09 18:51:19,369 [INFO] [+] tor@default beendet.
2026-09-09 18:51:19,371 [INFO] Unmounte RAM-Disk unter /mnt/tor_ramdisk...
2026-09-09 18:51:19,383 [INFO] [+] RAM-Disk sauber unmountet und Spuren beseitigt.
2026-09-09 18:51:19,385 [INFO] [+] Shutdown abgeschlossen. Sämtliche temporären Daten wurden aus dem RAM gelöscht.
Suite gestoppt.
Suite gestoppt.
[06:32:13] start_suite.sh
noch nicht root -> sudo -n (NOPASSWD)
[06:32:13] start_suite.sh
gestartet pid=1125 (root)
==================================================================
         CYBERDECK TOR SUITE (WSL2 / RAM-DISK EDITION)          
==================================================================

2026-09-10 06:32:13,732 [INFO] [Vorbereitung] Entferne ggf. übrig gebliebenen Windows-Systemproxy (Stale-State)...
2026-09-10 06:32:13,733 [INFO] Deaktiviere Windows-Systemproxy...
2026-09-10 06:32:14,014 [INFO] [+] Windows-Systemproxy erfolgreich deaktiviert.
2026-09-10 06:32:14,015 [INFO] [Eingabe] Prüfe Systemvoraussetzungen...
2026-09-10 06:32:14,019 [INFO] [+] Systemcheck erfolgreich. WSL-IP ermittelt: 172.23.220.58
2026-09-10 06:32:14,020 [INFO] [Verarbeitung] Initialisiere 256MB RAM-Disk (tmpfs)...
2026-09-10 06:32:14,022 [INFO] Mounte 256MB tmpfs auf /mnt/tor_ramdisk...
2026-09-10 06:32:14,025 [INFO] [+] RAM-Disk erfolgreich gemountet.
2026-09-10 06:32:14,026 [INFO] [+] Unterstrukturen für Tor (/mnt/tor_ramdisk/tor_data) und Privoxy (/mnt/tor_ramdisk/privoxy) vorbereitet.
2026-09-10 06:32:14,027 [INFO] [Verarbeitung] Erzeuge dynamische Konfigurationsdateien in der RAM-Disk...
2026-09-10 06:32:14,331 [INFO] [+] Dynamische torrc erfolgreich in RAM-Disk erzeugt: /mnt/tor_ramdisk/torrc
2026-09-10 06:32:14,343 [INFO] [+] Privoxy user.action (Härtung) in RAM-Disk erzeugt: /mnt/tor_ramdisk/user.action
2026-09-10 06:32:14,344 [INFO] [+] Gehärtete Privoxy-Config in RAM-Disk erzeugt: /mnt/tor_ramdisk/privoxy.conf
2026-09-10 06:32:14,345 [INFO] [Verarbeitung] Wende strikte POSIX-Sicherheitsrechte an...
2026-09-10 06:32:14,346 [INFO] Setze strikte Dateirechte & erstelle Systempfade...
2026-09-10 06:32:14,347 [INFO] [+] Pfad /mnt/tor_ramdisk/torrc mit Rechte 0600 & User-UID 136 vorbereitet.
2026-09-10 06:32:14,348 [INFO] [Verarbeitung] Konfiguriere Windows Defender Firewall-Regeln...
2026-09-10 06:32:14,349 [INFO] Konfiguriere Windows-Firewall-Regeln für Ports 8118 (Privoxy) & 8443 (ORPort)...
2026-09-10 06:32:17,209 [ERROR] [-] PowerShell-Firewall-Fehler: New-NetFirewallRule : Zugriff verweigert 
In Zeile:1 Zeichen:97
+ ... lyContinue; New-NetFirewallRule -DisplayName "Cyberdeck_TorSuite_Priv ...
+                 ~~~~~~~~~~~~~~~~~~~~~~~~~~~~~~~~~~~~~~~~~~~~~~~~~~~~~~~~~
    + CategoryInfo          : PermissionDenied: (MSFT_NetFirewallRule:root/standardcimv2/MSFT_NetFirewallRule) [New-Ne 
   tFirewallRule], CimException
    + FullyQualifiedErrorId : Windows System Error 5,New-NetFirewallRule
 
New-NetFirewallRule : Zugriff verweigert 
In Zeile:1 Zeichen:390
+ ... lyContinue; New-NetFirewallRule -DisplayName "Cyberdeck_TorSuite_ORPo ...
+                 ~~~~~~~~~~~~~~~~~~~~~~~~~~~~~~~~~~~~~~~~~~~~~~~~~~~~~~~~~
    + CategoryInfo          : PermissionDenied: (MSFT_NetFirewallRule:root/standardcimv2/MSFT_NetFirewallRule) [New-Ne 
   tFirewallRule], CimException
    + FullyQualifiedErrorId : Windows System Error 5,New-NetFirewallRule
2026-09-10 06:32:17,210 [WARNING] [!] Firewall-Regeln konnten teilweise nicht gesetzt werden (Elevated Admin-Rechte unter Windows erforderlich).
2026-09-10 06:32:17,211 [INFO] [Verarbeitung] Bereinige verwaiste Tor-Prozesse und aktiviere Tor-Dienst...
2026-09-10 06:32:17,211 [INFO] Stoppe System-Tor-Instanz (tor@default)...
2026-09-10 06:32:17,218 [INFO] Prüfe auf verwaiste Tor-Prozesse und gebe Ports frei...
2026-09-10 06:32:17,732 [INFO] [+] System-Tor gestoppt – Ports frei für den Suite-eigenen Tor (RAM-Disk).
2026-09-10 06:32:17,734 [INFO] [Verarbeitung] Starte Tor-Dienst und Stealth-Relay (warte auf Bootstrap 100%)...
2026-09-10 06:32:17,739 [INFO] [+] Dynamische torrc erfolgreich in RAM-Disk erzeugt: /mnt/tor_ramdisk/torrc
2026-09-10 06:32:17,743 [INFO] Starte Tor als direkten Prozess: tor -f /mnt/tor_ramdisk/torrc
2026-09-10 06:32:19,744 [INFO] Warte auf Tor-Bootstrap (kann bei europäischen Exit-Nodes einen Moment dauern)...
2026-09-10 06:34:19,787 [ERROR] [-] Timeout beim Tor-Bootstrap erreicht.
2026-09-10 06:34:19,806 [ERROR]     Sep 10 06:32:17.753 [notice] Opening Socks listener on 127.0.0.1:9050
2026-09-10 06:34:19,807 [ERROR]     Sep 10 06:32:17.754 [notice] Opened Socks listener connection (ready) on 127.0.0.1:9050
2026-09-10 06:34:19,808 [ERROR]     Sep 10 06:32:17.754 [notice] Opening DNS listener on 127.0.0.1:5353
2026-09-10 06:34:19,809 [ERROR]     Sep 10 06:32:17.754 [notice] Opened DNS listener connection (ready) on 127.0.0.1:5353
2026-09-10 06:34:19,810 [ERROR]     Sep 10 06:32:17.755 [notice] Opening Control listener on 0.0.0.0:9051
2026-09-10 06:34:19,811 [ERROR]     Sep 10 06:32:17.755 [notice] Opened Control listener connection (ready) on 0.0.0.0:9051
2026-09-10 06:34:19,812 [ERROR]     Sep 10 06:32:17.756 [notice] Opening OR listener on 0.0.0.0:8443
2026-09-10 06:34:19,813 [ERROR]     Sep 10 06:32:17.756 [notice] Opened OR listener connection (ready) on 0.0.0.0:8443
2026-09-10 06:34:19,814 [ERROR]     Sep 10 06:32:17.756 [notice] Opening OR listener on [::]:8443
2026-09-10 06:34:19,814 [ERROR]     Sep 10 06:32:17.757 [notice] Opened OR listener connection (ready) on [::]:8443


2026-09-10 06:34:19,815 [INFO] [Cleanup] Fahre Cyberdeck Tor Suite herunter...
2026-09-10 06:34:19,816 [INFO] Deaktiviere Windows-Systemproxy...
2026-09-10 06:34:20,396 [INFO] [+] Windows-Systemproxy erfolgreich deaktiviert.
2026-09-10 06:34:20,398 [INFO] Entferne temporäre Windows-Firewall-Regeln...
2026-09-10 06:34:22,950 [ERROR] [-] PowerShell-Firewall-Fehler: 
2026-09-10 06:34:22,951 [ERROR] [-] Fehler beim Löschen der Firewall-Regeln.
2026-09-10 06:34:22,977 [INFO] [*] Keine aktive DNS-Redirect-Tabelle vorhanden (übersprungen).
2026-09-10 06:34:23,001 [INFO] [+] Keine aktive Kill-Switch-Tabelle zum Löschen gefunden.
2026-09-10 06:34:23,004 [INFO] Stoppe Privoxy-Dienst...
2026-09-10 06:34:23,005 [INFO] [+] Privoxy sauber beendet.
2026-09-10 06:34:23,006 [INFO] Stoppe Tor-Prozess und IP-Changer...
2026-09-10 06:34:28,013 [INFO] [+] Tor-Prozess sauber beendet.
2026-09-10 06:34:28,015 [INFO] Stoppe tor@default...
2026-09-10 06:34:28,021 [INFO] Prüfe auf verwaiste Tor-Prozesse und gebe Ports frei...
2026-09-10 06:34:28,532 [INFO] [+] tor@default beendet.
2026-09-10 06:34:28,533 [INFO] Unmounte RAM-Disk unter /mnt/tor_ramdisk...
2026-09-10 06:34:28,547 [INFO] [+] RAM-Disk sauber unmountet und Spuren beseitigt.
2026-09-10 06:34:28,548 [INFO] [+] Shutdown abgeschlossen. Sämtliche temporären Daten wurden aus dem RAM gelöscht.
[06:36:08] stop_suite.sh
[06:36:08] stop_suite.sh
Suite nicht aktiv (nichts zu tun).
[12:37:39] start_suite.sh
noch nicht root -> sudo -n (NOPASSWD)
[12:37:39] start_suite.sh
gestartet pid=1125 (root)
==================================================================
         CYBERDECK TOR SUITE (WSL2 / RAM-DISK EDITION)          
==================================================================

2026-09-11 12:37:40,059 [INFO] [Vorbereitung] Entferne ggf. übrig gebliebenen Windows-Systemproxy (Stale-State)...
2026-09-11 12:37:40,060 [INFO] Deaktiviere Windows-Systemproxy...
2026-09-11 12:37:40,339 [INFO] [+] Windows-Systemproxy erfolgreich deaktiviert.
2026-09-11 12:37:40,341 [INFO] [Eingabe] Prüfe Systemvoraussetzungen...
2026-09-11 12:37:40,344 [INFO] [+] Systemcheck erfolgreich. WSL-IP ermittelt: 172.23.220.58
2026-09-11 12:37:40,345 [INFO] [Verarbeitung] Initialisiere 256MB RAM-Disk (tmpfs)...
2026-09-11 12:37:40,347 [INFO] Mounte 256MB tmpfs auf /mnt/tor_ramdisk...
2026-09-11 12:37:40,350 [INFO] [+] RAM-Disk erfolgreich gemountet.
2026-09-11 12:37:40,352 [INFO] [+] Unterstrukturen für Tor (/mnt/tor_ramdisk/tor_data) und Privoxy (/mnt/tor_ramdisk/privoxy) vorbereitet.
2026-09-11 12:37:40,353 [INFO] [Verarbeitung] Erzeuge dynamische Konfigurationsdateien in der RAM-Disk...
2026-09-11 12:37:40,648 [INFO] [+] Dynamische torrc erfolgreich in RAM-Disk erzeugt: /mnt/tor_ramdisk/torrc
2026-09-11 12:37:40,660 [INFO] [+] Privoxy user.action (Härtung) in RAM-Disk erzeugt: /mnt/tor_ramdisk/user.action
2026-09-11 12:37:40,661 [INFO] [+] Gehärtete Privoxy-Config in RAM-Disk erzeugt: /mnt/tor_ramdisk/privoxy.conf
2026-09-11 12:37:40,662 [INFO] [Verarbeitung] Wende strikte POSIX-Sicherheitsrechte an...
2026-09-11 12:37:40,663 [INFO] Setze strikte Dateirechte & erstelle Systempfade...
2026-09-11 12:37:40,664 [INFO] [+] Pfad /mnt/tor_ramdisk/torrc mit Rechte 0600 & User-UID 136 vorbereitet.
2026-09-11 12:37:40,665 [INFO] [Verarbeitung] Konfiguriere Windows Defender Firewall-Regeln...
2026-09-11 12:37:40,665 [INFO] Konfiguriere Windows-Firewall-Regeln für Ports 8118 (Privoxy) & 8443 (ORPort)...
2026-09-11 12:37:43,821 [ERROR] [-] PowerShell-Firewall-Fehler: New-NetFirewallRule : Zugriff verweigert 
In Zeile:1 Zeichen:97
+ ... lyContinue; New-NetFirewallRule -DisplayName "Cyberdeck_TorSuite_Priv ...
+                 ~~~~~~~~~~~~~~~~~~~~~~~~~~~~~~~~~~~~~~~~~~~~~~~~~~~~~~~~~
    + CategoryInfo          : PermissionDenied: (MSFT_NetFirewallRule:root/standardcimv2/MSFT_NetFirewallRule) [New-Ne 
   tFirewallRule], CimException
    + FullyQualifiedErrorId : Windows System Error 5,New-NetFirewallRule
 
New-NetFirewallRule : Zugriff verweigert 
In Zeile:1 Zeichen:390
+ ... lyContinue; New-NetFirewallRule -DisplayName "Cyberdeck_TorSuite_ORPo ...
+                 ~~~~~~~~~~~~~~~~~~~~~~~~~~~~~~~~~~~~~~~~~~~~~~~~~~~~~~~~~
    + CategoryInfo          : PermissionDenied: (MSFT_NetFirewallRule:root/standardcimv2/MSFT_NetFirewallRule) [New-Ne 
   tFirewallRule], CimException
    + FullyQualifiedErrorId : Windows System Error 5,New-NetFirewallRule
2026-09-11 12:37:43,823 [WARNING] [!] Firewall-Regeln konnten teilweise nicht gesetzt werden (Elevated Admin-Rechte unter Windows erforderlich).
2026-09-11 12:37:43,824 [INFO] [Verarbeitung] Bereinige verwaiste Tor-Prozesse und aktiviere Tor-Dienst...
2026-09-11 12:37:43,826 [INFO] Stoppe System-Tor-Instanz (tor@default)...
2026-09-11 12:37:43,834 [INFO] Prüfe auf verwaiste Tor-Prozesse und gebe Ports frei...
2026-09-11 12:37:44,346 [INFO] [+] System-Tor gestoppt – Ports frei für den Suite-eigenen Tor (RAM-Disk).
2026-09-11 12:37:44,347 [INFO] [Verarbeitung] Starte Tor-Dienst und Stealth-Relay (warte auf Bootstrap 100%)...
2026-09-11 12:37:44,352 [INFO] [+] Dynamische torrc erfolgreich in RAM-Disk erzeugt: /mnt/tor_ramdisk/torrc
2026-09-11 12:37:44,357 [INFO] Starte Tor als direkten Prozess: tor -f /mnt/tor_ramdisk/torrc
2026-09-11 12:37:46,358 [INFO] Warte auf Tor-Bootstrap (kann bei europäischen Exit-Nodes einen Moment dauern)...
2026-09-11 12:38:13,886 [INFO] [+] Tor erfolgreich gestartet und zu 100% bootstrapped.
2026-09-11 12:38:13,887 [INFO] [*] IP-Changer gestartet (Rotation alle 120 Sekunden).
2026-09-11 12:38:13,894 [INFO] [Verarbeitung] Tor bootstrapped (100%) – aktiviere DNS-Leak-Schutz & Kill-Switch...
2026-09-11 12:38:13,899 [INFO] [+] /etc/resolv.conf gehärtet und auf lokalen Tor-DNS umgeleitet.
2026-09-11 12:38:13,925 [INFO] [+] DNS-Redirect aktiv: jeder Port-53-Aufruf -> Tor-DNSPort 5353 (kein DNS-Leak).
2026-09-11 12:38:13,929 [INFO] [+] nftables Kill-Switch aktiv (Exklusiver Outbound für Tor-UID 136, DNS-Port 5353).
2026-09-11 12:38:13,930 [INFO] [Verarbeitung] Starte gehärteten Privoxy-Proxy...
2026-09-11 12:38:13,939 [INFO] [+] Privoxy user.action (Härtung) in RAM-Disk erzeugt: /mnt/tor_ramdisk/user.action
2026-09-11 12:38:13,940 [INFO] [+] Gehärtete Privoxy-Config in RAM-Disk erzeugt: /mnt/tor_ramdisk/privoxy.conf
2026-09-11 12:38:13,941 [INFO] Starte Privoxy als direkten Prozess mit RAM-Disk-Config...
2026-09-11 12:38:15,445 [INFO] [+] Privoxy erfolgreich gestartet (Hört auf 0.0.0.0:8118).
2026-09-11 12:38:15,449 [INFO] [Ausgabe] Aktiviere Windows-Systemproxy...
2026-09-11 12:38:15,450 [INFO] Setze Windows-Systemproxy auf 172.23.220.58:8118...
2026-09-11 12:38:15,698 [INFO] [+] Windows-Systemproxy erfolgreich aktiviert (172.23.220.58:8118).

==================================================================
2026-09-11 12:38:15,700 [INFO] [SUCCESS] Tor Suite ist aktiv!
2026-09-11 12:38:15,702 [INFO]  - Privoxy Proxy: 172.23.220.58:8118
2026-09-11 12:38:15,703 [INFO]  - Tor Relay ORPort: 8443
2026-09-11 12:38:15,705 [INFO]  - IP-Rotation: Alle 120 Sekunden
2026-09-11 12:38:15,706 [INFO]  - Spurenschutz: Aktive 256MB RAM-Disk (tmpfs) + nftables Kill-Switch
==================================================================
Drücke CTRL+C zum Beenden und sauberen Aufräumen.

2026-09-11 12:40:13,920 [INFO] [+] Signal NEWNYM gesendet: Tor Exit-IP gewechselt.
2026-09-11 12:42:13,948 [INFO] [+] Signal NEWNYM gesendet: Tor Exit-IP gewechselt.
[12:42:17] stop_suite.sh
[12:42:17] stop_suite.sh


2026-09-11 12:42:17,250 [INFO] [Cleanup] Fahre Cyberdeck Tor Suite herunter...
2026-09-11 12:42:17,251 [INFO] Deaktiviere Windows-Systemproxy...
2026-09-11 12:42:17,513 [INFO] [+] Windows-Systemproxy erfolgreich deaktiviert.
2026-09-11 12:42:17,514 [INFO] Entferne temporäre Windows-Firewall-Regeln...
2026-09-11 12:42:19,961 [ERROR] [-] PowerShell-Firewall-Fehler: 
2026-09-11 12:42:19,963 [ERROR] [-] Fehler beim Löschen der Firewall-Regeln.
2026-09-11 12:42:19,977 [INFO] [+] DNS-Redirect-Tabelle erfolgreich entfernt.
2026-09-11 12:42:20,001 [INFO] [+] nftables Kill-Switch Tabelle erfolgreich gelöscht.
2026-09-11 12:42:20,004 [INFO] [+] Ursprüngliche /etc/resolv.conf wiederhergestellt.
2026-09-11 12:42:20,005 [INFO] Stoppe Privoxy-Dienst...
2026-09-11 12:42:20,010 [INFO] [+] Privoxy sauber beendet.
2026-09-11 12:42:20,011 [INFO] Stoppe Tor-Prozess und IP-Changer...
2026-09-11 12:42:20,184 [INFO] [+] Tor-Prozess sauber beendet.
2026-09-11 12:42:20,185 [INFO] Stoppe tor@default...
2026-09-11 12:42:20,192 [INFO] Prüfe auf verwaiste Tor-Prozesse und gebe Ports frei...
2026-09-11 12:42:20,704 [INFO] [+] tor@default beendet.
2026-09-11 12:42:20,706 [INFO] Unmounte RAM-Disk unter /mnt/tor_ramdisk...
2026-09-11 12:42:20,730 [INFO] [+] RAM-Disk sauber unmountet und Spuren beseitigt.
2026-09-11 12:42:20,731 [INFO] [+] Shutdown abgeschlossen. Sämtliche temporären Daten wurden aus dem RAM gelöscht.
Suite gestoppt.
[07:52:20] start_suite.sh
noch nicht root -> sudo -n (NOPASSWD)
[07:52:20] start_suite.sh
gestartet pid=1123 (root)
==================================================================
         CYBERDECK TOR SUITE (WSL2 / RAM-DISK EDITION)          
==================================================================

2026-09-12 07:52:20,904 [INFO] [Vorbereitung] Entferne ggf. übrig gebliebenen Windows-Systemproxy (Stale-State)...
2026-09-12 07:52:20,905 [INFO] Deaktiviere Windows-Systemproxy...
2026-09-12 07:52:21,222 [INFO] [+] Windows-Systemproxy erfolgreich deaktiviert.
2026-09-12 07:52:21,225 [INFO] [Eingabe] Prüfe Systemvoraussetzungen...
2026-09-12 07:52:21,229 [INFO] [+] Systemcheck erfolgreich. WSL-IP ermittelt: 172.23.220.58
2026-09-12 07:52:21,230 [INFO] [Verarbeitung] Initialisiere 256MB RAM-Disk (tmpfs)...
2026-09-12 07:52:21,232 [INFO] Mounte 256MB tmpfs auf /mnt/tor_ramdisk...
2026-09-12 07:52:21,237 [INFO] [+] RAM-Disk erfolgreich gemountet.
2026-09-12 07:52:21,238 [INFO] [+] Unterstrukturen für Tor (/mnt/tor_ramdisk/tor_data) und Privoxy (/mnt/tor_ramdisk/privoxy) vorbereitet.
2026-09-12 07:52:21,239 [INFO] [Verarbeitung] Erzeuge dynamische Konfigurationsdateien in der RAM-Disk...
2026-09-12 07:52:21,602 [INFO] [+] Dynamische torrc erfolgreich in RAM-Disk erzeugt: /mnt/tor_ramdisk/torrc
2026-09-12 07:52:21,616 [INFO] [+] Privoxy user.action (Härtung) in RAM-Disk erzeugt: /mnt/tor_ramdisk/user.action
2026-09-12 07:52:21,617 [INFO] [+] Gehärtete Privoxy-Config in RAM-Disk erzeugt: /mnt/tor_ramdisk/privoxy.conf
2026-09-12 07:52:21,618 [INFO] [Verarbeitung] Wende strikte POSIX-Sicherheitsrechte an...
2026-09-12 07:52:21,619 [INFO] Setze strikte Dateirechte & erstelle Systempfade...
2026-09-12 07:52:21,621 [INFO] [+] Pfad /mnt/tor_ramdisk/torrc mit Rechte 0600 & User-UID 136 vorbereitet.
2026-09-12 07:52:21,622 [INFO] [Verarbeitung] Konfiguriere Windows Defender Firewall-Regeln...
2026-09-12 07:52:21,623 [INFO] Konfiguriere Windows-Firewall-Regeln für Ports 8118 (Privoxy) & 8443 (ORPort)...
2026-09-12 07:52:24,949 [ERROR] [-] PowerShell-Firewall-Fehler: New-NetFirewallRule : Zugriff verweigert 
In Zeile:1 Zeichen:97
+ ... lyContinue; New-NetFirewallRule -DisplayName "Cyberdeck_TorSuite_Priv ...
+                 ~~~~~~~~~~~~~~~~~~~~~~~~~~~~~~~~~~~~~~~~~~~~~~~~~~~~~~~~~
    + CategoryInfo          : PermissionDenied: (MSFT_NetFirewallRule:root/standardcimv2/MSFT_NetFirewallRule) [New-Ne 
   tFirewallRule], CimException
    + FullyQualifiedErrorId : Windows System Error 5,New-NetFirewallRule
 
New-NetFirewallRule : Zugriff verweigert 
In Zeile:1 Zeichen:390
+ ... lyContinue; New-NetFirewallRule -DisplayName "Cyberdeck_TorSuite_ORPo ...
+                 ~~~~~~~~~~~~~~~~~~~~~~~~~~~~~~~~~~~~~~~~~~~~~~~~~~~~~~~~~
    + CategoryInfo          : PermissionDenied: (MSFT_NetFirewallRule:root/standardcimv2/MSFT_NetFirewallRule) [New-Ne 
   tFirewallRule], CimException
    + FullyQualifiedErrorId : Windows System Error 5,New-NetFirewallRule
2026-09-12 07:52:24,951 [WARNING] [!] Firewall-Regeln konnten teilweise nicht gesetzt werden (Elevated Admin-Rechte unter Windows erforderlich).
2026-09-12 07:52:24,952 [INFO] [Verarbeitung] Bereinige verwaiste Tor-Prozesse und aktiviere Tor-Dienst...
2026-09-12 07:52:24,953 [INFO] Stoppe System-Tor-Instanz (tor@default)...
2026-09-12 07:52:24,960 [INFO] Prüfe auf verwaiste Tor-Prozesse und gebe Ports frei...
2026-09-12 07:52:25,472 [INFO] [+] System-Tor gestoppt – Ports frei für den Suite-eigenen Tor (RAM-Disk).
2026-09-12 07:52:25,473 [INFO] [Verarbeitung] Starte Tor-Dienst und Stealth-Relay (warte auf Bootstrap 100%)...
2026-09-12 07:52:25,478 [INFO] [+] Dynamische torrc erfolgreich in RAM-Disk erzeugt: /mnt/tor_ramdisk/torrc
2026-09-12 07:52:25,483 [INFO] Starte Tor als direkten Prozess: tor -f /mnt/tor_ramdisk/torrc
2026-09-12 07:52:27,484 [INFO] Warte auf Tor-Bootstrap (kann bei europäischen Exit-Nodes einen Moment dauern)...
2026-09-12 07:52:45,156 [INFO] [+] Tor erfolgreich gestartet und zu 100% bootstrapped.
2026-09-12 07:52:45,157 [INFO] [*] IP-Changer gestartet (Rotation alle 120 Sekunden).
2026-09-12 07:52:45,163 [INFO] [Verarbeitung] Tor bootstrapped (100%) – aktiviere DNS-Leak-Schutz & Kill-Switch...
2026-09-12 07:52:45,168 [INFO] [+] /etc/resolv.conf gehärtet und auf lokalen Tor-DNS umgeleitet.
2026-09-12 07:52:45,222 [INFO] [+] DNS-Redirect aktiv: jeder Port-53-Aufruf -> Tor-DNSPort 5353 (kein DNS-Leak).
2026-09-12 07:52:45,227 [INFO] [+] nftables Kill-Switch aktiv (Exklusiver Outbound für Tor-UID 136, DNS-Port 5353).
2026-09-12 07:52:45,228 [INFO] [Verarbeitung] Starte gehärteten Privoxy-Proxy...
2026-09-12 07:52:45,237 [INFO] [+] Privoxy user.action (Härtung) in RAM-Disk erzeugt: /mnt/tor_ramdisk/user.action
2026-09-12 07:52:45,238 [INFO] [+] Gehärtete Privoxy-Config in RAM-Disk erzeugt: /mnt/tor_ramdisk/privoxy.conf
2026-09-12 07:52:45,239 [INFO] Starte Privoxy als direkten Prozess mit RAM-Disk-Config...
2026-09-12 07:52:46,744 [INFO] [+] Privoxy erfolgreich gestartet (Hört auf 0.0.0.0:8118).
2026-09-12 07:52:46,745 [INFO] [Ausgabe] Aktiviere Windows-Systemproxy...
2026-09-12 07:52:46,746 [INFO] Setze Windows-Systemproxy auf 172.23.220.58:8118...
2026-09-12 07:52:46,997 [INFO] [+] Windows-Systemproxy erfolgreich aktiviert (172.23.220.58:8118).

==================================================================
2026-09-12 07:52:46,999 [INFO] [SUCCESS] Tor Suite ist aktiv!
2026-09-12 07:52:47,000 [INFO]  - Privoxy Proxy: 172.23.220.58:8118
2026-09-12 07:52:47,001 [INFO]  - Tor Relay ORPort: 8443
2026-09-12 07:52:47,002 [INFO]  - IP-Rotation: Alle 120 Sekunden
2026-09-12 07:52:47,002 [INFO]  - Spurenschutz: Aktive 256MB RAM-Disk (tmpfs) + nftables Kill-Switch
[07:53:20] stop_suite.sh
[07:53:20] stop_suite.sh
SIGTERM gesendet, warte auf sauberen Shutdown...
=================
Drücke CTRL+C zum Beenden und sauberen Aufräumen.



2026-09-12 07:53:20,299 [INFO] [Cleanup] Fahre Cyberdeck Tor Suite herunter...
2026-09-12 07:53:20,300 [INFO] Deaktiviere Windows-Systemproxy...
2026-09-12 07:53:20,549 [INFO] [+] Windows-Systemproxy erfolgreich deaktiviert.
2026-09-12 07:53:20,550 [INFO] Entferne temporäre Windows-Firewall-Regeln...
[07:53:20] stop_suite.sh
[07:53:20] stop_suite.sh
SIGTERM gesendet, warte auf sauberen Shutdown...
2026-09-12 07:53:22,675 [ERROR] [-] PowerShell-Firewall-Fehler: 
2026-09-12 07:53:22,679 [ERROR] [-] Fehler beim Löschen der Firewall-Regeln.
2026-09-12 07:53:22,694 [INFO] [+] DNS-Redirect-Tabelle erfolgreich entfernt.
2026-09-12 07:53:22,726 [INFO] [+] nftables Kill-Switch Tabelle erfolgreich gelöscht.
2026-09-12 07:53:22,728 [INFO] [+] Ursprüngliche /etc/resolv.conf wiederhergestellt.
2026-09-12 07:53:22,729 [INFO] Stoppe Privoxy-Dienst...
2026-09-12 07:53:22,733 [INFO] [+] Privoxy sauber beendet.
2026-09-12 07:53:22,735 [INFO] Stoppe Tor-Prozess und IP-Changer...
2026-09-12 07:53:22,855 [INFO] [+] Tor-Prozess sauber beendet.
2026-09-12 07:53:22,856 [INFO] Stoppe tor@default...
2026-09-12 07:53:22,863 [INFO] Prüfe auf verwaiste Tor-Prozesse und gebe Ports frei...
2026-09-12 07:53:23,376 [INFO] [+] tor@default beendet.
2026-09-12 07:53:23,377 [INFO] Unmounte RAM-Disk unter /mnt/tor_ramdisk...
2026-09-12 07:53:23,398 [INFO] [+] RAM-Disk sauber unmountet und Spuren beseitigt.
2026-09-12 07:53:23,400 [INFO] [+] Shutdown abgeschlossen. Sämtliche temporären Daten wurden aus dem RAM gelöscht.
Suite gestoppt.
Suite gestoppt.
[18:36:09] start_suite.sh
noch nicht root -> sudo -n (NOPASSWD)
[18:36:09] start_suite.sh
gestartet pid=643 (root)
==================================================================
         CYBERDECK TOR SUITE (WSL2 / RAM-DISK EDITION)          
==================================================================

2026-09-12 18:36:09,612 [INFO] [Vorbereitung] Entferne ggf. übrig gebliebenen Windows-Systemproxy (Stale-State)...
2026-09-12 18:36:09,613 [INFO] Deaktiviere Windows-Systemproxy...
2026-09-12 18:36:09,848 [INFO] [+] Windows-Systemproxy erfolgreich deaktiviert.
2026-09-12 18:36:09,849 [INFO] [Eingabe] Prüfe Systemvoraussetzungen...
2026-09-12 18:36:09,853 [INFO] [+] Systemcheck erfolgreich. WSL-IP ermittelt: 172.23.220.58
2026-09-12 18:36:09,854 [INFO] [Verarbeitung] Initialisiere 256MB RAM-Disk (tmpfs)...
2026-09-12 18:36:09,855 [INFO] Mounte 256MB tmpfs auf /mnt/tor_ramdisk...
2026-09-12 18:36:09,858 [INFO] [+] RAM-Disk erfolgreich gemountet.
2026-09-12 18:36:09,859 [INFO] [+] Unterstrukturen für Tor (/mnt/tor_ramdisk/tor_data) und Privoxy (/mnt/tor_ramdisk/privoxy) vorbereitet.
2026-09-12 18:36:09,860 [INFO] [Verarbeitung] Erzeuge dynamische Konfigurationsdateien in der RAM-Disk...
2026-09-12 18:36:10,130 [INFO] [+] Dynamische torrc erfolgreich in RAM-Disk erzeugt: /mnt/tor_ramdisk/torrc
2026-09-12 18:36:10,142 [INFO] [+] Privoxy user.action (Härtung) in RAM-Disk erzeugt: /mnt/tor_ramdisk/user.action
2026-09-12 18:36:10,143 [INFO] [+] Gehärtete Privoxy-Config in RAM-Disk erzeugt: /mnt/tor_ramdisk/privoxy.conf
2026-09-12 18:36:10,144 [INFO] [Verarbeitung] Wende strikte POSIX-Sicherheitsrechte an...
2026-09-12 18:36:10,145 [INFO] Setze strikte Dateirechte & erstelle Systempfade...
2026-09-12 18:36:10,146 [INFO] [+] Pfad /mnt/tor_ramdisk/torrc mit Rechte 0600 & User-UID 136 vorbereitet.
2026-09-12 18:36:10,147 [INFO] [Verarbeitung] Konfiguriere Windows Defender Firewall-Regeln...
2026-09-12 18:36:10,148 [INFO] Konfiguriere Windows-Firewall-Regeln für Ports 8118 (Privoxy) & 8443 (ORPort)...
2026-09-12 18:36:12,593 [ERROR] [-] PowerShell-Firewall-Fehler: New-NetFirewallRule : Zugriff verweigert 
In Zeile:1 Zeichen:97
+ ... lyContinue; New-NetFirewallRule -DisplayName "Cyberdeck_TorSuite_Priv ...
+                 ~~~~~~~~~~~~~~~~~~~~~~~~~~~~~~~~~~~~~~~~~~~~~~~~~~~~~~~~~
    + CategoryInfo          : PermissionDenied: (MSFT_NetFirewallRule:root/standardcimv2/MSFT_NetFirewallRule) [New-Ne 
   tFirewallRule], CimException
    + FullyQualifiedErrorId : Windows System Error 5,New-NetFirewallRule
 
New-NetFirewallRule : Zugriff verweigert 
In Zeile:1 Zeichen:390
+ ... lyContinue; New-NetFirewallRule -DisplayName "Cyberdeck_TorSuite_ORPo ...
+                 ~~~~~~~~~~~~~~~~~~~~~~~~~~~~~~~~~~~~~~~~~~~~~~~~~~~~~~~~~
    + CategoryInfo          : PermissionDenied: (MSFT_NetFirewallRule:root/standardcimv2/MSFT_NetFirewallRule) [New-Ne 
   tFirewallRule], CimException
    + FullyQualifiedErrorId : Windows System Error 5,New-NetFirewallRule
2026-09-12 18:36:12,595 [WARNING] [!] Firewall-Regeln konnten teilweise nicht gesetzt werden (Elevated Admin-Rechte unter Windows erforderlich).
2026-09-12 18:36:12,595 [INFO] [Verarbeitung] Bereinige verwaiste Tor-Prozesse und aktiviere Tor-Dienst...
2026-09-12 18:36:12,596 [INFO] Stoppe System-Tor-Instanz (tor@default)...
2026-09-12 18:36:12,603 [INFO] Prüfe auf verwaiste Tor-Prozesse und gebe Ports frei...
2026-09-12 18:36:13,114 [INFO] [+] System-Tor gestoppt – Ports frei für den Suite-eigenen Tor (RAM-Disk).
2026-09-12 18:36:13,115 [INFO] [Verarbeitung] Starte Tor-Dienst und Stealth-Relay (warte auf Bootstrap 100%)...
2026-09-12 18:36:13,120 [INFO] [+] Dynamische torrc erfolgreich in RAM-Disk erzeugt: /mnt/tor_ramdisk/torrc
2026-09-12 18:36:13,124 [INFO] Starte Tor als direkten Prozess: tor -f /mnt/tor_ramdisk/torrc
2026-09-12 18:36:15,125 [INFO] Warte auf Tor-Bootstrap (kann bei europäischen Exit-Nodes einen Moment dauern)...
2026-09-12 18:36:52,691 [INFO] [+] Tor erfolgreich gestartet und zu 100% bootstrapped.
2026-09-12 18:36:52,693 [INFO] [*] IP-Changer gestartet (Rotation alle 120 Sekunden).
2026-09-12 18:36:52,699 [INFO] [Verarbeitung] Tor bootstrapped (100%) – aktiviere DNS-Leak-Schutz & Kill-Switch...
2026-09-12 18:36:52,706 [INFO] [+] /etc/resolv.conf gehärtet und auf lokalen Tor-DNS umgeleitet.
2026-09-12 18:36:52,773 [INFO] [+] DNS-Redirect aktiv: jeder Port-53-Aufruf -> Tor-DNSPort 5353 (kein DNS-Leak).
2026-09-12 18:36:52,778 [INFO] [+] nftables Kill-Switch aktiv (Exklusiver Outbound für Tor-UID 136, DNS-Port 5353).
2026-09-12 18:36:52,779 [INFO] [Verarbeitung] Starte gehärteten Privoxy-Proxy...
2026-09-12 18:36:52,788 [INFO] [+] Privoxy user.action (Härtung) in RAM-Disk erzeugt: /mnt/tor_ramdisk/user.action
2026-09-12 18:36:52,790 [INFO] [+] Gehärtete Privoxy-Config in RAM-Disk erzeugt: /mnt/tor_ramdisk/privoxy.conf
2026-09-12 18:36:52,791 [INFO] Starte Privoxy als direkten Prozess mit RAM-Disk-Config...
2026-09-12 18:36:54,295 [INFO] [+] Privoxy erfolgreich gestartet (Hört auf 0.0.0.0:8118).
2026-09-12 18:36:54,296 [INFO] [Ausgabe] Aktiviere Windows-Systemproxy...
2026-09-12 18:36:54,297 [INFO] Setze Windows-Systemproxy auf 172.23.220.58:8118...
2026-09-12 18:36:54,547 [INFO] [+] Windows-Systemproxy erfolgreich aktiviert (172.23.220.58:8118).

==================================================================
2026-09-12 18:36:54,549 [INFO] [SUCCESS] Tor Suite ist aktiv!
2026-09-12 18:36:54,550 [INFO]  - Privoxy Proxy: 172.23.220.58:8118
2026-09-12 18:36:54,551 [INFO]  - Tor Relay ORPort: 8443
2026-09-12 18:36:54,552 [INFO]  - IP-Rotation: Alle 120 Sekunden
2026-09-12 18:36:54,553 [INFO]  - Spurenschutz: Aktive 256MB RAM-Disk (tmpfs) + nftables Kill-Switch
==================================================================
Drücke CTRL+C zum Beenden und sauberen Aufräumen.

2026-09-12 18:38:52,743 [INFO] [+] Signal NEWNYM gesendet: Tor Exit-IP gewechselt.
2026-09-12 18:40:52,765 [INFO] [+] Signal NEWNYM gesendet: Tor Exit-IP gewechselt.
2026-09-12 18:42:52,786 [INFO] [+] Signal NEWNYM gesendet: Tor Exit-IP gewechselt.
2026-09-12 18:44:54,397 [INFO] [+] Signal NEWNYM gesendet: Tor Exit-IP gewechselt.
2026-09-12 18:46:54,418 [INFO] [+] Signal NEWNYM gesendet: Tor Exit-IP gewechselt.
2026-09-12 18:48:54,440 [INFO] [+] Signal NEWNYM gesendet: Tor Exit-IP gewechselt.
2026-09-12 18:50:54,461 [INFO] [+] Signal NEWNYM gesendet: Tor Exit-IP gewechselt.
2026-09-12 18:52:56,238 [INFO] [+] Signal NEWNYM gesendet: Tor Exit-IP gewechselt.
2026-09-12 18:54:56,260 [INFO] [+] Signal NEWNYM gesendet: Tor Exit-IP gewechselt.
2026-09-12 18:56:56,282 [INFO] [+] Signal NEWNYM gesendet: Tor Exit-IP gewechselt.
[18:58:15] stop_suite.sh
[18:58:15] stop_suite.sh
SIGTERM gesendet, warte auf sauberen Shutdown...
Cyberdeck Tor Suite herunter...
2026-09-12 18:58:15,912 [INFO] Deaktiviere Windows-Systemproxy...
2026-09-12 18:58:16,172 [INFO] [+] Windows-Systemproxy erfolgreich deaktiviert.
2026-09-12 18:58:16,173 [INFO] Entferne temporäre Windows-Firewall-Regeln...
2026-09-12 18:58:18,482 [ERROR] [-] PowerShell-Firewall-Fehler: 
2026-09-12 18:58:18,484 [ERROR] [-] Fehler beim Löschen der Firewall-Regeln.
2026-09-12 18:58:18,528 [INFO] [+] DNS-Redirect-Tabelle erfolgreich entfernt.
2026-09-12 18:58:18,548 [INFO] [+] nftables Kill-Switch Tabelle erfolgreich gelöscht.
2026-09-12 18:58:18,553 [INFO] [+] Ursprüngliche /etc/resolv.conf wiederhergestellt.
2026-09-12 18:58:18,554 [INFO] Stoppe Privoxy-Dienst...
2026-09-12 18:58:18,559 [INFO] [+] Privoxy sauber beendet.
2026-09-12 18:58:18,560 [INFO] Stoppe Tor-Prozess und IP-Changer...
2026-09-12 18:58:18,732 [INFO] [+] Tor-Prozess sauber beendet.
2026-09-12 18:58:18,733 [INFO] Stoppe tor@default...
2026-09-12 18:58:18,739 [INFO] Prüfe auf verwaiste Tor-Prozesse und gebe Ports frei...
2026-09-12 18:58:19,250 [INFO] [+] tor@default beendet.
2026-09-12 18:58:19,251 [INFO] Unmounte RAM-Disk unter /mnt/tor_ramdisk...
2026-09-12 18:58:19,272 [INFO] [+] RAM-Disk sauber unmountet und Spuren beseitigt.
2026-09-12 18:58:19,273 [INFO] [+] Shutdown abgeschlossen. Sämtliche temporären Daten wurden aus dem RAM gelöscht.
Suite gestoppt.
[19:41:20] stop_suite.sh
[19:41:20] stop_suite.sh
Suite nicht aktiv (nichts zu tun).
[19:43:40] start_suite.sh
noch nicht root -> sudo -n (NOPASSWD)
[19:43:40] start_suite.sh
gestartet pid=603 (root)
==================================================================
         CYBERDECK TOR SUITE (WSL2 / RAM-DISK EDITION)          
==================================================================

2026-09-12 19:43:40,585 [INFO] [Vorbereitung] Entferne ggf. übrig gebliebenen Windows-Systemproxy (Stale-State)...
2026-09-12 19:43:40,586 [INFO] Deaktiviere Windows-Systemproxy...
2026-09-12 19:43:40,882 [INFO] [+] Windows-Systemproxy erfolgreich deaktiviert.
2026-09-12 19:43:40,884 [INFO] [Eingabe] Prüfe Systemvoraussetzungen...
2026-09-12 19:43:40,887 [INFO] [+] Systemcheck erfolgreich. WSL-IP ermittelt: 172.23.220.58
2026-09-12 19:43:40,888 [INFO] [Verarbeitung] Initialisiere 256MB RAM-Disk (tmpfs)...
2026-09-12 19:43:40,890 [INFO] Mounte 256MB tmpfs auf /mnt/tor_ramdisk...
2026-09-12 19:43:40,894 [INFO] [+] RAM-Disk erfolgreich gemountet.
2026-09-12 19:43:40,895 [INFO] [+] Unterstrukturen für Tor (/mnt/tor_ramdisk/tor_data) und Privoxy (/mnt/tor_ramdisk/privoxy) vorbereitet.
2026-09-12 19:43:40,896 [INFO] [Verarbeitung] Erzeuge dynamische Konfigurationsdateien in der RAM-Disk...
2026-09-12 19:43:41,235 [INFO] [+] Dynamische torrc erfolgreich in RAM-Disk erzeugt: /mnt/tor_ramdisk/torrc
2026-09-12 19:43:41,248 [INFO] [+] Privoxy user.action (Härtung) in RAM-Disk erzeugt: /mnt/tor_ramdisk/user.action
2026-09-12 19:43:41,249 [INFO] [+] Gehärtete Privoxy-Config in RAM-Disk erzeugt: /mnt/tor_ramdisk/privoxy.conf
2026-09-12 19:43:41,251 [INFO] [Verarbeitung] Wende strikte POSIX-Sicherheitsrechte an...
2026-09-12 19:43:41,252 [INFO] Setze strikte Dateirechte & erstelle Systempfade...
2026-09-12 19:43:41,253 [INFO] [+] Pfad /mnt/tor_ramdisk/torrc mit Rechte 0600 & User-UID 136 vorbereitet.
2026-09-12 19:43:41,254 [INFO] [Verarbeitung] Konfiguriere Windows Defender Firewall-Regeln...
2026-09-12 19:43:41,255 [INFO] Konfiguriere Windows-Firewall-Regeln für Ports 8118 (Privoxy) & 8443 (ORPort)...
2026-09-12 19:43:44,459 [ERROR] [-] PowerShell-Firewall-Fehler: New-NetFirewallRule : Zugriff verweigert 
In Zeile:1 Zeichen:97
+ ... lyContinue; New-NetFirewallRule -DisplayName "Cyberdeck_TorSuite_Priv ...
+                 ~~~~~~~~~~~~~~~~~~~~~~~~~~~~~~~~~~~~~~~~~~~~~~~~~~~~~~~~~
    + CategoryInfo          : PermissionDenied: (MSFT_NetFirewallRule:root/standardcimv2/MSFT_NetFirewallRule) [New-Ne 
   tFirewallRule], CimException
    + FullyQualifiedErrorId : Windows System Error 5,New-NetFirewallRule
 
New-NetFirewallRule : Zugriff verweigert 
In Zeile:1 Zeichen:390
+ ... lyContinue; New-NetFirewallRule -DisplayName "Cyberdeck_TorSuite_ORPo ...
+                 ~~~~~~~~~~~~~~~~~~~~~~~~~~~~~~~~~~~~~~~~~~~~~~~~~~~~~~~~~
    + CategoryInfo          : PermissionDenied: (MSFT_NetFirewallRule:root/standardcimv2/MSFT_NetFirewallRule) [New-Ne 
   tFirewallRule], CimException
    + FullyQualifiedErrorId : Windows System Error 5,New-NetFirewallRule
2026-09-12 19:43:44,460 [WARNING] [!] Firewall-Regeln konnten teilweise nicht gesetzt werden (Elevated Admin-Rechte unter Windows erforderlich).
2026-09-12 19:43:44,461 [INFO] [Verarbeitung] Bereinige verwaiste Tor-Prozesse und aktiviere Tor-Dienst...
2026-09-12 19:43:44,461 [INFO] Stoppe System-Tor-Instanz (tor@default)...
2026-09-12 19:43:44,468 [INFO] Prüfe auf verwaiste Tor-Prozesse und gebe Ports frei...
2026-09-12 19:43:44,980 [INFO] [+] System-Tor gestoppt – Ports frei für den Suite-eigenen Tor (RAM-Disk).
2026-09-12 19:43:44,981 [INFO] [Verarbeitung] Starte Tor-Dienst und Stealth-Relay (warte auf Bootstrap 100%)...
2026-09-12 19:43:44,986 [INFO] [+] Dynamische torrc erfolgreich in RAM-Disk erzeugt: /mnt/tor_ramdisk/torrc
2026-09-12 19:43:44,990 [INFO] Starte Tor als direkten Prozess: tor -f /mnt/tor_ramdisk/torrc
2026-09-12 19:43:46,992 [INFO] Warte auf Tor-Bootstrap (kann bei europäischen Exit-Nodes einen Moment dauern)...
2026-09-12 19:44:13,797 [INFO] [+] Tor erfolgreich gestartet und zu 100% bootstrapped.
2026-09-12 19:44:13,798 [INFO] [*] IP-Changer gestartet (Rotation alle 120 Sekunden).
2026-09-12 19:44:13,805 [INFO] [Verarbeitung] Tor bootstrapped (100%) – aktiviere DNS-Leak-Schutz & Kill-Switch...
2026-09-12 19:44:13,811 [INFO] [+] /etc/resolv.conf gehärtet und auf lokalen Tor-DNS umgeleitet.
2026-09-12 19:44:13,871 [INFO] [+] DNS-Redirect aktiv: jeder Port-53-Aufruf -> Tor-DNSPort 5353 (kein DNS-Leak).
2026-09-12 19:44:13,876 [INFO] [+] nftables Kill-Switch aktiv (Exklusiver Outbound für Tor-UID 136, DNS-Port 5353).
2026-09-12 19:44:13,878 [INFO] [Verarbeitung] Starte gehärteten Privoxy-Proxy...
2026-09-12 19:44:13,888 [INFO] [+] Privoxy user.action (Härtung) in RAM-Disk erzeugt: /mnt/tor_ramdisk/user.action
2026-09-12 19:44:13,891 [INFO] [+] Gehärtete Privoxy-Config in RAM-Disk erzeugt: /mnt/tor_ramdisk/privoxy.conf
2026-09-12 19:44:13,892 [INFO] Starte Privoxy als direkten Prozess mit RAM-Disk-Config...
2026-09-12 19:44:15,397 [INFO] [+] Privoxy erfolgreich gestartet (Hört auf 0.0.0.0:8118).
2026-09-12 19:44:15,398 [INFO] [Ausgabe] Aktiviere Windows-Systemproxy...
2026-09-12 19:44:15,399 [INFO] Setze Windows-Systemproxy auf 172.23.220.58:8118...
2026-09-12 19:44:15,659 [INFO] [+] Windows-Systemproxy erfolgreich aktiviert (172.23.220.58:8118).

==================================================================
2026-09-12 19:44:15,660 [INFO] [SUCCESS] Tor Suite ist aktiv!
2026-09-12 19:44:15,661 [INFO]  - Privoxy Proxy: 172.23.220.58:8118
2026-09-12 19:44:15,662 [INFO]  - Tor Relay ORPort: 8443
2026-09-12 19:44:15,663 [INFO]  - IP-Rotation: Alle 120 Sekunden
2026-09-12 19:44:15,664 [INFO]  - Spurenschutz: Aktive 256MB RAM-Disk (tmpfs) + nftables Kill-Switch
==================================================================
Drücke CTRL+C zum Beenden und sauberen Aufräumen.

2026-09-12 19:46:13,843 [INFO] [+] Signal NEWNYM gesendet: Tor Exit-IP gewechselt.
[19:47:03] stop_suite.sh
[19:47:03] stop_suite.sh
SIGTERM gesendet, warte auf sauberen Shutdown...
Cyberdeck Tor Suite herunter...
2026-09-12 19:47:03,424 [INFO] Deaktiviere Windows-Systemproxy...
2026-09-12 19:47:03,664 [INFO] [+] Windows-Systemproxy erfolgreich deaktiviert.
2026-09-12 19:47:03,665 [INFO] Entferne temporäre Windows-Firewall-Regeln...
[19:47:05] stop_suite.sh
[19:47:05] stop_suite.sh
SIGTERM gesendet, warte auf sauberen Shutdown...
2026-09-12 19:47:05,846 [ERROR] [-] PowerShell-Firewall-Fehler: 
2026-09-12 19:47:05,848 [ERROR] [-] Fehler beim Löschen der Firewall-Regeln.
2026-09-12 19:47:05,875 [INFO] [+] DNS-Redirect-Tabelle erfolgreich entfernt.
2026-09-12 19:47:05,899 [INFO] [+] nftables Kill-Switch Tabelle erfolgreich gelöscht.
2026-09-12 19:47:05,901 [INFO] [+] Ursprüngliche /etc/resolv.conf wiederhergestellt.
2026-09-12 19:47:05,902 [INFO] Stoppe Privoxy-Dienst...
2026-09-12 19:47:05,907 [INFO] [+] Privoxy sauber beendet.
2026-09-12 19:47:05,908 [INFO] Stoppe Tor-Prozess und IP-Changer...
2026-09-12 19:47:06,030 [INFO] [+] Tor-Prozess sauber beendet.
2026-09-12 19:47:06,032 [INFO] Stoppe tor@default...
2026-09-12 19:47:06,039 [INFO] Prüfe auf verwaiste Tor-Prozesse und gebe Ports frei...
2026-09-12 19:47:06,550 [INFO] [+] tor@default beendet.
2026-09-12 19:47:06,551 [INFO] Unmounte RAM-Disk unter /mnt/tor_ramdisk...
2026-09-12 19:47:06,571 [INFO] [+] RAM-Disk sauber unmountet und Spuren beseitigt.
2026-09-12 19:47:06,572 [INFO] [+] Shutdown abgeschlossen. Sämtliche temporären Daten wurden aus dem RAM gelöscht.
Suite gestoppt.
Suite gestoppt.
[22:20:54] start_suite.sh
noch nicht root -> sudo -n (NOPASSWD)
[22:20:54] start_suite.sh
gestartet pid=649 (root)
==================================================================
         CYBERDECK TOR SUITE (WSL2 / RAM-DISK EDITION)          
==================================================================

2026-09-12 22:20:55,225 [INFO] [Vorbereitung] Entferne ggf. übrig gebliebenen Windows-Systemproxy (Stale-State)...
2026-09-12 22:20:55,226 [INFO] Deaktiviere Windows-Systemproxy...
2026-09-12 22:20:55,489 [INFO] [+] Windows-Systemproxy erfolgreich deaktiviert.
2026-09-12 22:20:55,490 [INFO] [Eingabe] Prüfe Systemvoraussetzungen...
2026-09-12 22:20:55,494 [INFO] [+] Systemcheck erfolgreich. WSL-IP ermittelt: 172.23.220.58
2026-09-12 22:20:55,495 [INFO] [Verarbeitung] Initialisiere 256MB RAM-Disk (tmpfs)...
2026-09-12 22:20:55,497 [INFO] Mounte 256MB tmpfs auf /mnt/tor_ramdisk...
2026-09-12 22:20:55,501 [INFO] [+] RAM-Disk erfolgreich gemountet.
2026-09-12 22:20:55,503 [INFO] [+] Unterstrukturen für Tor (/mnt/tor_ramdisk/tor_data) und Privoxy (/mnt/tor_ramdisk/privoxy) vorbereitet.
2026-09-12 22:20:55,504 [INFO] [Verarbeitung] Erzeuge dynamische Konfigurationsdateien in der RAM-Disk...
2026-09-12 22:20:55,812 [INFO] [+] Dynamische torrc erfolgreich in RAM-Disk erzeugt: /mnt/tor_ramdisk/torrc
2026-09-12 22:20:55,823 [INFO] [+] Privoxy user.action (Härtung) in RAM-Disk erzeugt: /mnt/tor_ramdisk/user.action
2026-09-12 22:20:55,824 [INFO] [+] Gehärtete Privoxy-Config in RAM-Disk erzeugt: /mnt/tor_ramdisk/privoxy.conf
2026-09-12 22:20:55,825 [INFO] [Verarbeitung] Wende strikte POSIX-Sicherheitsrechte an...
2026-09-12 22:20:55,826 [INFO] Setze strikte Dateirechte & erstelle Systempfade...
2026-09-12 22:20:55,827 [INFO] [+] Pfad /mnt/tor_ramdisk/torrc mit Rechte 0600 & User-UID 136 vorbereitet.
2026-09-12 22:20:55,828 [INFO] [Verarbeitung] Konfiguriere Windows Defender Firewall-Regeln...
2026-09-12 22:20:55,829 [INFO] Konfiguriere Windows-Firewall-Regeln für Ports 8118 (Privoxy) & 8443 (ORPort)...
2026-09-12 22:20:58,589 [ERROR] [-] PowerShell-Firewall-Fehler: New-NetFirewallRule : Zugriff verweigert 
In Zeile:1 Zeichen:97
+ ... lyContinue; New-NetFirewallRule -DisplayName "Cyberdeck_TorSuite_Priv ...
+                 ~~~~~~~~~~~~~~~~~~~~~~~~~~~~~~~~~~~~~~~~~~~~~~~~~~~~~~~~~
    + CategoryInfo          : PermissionDenied: (MSFT_NetFirewallRule:root/standardcimv2/MSFT_NetFirewallRule) [New-Ne 
   tFirewallRule], CimException
    + FullyQualifiedErrorId : Windows System Error 5,New-NetFirewallRule
 
New-NetFirewallRule : Zugriff verweigert 
In Zeile:1 Zeichen:390
+ ... lyContinue; New-NetFirewallRule -DisplayName "Cyberdeck_TorSuite_ORPo ...
+                 ~~~~~~~~~~~~~~~~~~~~~~~~~~~~~~~~~~~~~~~~~~~~~~~~~~~~~~~~~
    + CategoryInfo          : PermissionDenied: (MSFT_NetFirewallRule:root/standardcimv2/MSFT_NetFirewallRule) [New-Ne 
   tFirewallRule], CimException
    + FullyQualifiedErrorId : Windows System Error 5,New-NetFirewallRule
2026-09-12 22:20:58,591 [WARNING] [!] Firewall-Regeln konnten teilweise nicht gesetzt werden (Elevated Admin-Rechte unter Windows erforderlich).
2026-09-12 22:20:58,592 [INFO] [Verarbeitung] Bereinige verwaiste Tor-Prozesse und aktiviere Tor-Dienst...
2026-09-12 22:20:58,593 [INFO] Stoppe System-Tor-Instanz (tor@default)...
2026-09-12 22:20:58,601 [INFO] Prüfe auf verwaiste Tor-Prozesse und gebe Ports frei...
2026-09-12 22:20:59,113 [INFO] [+] System-Tor gestoppt – Ports frei für den Suite-eigenen Tor (RAM-Disk).
2026-09-12 22:20:59,114 [INFO] [Verarbeitung] Starte Tor-Dienst und Stealth-Relay (warte auf Bootstrap 100%)...
2026-09-12 22:20:59,119 [INFO] [+] Dynamische torrc erfolgreich in RAM-Disk erzeugt: /mnt/tor_ramdisk/torrc
2026-09-12 22:20:59,123 [INFO] Starte Tor als direkten Prozess: tor -f /mnt/tor_ramdisk/torrc
2026-09-12 22:21:01,125 [INFO] Warte auf Tor-Bootstrap (kann bei europäischen Exit-Nodes einen Moment dauern)...
2026-09-12 22:21:18,351 [INFO] [+] Tor erfolgreich gestartet und zu 100% bootstrapped.
2026-09-12 22:21:18,352 [INFO] [*] IP-Changer gestartet (Rotation alle 120 Sekunden).
2026-09-12 22:21:18,360 [INFO] [Verarbeitung] Tor bootstrapped (100%) – aktiviere DNS-Leak-Schutz & Kill-Switch...
2026-09-12 22:21:18,365 [INFO] [+] /etc/resolv.conf gehärtet und auf lokalen Tor-DNS umgeleitet.
2026-09-12 22:21:18,428 [INFO] [+] DNS-Redirect aktiv: jeder Port-53-Aufruf -> Tor-DNSPort 5353 (kein DNS-Leak).
2026-09-12 22:21:18,434 [INFO] [+] nftables Kill-Switch aktiv (Exklusiver Outbound für Tor-UID 136, DNS-Port 5353).
2026-09-12 22:21:18,435 [INFO] [Verarbeitung] Starte gehärteten Privoxy-Proxy...
2026-09-12 22:21:18,445 [INFO] [+] Privoxy user.action (Härtung) in RAM-Disk erzeugt: /mnt/tor_ramdisk/user.action
2026-09-12 22:21:18,446 [INFO] [+] Gehärtete Privoxy-Config in RAM-Disk erzeugt: /mnt/tor_ramdisk/privoxy.conf
2026-09-12 22:21:18,447 [INFO] Starte Privoxy als direkten Prozess mit RAM-Disk-Config...
2026-09-12 22:21:19,951 [INFO] [+] Privoxy erfolgreich gestartet (Hört auf 0.0.0.0:8118).
2026-09-12 22:21:19,952 [INFO] [Ausgabe] Aktiviere Windows-Systemproxy...
2026-09-12 22:21:19,953 [INFO] Setze Windows-Systemproxy auf 172.23.220.58:8118...
2026-09-12 22:21:20,220 [INFO] [+] Windows-Systemproxy erfolgreich aktiviert (172.23.220.58:8118).

==================================================================
2026-09-12 22:21:20,222 [INFO] [SUCCESS] Tor Suite ist aktiv!
2026-09-12 22:21:20,223 [INFO]  - Privoxy Proxy: 172.23.220.58:8118
2026-09-12 22:21:20,224 [INFO]  - Tor Relay ORPort: 8443
2026-09-12 22:21:20,225 [INFO]  - IP-Rotation: Alle 120 Sekunden
2026-09-12 22:21:20,226 [INFO]  - Spurenschutz: Aktive 256MB RAM-Disk (tmpfs) + nftables Kill-Switch
[22:22:28] stop_suite.sh
[22:22:28] stop_suite.sh
SIGTERM gesendet, warte auf sauberen Shutdown...
=================
Drücke CTRL+C zum Beenden und sauberen Aufräumen.



2026-09-12 22:22:28,878 [INFO] [Cleanup] Fahre Cyberdeck Tor Suite herunter...
2026-09-12 22:22:28,880 [INFO] Deaktiviere Windows-Systemproxy...
2026-09-12 22:22:29,112 [INFO] [+] Windows-Systemproxy erfolgreich deaktiviert.
2026-09-12 22:22:29,114 [INFO] Entferne temporäre Windows-Firewall-Regeln...
[22:22:29] stop_suite.sh
[22:22:29] stop_suite.sh
SIGTERM gesendet, warte auf sauberen Shutdown...
2026-09-12 22:22:31,277 [ERROR] [-] PowerShell-Firewall-Fehler: 
2026-09-12 22:22:31,279 [ERROR] [-] Fehler beim Löschen der Firewall-Regeln.
2026-09-12 22:22:31,304 [INFO] [+] DNS-Redirect-Tabelle erfolgreich entfernt.
2026-09-12 22:22:31,312 [INFO] [+] nftables Kill-Switch Tabelle erfolgreich gelöscht.
2026-09-12 22:22:31,314 [INFO] [+] Ursprüngliche /etc/resolv.conf wiederhergestellt.
2026-09-12 22:22:31,315 [INFO] Stoppe Privoxy-Dienst...
2026-09-12 22:22:31,317 [INFO] [+] Privoxy sauber beendet.
2026-09-12 22:22:31,318 [INFO] Stoppe Tor-Prozess und IP-Changer...
2026-09-12 22:22:31,438 [INFO] [+] Tor-Prozess sauber beendet.
2026-09-12 22:22:31,439 [INFO] Stoppe tor@default...
2026-09-12 22:22:31,446 [INFO] Prüfe auf verwaiste Tor-Prozesse und gebe Ports frei...
2026-09-12 22:22:31,957 [INFO] [+] tor@default beendet.
2026-09-12 22:22:31,958 [INFO] Unmounte RAM-Disk unter /mnt/tor_ramdisk...
2026-09-12 22:22:31,977 [INFO] [+] RAM-Disk sauber unmountet und Spuren beseitigt.
2026-09-12 22:22:31,978 [INFO] [+] Shutdown abgeschlossen. Sämtliche temporären Daten wurden aus dem RAM gelöscht.
Suite gestoppt.
Suite gestoppt.
[22:52:57] start_suite.sh
noch nicht root -> sudo -n (NOPASSWD)
[22:52:57] start_suite.sh
gestartet pid=650 (root)
==================================================================
         CYBERDECK TOR SUITE (WSL2 / RAM-DISK EDITION)          
==================================================================

2026-09-12 22:52:58,173 [INFO] [Vorbereitung] Entferne ggf. übrig gebliebenen Windows-Systemproxy (Stale-State)...
2026-09-12 22:52:58,174 [INFO] Deaktiviere Windows-Systemproxy...
2026-09-12 22:52:59,597 [INFO] [+] Windows-Systemproxy erfolgreich deaktiviert.
2026-09-12 22:52:59,599 [INFO] [Eingabe] Prüfe Systemvoraussetzungen...
2026-09-12 22:52:59,602 [INFO] [+] Systemcheck erfolgreich. WSL-IP ermittelt: 172.23.220.58
2026-09-12 22:52:59,603 [INFO] [Verarbeitung] Initialisiere 256MB RAM-Disk (tmpfs)...
2026-09-12 22:52:59,605 [INFO] Mounte 256MB tmpfs auf /mnt/tor_ramdisk...
2026-09-12 22:52:59,608 [INFO] [+] RAM-Disk erfolgreich gemountet.
2026-09-12 22:52:59,609 [INFO] [+] Unterstrukturen für Tor (/mnt/tor_ramdisk/tor_data) und Privoxy (/mnt/tor_ramdisk/privoxy) vorbereitet.
2026-09-12 22:52:59,610 [INFO] [Verarbeitung] Erzeuge dynamische Konfigurationsdateien in der RAM-Disk...
2026-09-12 22:53:00,751 [INFO] [+] Dynamische torrc erfolgreich in RAM-Disk erzeugt: /mnt/tor_ramdisk/torrc
2026-09-12 22:53:00,763 [INFO] [+] Privoxy user.action (Härtung) in RAM-Disk erzeugt: /mnt/tor_ramdisk/user.action
2026-09-12 22:53:00,764 [INFO] [+] Gehärtete Privoxy-Config in RAM-Disk erzeugt: /mnt/tor_ramdisk/privoxy.conf
2026-09-12 22:53:00,764 [INFO] [Verarbeitung] Wende strikte POSIX-Sicherheitsrechte an...
2026-09-12 22:53:00,765 [INFO] Setze strikte Dateirechte & erstelle Systempfade...
2026-09-12 22:53:00,766 [INFO] [+] Pfad /mnt/tor_ramdisk/torrc mit Rechte 0600 & User-UID 136 vorbereitet.
2026-09-12 22:53:00,767 [INFO] [Verarbeitung] Konfiguriere Windows Defender Firewall-Regeln...
2026-09-12 22:53:00,768 [INFO] Konfiguriere Windows-Firewall-Regeln für Ports 8118 (Privoxy) & 8443 (ORPort)...
2026-09-12 22:53:04,912 [ERROR] [-] PowerShell-Firewall-Fehler: New-NetFirewallRule : Zugriff verweigert 
In Zeile:1 Zeichen:97
+ ... lyContinue; New-NetFirewallRule -DisplayName "Cyberdeck_TorSuite_Priv ...
+                 ~~~~~~~~~~~~~~~~~~~~~~~~~~~~~~~~~~~~~~~~~~~~~~~~~~~~~~~~~
    + CategoryInfo          : PermissionDenied: (MSFT_NetFirewallRule:root/standardcimv2/MSFT_NetFirewallRule) [New-Ne 
   tFirewallRule], CimException
    + FullyQualifiedErrorId : Windows System Error 5,New-NetFirewallRule
 
New-NetFirewallRule : Zugriff verweigert 
In Zeile:1 Zeichen:390
+ ... lyContinue; New-NetFirewallRule -DisplayName "Cyberdeck_TorSuite_ORPo ...
+                 ~~~~~~~~~~~~~~~~~~~~~~~~~~~~~~~~~~~~~~~~~~~~~~~~~~~~~~~~~
    + CategoryInfo          : PermissionDenied: (MSFT_NetFirewallRule:root/standardcimv2/MSFT_NetFirewallRule) [New-Ne 
   tFirewallRule], CimException
    + FullyQualifiedErrorId : Windows System Error 5,New-NetFirewallRule
2026-09-12 22:53:04,913 [WARNING] [!] Firewall-Regeln konnten teilweise nicht gesetzt werden (Elevated Admin-Rechte unter Windows erforderlich).
2026-09-12 22:53:04,914 [INFO] [Verarbeitung] Bereinige verwaiste Tor-Prozesse und aktiviere Tor-Dienst...
2026-09-12 22:53:04,915 [INFO] Stoppe System-Tor-Instanz (tor@default)...
2026-09-12 22:53:04,923 [INFO] Prüfe auf verwaiste Tor-Prozesse und gebe Ports frei...
2026-09-12 22:53:05,437 [INFO] [+] System-Tor gestoppt – Ports frei für den Suite-eigenen Tor (RAM-Disk).
2026-09-12 22:53:05,438 [INFO] [Verarbeitung] Starte Tor-Dienst und Stealth-Relay (warte auf Bootstrap 100%)...
2026-09-12 22:53:05,443 [INFO] [+] Dynamische torrc erfolgreich in RAM-Disk erzeugt: /mnt/tor_ramdisk/torrc
2026-09-12 22:53:05,447 [INFO] Starte Tor als direkten Prozess: tor -f /mnt/tor_ramdisk/torrc
2026-09-12 22:53:07,448 [INFO] Warte auf Tor-Bootstrap (kann bei europäischen Exit-Nodes einen Moment dauern)...
2026-09-12 22:54:01,886 [INFO] [+] Tor erfolgreich gestartet und zu 100% bootstrapped.
2026-09-12 22:54:01,887 [INFO] [*] IP-Changer gestartet (Rotation alle 120 Sekunden).
2026-09-12 22:54:01,893 [INFO] [Verarbeitung] Tor bootstrapped (100%) – aktiviere DNS-Leak-Schutz & Kill-Switch...
2026-09-12 22:54:01,898 [INFO] [+] /etc/resolv.conf gehärtet und auf lokalen Tor-DNS umgeleitet.
2026-09-12 22:54:01,957 [INFO] [+] DNS-Redirect aktiv: jeder Port-53-Aufruf -> Tor-DNSPort 5353 (kein DNS-Leak).
2026-09-12 22:54:01,961 [INFO] [+] nftables Kill-Switch aktiv (Exklusiver Outbound für Tor-UID 136, DNS-Port 5353).
2026-09-12 22:54:01,962 [INFO] [Verarbeitung] Starte gehärteten Privoxy-Proxy...
2026-09-12 22:54:01,971 [INFO] [+] Privoxy user.action (Härtung) in RAM-Disk erzeugt: /mnt/tor_ramdisk/user.action
2026-09-12 22:54:01,971 [INFO] [+] Gehärtete Privoxy-Config in RAM-Disk erzeugt: /mnt/tor_ramdisk/privoxy.conf
2026-09-12 22:54:01,972 [INFO] Starte Privoxy als direkten Prozess mit RAM-Disk-Config...
2026-09-12 22:54:03,476 [INFO] [+] Privoxy erfolgreich gestartet (Hört auf 0.0.0.0:8118).
2026-09-12 22:54:03,477 [INFO] [Ausgabe] Aktiviere Windows-Systemproxy...
2026-09-12 22:54:03,478 [INFO] Setze Windows-Systemproxy auf 172.23.220.58:8118...
2026-09-12 22:54:04,502 [INFO] [+] Windows-Systemproxy erfolgreich aktiviert (172.23.220.58:8118).

==================================================================
2026-09-12 22:54:04,504 [INFO] [SUCCESS] Tor Suite ist aktiv!
2026-09-12 22:54:04,505 [INFO]  - Privoxy Proxy: 172.23.220.58:8118
2026-09-12 22:54:04,506 [INFO]  - Tor Relay ORPort: 8443
2026-09-12 22:54:04,507 [INFO]  - IP-Rotation: Alle 120 Sekunden
2026-09-12 22:54:04,508 [INFO]  - Spurenschutz: Aktive 256MB RAM-Disk (tmpfs) + nftables Kill-Switch
[22:54:30] stop_suite.sh
[22:54:30] stop_suite.sh
==================================================================
Drücke CTRL+C zum Beenden und sauberen Aufräumen.



2026-09-12 22:54:30,077 [INFO] [Cleanup] Fahre Cyberdeck Tor Suite herunter...
2026-09-12 22:54:30,078 [INFO] Deaktiviere Windows-Systemproxy...
2026-09-12 22:54:30,945 [INFO] [+] Windows-Systemproxy erfolgreich deaktiviert.
2026-09-12 22:54:30,947 [INFO] Entferne temporäre Windows-Firewall-Regeln...
2026-09-12 22:54:33,923 [ERROR] [-] PowerShell-Firewall-Fehler: 
2026-09-12 22:54:33,924 [ERROR] [-] Fehler beim Löschen der Firewall-Regeln.
2026-09-12 22:54:33,949 [INFO] [+] DNS-Redirect-Tabelle erfolgreich entfernt.
2026-09-12 22:54:33,965 [INFO] [+] nftables Kill-Switch Tabelle erfolgreich gelöscht.
2026-09-12 22:54:33,967 [INFO] [+] Ursprüngliche /etc/resolv.conf wiederhergestellt.
2026-09-12 22:54:33,968 [INFO] Stoppe Privoxy-Dienst...
2026-09-12 22:54:33,970 [INFO] [+] Privoxy sauber beendet.
2026-09-12 22:54:33,971 [INFO] Stoppe Tor-Prozess und IP-Changer...
2026-09-12 22:54:34,092 [INFO] [+] Tor-Prozess sauber beendet.
2026-09-12 22:54:34,093 [INFO] Stoppe tor@default...
2026-09-12 22:54:34,102 [INFO] Prüfe auf verwaiste Tor-Prozesse und gebe Ports frei...
2026-09-12 22:54:34,612 [INFO] [+] tor@default beendet.
2026-09-12 22:54:34,613 [INFO] Unmounte RAM-Disk unter /mnt/tor_ramdisk...
2026-09-12 22:54:34,632 [INFO] [+] RAM-Disk sauber unmountet und Spuren beseitigt.
2026-09-12 22:54:34,633 [INFO] [+] Shutdown abgeschlossen. Sämtliche temporären Daten wurden aus dem RAM gelöscht.
Suite gestoppt.
[11:15:25] start_suite.sh
noch nicht root -> sudo -n (NOPASSWD)
[11:15:25] start_suite.sh
gestartet pid=1126 (root)
==================================================================
         CYBERDECK TOR SUITE (WSL2 / RAM-DISK EDITION)          
==================================================================

2026-09-13 11:15:25,917 [INFO] [Vorbereitung] Entferne ggf. übrig gebliebenen Windows-Systemproxy (Stale-State)...
2026-09-13 11:15:25,919 [INFO] Deaktiviere Windows-Systemproxy...
2026-09-13 11:15:27,174 [INFO] [+] Windows-Systemproxy erfolgreich deaktiviert.
2026-09-13 11:15:27,176 [INFO] [Eingabe] Prüfe Systemvoraussetzungen...
2026-09-13 11:15:27,179 [INFO] [+] Systemcheck erfolgreich. WSL-IP ermittelt: 172.23.220.58
2026-09-13 11:15:27,180 [INFO] [Verarbeitung] Initialisiere 256MB RAM-Disk (tmpfs)...
2026-09-13 11:15:27,182 [INFO] Mounte 256MB tmpfs auf /mnt/tor_ramdisk...
2026-09-13 11:15:27,185 [INFO] [+] RAM-Disk erfolgreich gemountet.
2026-09-13 11:15:27,186 [INFO] [+] Unterstrukturen für Tor (/mnt/tor_ramdisk/tor_data) und Privoxy (/mnt/tor_ramdisk/privoxy) vorbereitet.
2026-09-13 11:15:27,187 [INFO] [Verarbeitung] Erzeuge dynamische Konfigurationsdateien in der RAM-Disk...
2026-09-13 11:15:28,330 [INFO] [+] Dynamische torrc erfolgreich in RAM-Disk erzeugt: /mnt/tor_ramdisk/torrc
2026-09-13 11:15:28,341 [INFO] [+] Privoxy user.action (Härtung) in RAM-Disk erzeugt: /mnt/tor_ramdisk/user.action
2026-09-13 11:15:28,342 [INFO] [+] Gehärtete Privoxy-Config in RAM-Disk erzeugt: /mnt/tor_ramdisk/privoxy.conf
2026-09-13 11:15:28,343 [INFO] [Verarbeitung] Wende strikte POSIX-Sicherheitsrechte an...
2026-09-13 11:15:28,344 [INFO] Setze strikte Dateirechte & erstelle Systempfade...
2026-09-13 11:15:28,345 [INFO] [+] Pfad /mnt/tor_ramdisk/torrc mit Rechte 0600 & User-UID 136 vorbereitet.
2026-09-13 11:15:28,346 [INFO] [Verarbeitung] Konfiguriere Windows Defender Firewall-Regeln...
2026-09-13 11:15:28,347 [INFO] Konfiguriere Windows-Firewall-Regeln für Ports 8118 (Privoxy) & 8443 (ORPort)...
2026-09-13 11:15:32,821 [ERROR] [-] PowerShell-Firewall-Fehler: New-NetFirewallRule : Zugriff verweigert 
In Zeile:1 Zeichen:97
+ ... lyContinue; New-NetFirewallRule -DisplayName "Cyberdeck_TorSuite_Priv ...
+                 ~~~~~~~~~~~~~~~~~~~~~~~~~~~~~~~~~~~~~~~~~~~~~~~~~~~~~~~~~
    + CategoryInfo          : PermissionDenied: (MSFT_NetFirewallRule:root/standardcimv2/MSFT_NetFirewallRule) [New-Ne 
   tFirewallRule], CimException
    + FullyQualifiedErrorId : Windows System Error 5,New-NetFirewallRule
 
New-NetFirewallRule : Zugriff verweigert 
In Zeile:1 Zeichen:390
+ ... lyContinue; New-NetFirewallRule -DisplayName "Cyberdeck_TorSuite_ORPo ...
+                 ~~~~~~~~~~~~~~~~~~~~~~~~~~~~~~~~~~~~~~~~~~~~~~~~~~~~~~~~~
    + CategoryInfo          : PermissionDenied: (MSFT_NetFirewallRule:root/standardcimv2/MSFT_NetFirewallRule) [New-Ne 
   tFirewallRule], CimException
    + FullyQualifiedErrorId : Windows System Error 5,New-NetFirewallRule
2026-09-13 11:15:32,827 [WARNING] [!] Firewall-Regeln konnten teilweise nicht gesetzt werden (Elevated Admin-Rechte unter Windows erforderlich).
2026-09-13 11:15:32,831 [INFO] [Verarbeitung] Bereinige verwaiste Tor-Prozesse und aktiviere Tor-Dienst...
2026-09-13 11:15:32,834 [INFO] Stoppe System-Tor-Instanz (tor@default)...
2026-09-13 11:15:32,844 [INFO] Prüfe auf verwaiste Tor-Prozesse und gebe Ports frei...
2026-09-13 11:15:33,369 [INFO] [+] System-Tor gestoppt – Ports frei für den Suite-eigenen Tor (RAM-Disk).
2026-09-13 11:15:33,374 [INFO] [Verarbeitung] Starte Tor-Dienst und Stealth-Relay (warte auf Bootstrap 100%)...
2026-09-13 11:15:33,380 [INFO] [+] Dynamische torrc erfolgreich in RAM-Disk erzeugt: /mnt/tor_ramdisk/torrc
2026-09-13 11:15:33,384 [INFO] Starte Tor als direkten Prozess: tor -f /mnt/tor_ramdisk/torrc
2026-09-13 11:15:35,386 [INFO] Warte auf Tor-Bootstrap (kann bei europäischen Exit-Nodes einen Moment dauern)...
2026-09-13 11:17:35,719 [ERROR] [-] Timeout beim Tor-Bootstrap erreicht.
2026-09-13 11:17:35,738 [ERROR]     Sep 13 11:15:33.395 [notice] Opening Socks listener on 127.0.0.1:9050
2026-09-13 11:17:35,739 [ERROR]     Sep 13 11:15:33.395 [notice] Opened Socks listener connection (ready) on 127.0.0.1:9050
2026-09-13 11:17:35,740 [ERROR]     Sep 13 11:15:33.396 [notice] Opening DNS listener on 127.0.0.1:5353
2026-09-13 11:17:35,740 [ERROR]     Sep 13 11:15:33.396 [notice] Opened DNS listener connection (ready) on 127.0.0.1:5353
2026-09-13 11:17:35,741 [ERROR]     Sep 13 11:15:33.397 [notice] Opening Control listener on 0.0.0.0:9051
2026-09-13 11:17:35,742 [ERROR]     Sep 13 11:15:33.397 [notice] Opened Control listener connection (ready) on 0.0.0.0:9051
2026-09-13 11:17:35,742 [ERROR]     Sep 13 11:15:33.398 [notice] Opening OR listener on 0.0.0.0:8443
2026-09-13 11:17:35,743 [ERROR]     Sep 13 11:15:33.398 [notice] Opened OR listener connection (ready) on 0.0.0.0:8443
2026-09-13 11:17:35,744 [ERROR]     Sep 13 11:15:33.398 [notice] Opening OR listener on [::]:8443
2026-09-13 11:17:35,745 [ERROR]     Sep 13 11:15:33.399 [notice] Opened OR listener connection (ready) on [::]:8443


2026-09-13 11:17:35,746 [INFO] [Cleanup] Fahre Cyberdeck Tor Suite herunter...
2026-09-13 11:17:35,747 [INFO] Deaktiviere Windows-Systemproxy...
2026-09-13 11:17:36,729 [INFO] [+] Windows-Systemproxy erfolgreich deaktiviert.
2026-09-13 11:17:36,730 [INFO] Entferne temporäre Windows-Firewall-Regeln...
[11:17:37] stop_suite.sh
[11:17:37] stop_suite.sh
SIGTERM gesendet, warte auf sauberen Shutdown...
[11:17:38] stop_suite.sh
[11:17:38] stop_suite.sh
SIGTERM gesendet, warte auf sauberen Shutdown...
2026-09-13 11:17:40,087 [ERROR] [-] PowerShell-Firewall-Fehler: 
2026-09-13 11:17:40,088 [ERROR] [-] Fehler beim Löschen der Firewall-Regeln.
2026-09-13 11:17:40,112 [INFO] [*] Keine aktive DNS-Redirect-Tabelle vorhanden (übersprungen).
2026-09-13 11:17:40,120 [INFO] [+] Keine aktive Kill-Switch-Tabelle zum Löschen gefunden.
2026-09-13 11:17:40,124 [INFO] Stoppe Privoxy-Dienst...
2026-09-13 11:17:40,125 [INFO] [+] Privoxy sauber beendet.
2026-09-13 11:17:40,126 [INFO] Stoppe Tor-Prozess und IP-Changer...
2026-09-13 11:17:45,133 [INFO] [+] Tor-Prozess sauber beendet.
2026-09-13 11:17:45,140 [INFO] Stoppe tor@default...
2026-09-13 11:17:45,146 [INFO] Prüfe auf verwaiste Tor-Prozesse und gebe Ports frei...
2026-09-13 11:17:45,659 [INFO] [+] tor@default beendet.
2026-09-13 11:17:45,661 [INFO] Unmounte RAM-Disk unter /mnt/tor_ramdisk...
2026-09-13 11:17:45,688 [INFO] [+] RAM-Disk sauber unmountet und Spuren beseitigt.
2026-09-13 11:17:45,690 [INFO] [+] Shutdown abgeschlossen. Sämtliche temporären Daten wurden aus dem RAM gelöscht.
Suite gestoppt.
Suite gestoppt.
[11:18:24] start_suite.sh
already-running pid= (kein Doppelstart)
t)
[16:39:27] stop_suite.sh
[16:39:27] stop_suite.sh
Suite nicht aktiv (nichts zu tun).
