2026-09-04 15:47:42,964 [WARNING] [!] Skript läuft nicht als Root. Eskaliere Privilegien via sudo...
2026-09-04 15:47:43,118 [INFO] [Eingabe] Prüfe Systemvoraussetzungen...
2026-09-04 15:47:43,124 [INFO] [+] Systemcheck erfolgreich. WSL-IP ermittelt: 172.23.220.58
2026-09-04 15:47:43,124 [INFO] [Verarbeitung] Initialisiere 256MB RAM-Disk (tmpfs)...
2026-09-04 15:47:43,126 [INFO] Mounte 256MB tmpfs auf /mnt/tor_ramdisk...
2026-09-04 15:47:43,129 [INFO] [+] RAM-Disk erfolgreich gemountet.
2026-09-04 15:47:43,130 [INFO] [Verarbeitung] Erzeuge dynamische Konfigurationsdateien in der RAM-Disk...
2026-09-04 15:47:43,135 [INFO] [+] Dynamische torrc erfolgreich in RAM-Disk erzeugt: /mnt/tor_ramdisk/torrc
2026-09-04 15:47:43,139 [INFO] [+] Gehärtete Privoxy-Config in RAM-Disk erzeugt: /mnt/tor_ramdisk/privoxy.conf
2026-09-04 15:47:43,140 [INFO] [Verarbeitung] Wende strikte POSIX-Sicherheitsrechte an...
2026-09-04 15:47:43,140 [INFO] Setze strikte Dateirechte (POSIX Security)...
2026-09-04 15:47:43,141 [INFO] [+] POSIX-Dateirechte erfolgreich gehärtet (0700 / 0600).
2026-09-04 15:47:43,141 [INFO] [Verarbeitung] Konfiguriere Windows Defender Firewall-Regeln...
2026-09-04 15:47:43,141 [INFO] Konfiguriere Windows-Firewall-Regeln...
2026-09-04 15:47:43,143 [ERROR] [-] PowerShell-Firewall-Fehler: [Errno 2] No such file or directory: 'powershell.exe'
2026-09-04 15:47:43,143 [ERROR] [-] PowerShell-Firewall-Fehler: [Errno 2] No such file or directory: 'powershell.exe'
2026-09-04 15:47:43,144 [WARNING] [!] Firewall-Regeln konnten teilweise nicht gesetzt werden (Admin-Rechte unter Windows erforderlich).
2026-09-04 15:47:43,144 [INFO] [Verarbeitung] Aktiviere DNS-Leak-Schutz & nftables Kill-Switch...
2026-09-04 15:47:43,145 [INFO] [+] /etc/resolv.conf temporär auf lokalen Tor-DNS umgeleitet.
2026-09-04 15:47:43,153 [INFO] [+] nftables-Ruleset vorab gesichert.
2026-09-04 15:47:43,157 [INFO] [+] nftables Kill-Switch aktiv (Exklusiver Outbound für Tor-UID 136).
2026-09-04 15:47:43,158 [INFO] [Verarbeitung] Starte Tor-Dienst und Stealth-Relay...
2026-09-04 15:47:43,158 [INFO] Starte Tor-Prozess...
2026-09-04 15:47:43,159 [INFO] Warte auf Tor-Bootstrap (kann bei europäischen Exit-Nodes einen Moment dauern)...
2026-09-04 15:48:30,199 [INFO] [Cleanup] Fahre Cyberdeck Tor Suite herunter...
2026-09-04 15:48:30,199 [INFO] Deaktiviere Windows-Systemproxy...
2026-09-04 15:48:30,200 [ERROR] [-] Unerwarteter Fehler bei PowerShell-Ausführung: [Errno 2] No such file or directory: 'powershell.exe'
2026-09-04 15:48:30,201 [INFO] [+] Windows-Systemproxy erfolgreich deaktiviert.
2026-09-04 15:48:30,202 [INFO] Entferne temporäre Windows-Firewall-Regeln...
2026-09-04 15:48:30,202 [ERROR] [-] PowerShell-Firewall-Fehler: [Errno 2] No such file or directory: 'powershell.exe'
2026-09-04 15:48:30,203 [ERROR] [-] Fehler beim Löschen der Firewall-Regeln.
2026-09-04 15:48:30,221 [INFO] [+] Ursprüngliches nftables-Ruleset erfolgreich wiederhergestellt.
2026-09-04 15:48:30,222 [INFO] [+] Ursprüngliche /etc/resolv.conf wiederhergestellt.
2026-09-04 15:48:30,222 [INFO] Stoppe Privoxy-Dienst...
2026-09-04 15:48:30,223 [INFO] [+] Privoxy sauber beendet.
2026-09-04 15:48:30,223 [INFO] Stoppe Tor-Prozess und IP-Changer...
2026-09-04 15:48:30,224 [INFO] [+] Tor-Prozess sauber beendet.
2026-09-04 15:48:30,224 [INFO] Unmounte RAM-Disk unter /mnt/tor_ramdisk...
2026-09-04 15:48:30,228 [INFO] [+] RAM-Disk sauber unmountet und Spuren beseitigt.
2026-09-04 15:48:30,229 [INFO] [+] Shutdown abgeschlossen. Sämtliche temporären Daten wurden aus dem RAM gelöscht.
2026-09-04 16:10:43,590 [WARNING] [!] Skript läuft nicht als Root. Eskaliere Privilegien via sudo...
2026-09-04 16:10:43,743 [INFO] [Eingabe] Prüfe Systemvoraussetzungen...
2026-09-04 16:10:43,746 [INFO] [+] Systemcheck erfolgreich. WSL-IP ermittelt: 172.23.220.58
2026-09-04 16:10:43,746 [INFO] [Verarbeitung] Initialisiere 256MB RAM-Disk (tmpfs)...
2026-09-04 16:10:43,749 [INFO] Mounte 256MB tmpfs auf /mnt/tor_ramdisk...
2026-09-04 16:10:43,751 [INFO] [+] RAM-Disk erfolgreich gemountet.
2026-09-04 16:10:43,753 [INFO] [Verarbeitung] Erzeuge dynamische Konfigurationsdateien in der RAM-Disk...
2026-09-04 16:10:43,757 [INFO] [+] Dynamische torrc erfolgreich in RAM-Disk erzeugt: /mnt/tor_ramdisk/torrc
2026-09-04 16:10:43,761 [INFO] [+] Gehärtete Privoxy-Config in RAM-Disk erzeugt: /mnt/tor_ramdisk/privoxy.conf
2026-09-04 16:10:43,762 [INFO] [Verarbeitung] Wende strikte POSIX-Sicherheitsrechte an...
2026-09-04 16:10:43,762 [INFO] Setze strikte Dateirechte (POSIX Security)...
2026-09-04 16:10:43,763 [INFO] [+] POSIX-Dateirechte erfolgreich gehärtet (0700 / 0600).
2026-09-04 16:10:43,763 [INFO] [Verarbeitung] Konfiguriere Windows Defender Firewall-Regeln...
2026-09-04 16:10:43,764 [INFO] Konfiguriere Windows-Firewall-Regeln...
2026-09-04 16:10:46,762 [INFO] [+] Firewall-Regeln erfolgreich erstellt (8118 & 8443 TCP).
2026-09-04 16:10:46,763 [INFO] [Verarbeitung] Aktiviere DNS-Leak-Schutz & nftables Kill-Switch...
2026-09-04 16:10:46,764 [INFO] [+] /etc/resolv.conf temporär auf lokalen Tor-DNS umgeleitet.
2026-09-04 16:10:46,773 [INFO] [+] nftables-Ruleset vorab gesichert.
2026-09-04 16:10:46,777 [INFO] [+] nftables Kill-Switch aktiv (Exklusiver Outbound für Tor-UID 136).
2026-09-04 16:10:46,777 [INFO] [Verarbeitung] Starte Tor-Dienst und Stealth-Relay...
2026-09-04 16:10:46,778 [INFO] Starte Tor-Prozess...
2026-09-04 16:10:46,779 [INFO] Warte auf Tor-Bootstrap (kann bei europäischen Exit-Nodes einen Moment dauern)...
2026-09-04 16:11:46,787 [ERROR] [-] Timeout beim Tor-Bootstrap erreicht.
2026-09-04 16:27:20,181 [WARNING] [!] Skript läuft nicht als Root. Eskaliere Privilegien via sudo...
2026-09-04 16:27:20,336 [INFO] [Eingabe] Prüfe Systemvoraussetzungen...
2026-09-04 16:27:20,339 [INFO] [+] Systemcheck erfolgreich. WSL-IP ermittelt: 172.23.220.58
2026-09-04 16:27:20,339 [INFO] [Verarbeitung] Initialisiere 256MB RAM-Disk (tmpfs)...
2026-09-04 16:27:20,340 [INFO] [*] RAM-Disk ist bereits gemountet.
2026-09-04 16:27:20,340 [INFO] [Verarbeitung] Erzeuge dynamische Konfigurationsdateien in der RAM-Disk...
2026-09-04 16:27:20,345 [INFO] [+] Dynamische torrc erfolgreich in RAM-Disk erzeugt: /mnt/tor_ramdisk/torrc
2026-09-04 16:27:20,350 [INFO] [+] Gehärtete Privoxy-Config in RAM-Disk erzeugt: /mnt/tor_ramdisk/privoxy.conf
2026-09-04 16:27:20,351 [INFO] [Verarbeitung] Wende strikte POSIX-Sicherheitsrechte an...
2026-09-04 16:27:20,351 [INFO] Setze strikte Dateirechte (POSIX Security)...
2026-09-04 16:27:20,352 [INFO] [+] POSIX-Dateirechte erfolgreich gehärtet (0700 / 0600).
2026-09-04 16:27:20,352 [INFO] [Verarbeitung] Konfiguriere Windows Defender Firewall-Regeln...
2026-09-04 16:27:20,353 [INFO] Konfiguriere Windows-Firewall-Regeln...
2026-09-04 16:27:23,148 [INFO] [+] Firewall-Regeln erfolgreich erstellt (8118 & 8443 TCP).
2026-09-04 16:27:23,149 [INFO] [Verarbeitung] Aktiviere DNS-Leak-Schutz & nftables Kill-Switch...
2026-09-04 16:27:23,149 [INFO] [+] /etc/resolv.conf temporär auf lokalen Tor-DNS umgeleitet.
2026-09-04 16:27:23,154 [INFO] [+] nftables-Ruleset vorab gesichert.
2026-09-04 16:27:23,168 [INFO] [+] nftables Kill-Switch aktiv (Exklusiver Outbound für Tor-UID 136).
2026-09-04 16:27:23,169 [INFO] [Verarbeitung] Bereinige verwaiste Tor-Prozesse und aktiviere Tor-Dienst...
2026-09-04 16:27:23,170 [INFO] Prüfe auf verwaiste Tor-Prozesse und gebe Ports frei...
2026-09-04 16:27:23,681 [INFO] Aktiviere tor.service...
2026-09-04 16:27:24,027 [INFO] Starte tor.service neu...
2026-09-04 16:27:24,081 [INFO] [+] tor.service erfolgreich gestartet.
2026-09-04 16:27:24,081 [INFO] [Verarbeitung] Starte Tor-Dienst und Stealth-Relay...
2026-09-04 16:27:24,082 [INFO] Starte Tor-Prozess...
2026-09-04 16:27:24,083 [INFO] Warte auf Tor-Bootstrap (kann bei europäischen Exit-Nodes einen Moment dauern)...
2026-09-04 16:28:24,091 [ERROR] [-] Timeout beim Tor-Bootstrap erreicht.
2026-09-04 16:39:57,817 [WARNING] [!] Skript läuft nicht als Root. Eskaliere Privilegien via sudo...
2026-09-04 16:39:57,972 [INFO] [Eingabe] Prüfe Systemvoraussetzungen...
2026-09-04 16:39:57,976 [INFO] [+] Systemcheck erfolgreich. WSL-IP ermittelt: 172.23.220.58
2026-09-04 16:39:57,977 [INFO] [Verarbeitung] Initialisiere 256MB RAM-Disk (tmpfs)...
2026-09-04 16:39:57,977 [INFO] [*] RAM-Disk ist bereits gemountet.
2026-09-04 16:39:57,978 [INFO] [+] Unterstrukturen für Tor (/mnt/tor_ramdisk/tor_data) und Privoxy (/mnt/tor_ramdisk/privoxy) vorbereitet.
2026-09-04 16:39:57,978 [INFO] [Verarbeitung] Erzeuge dynamische Konfigurationsdateien in der RAM-Disk...
2026-09-04 16:39:57,983 [INFO] [+] Dynamische torrc erfolgreich in RAM-Disk erzeugt: /mnt/tor_ramdisk/torrc
2026-09-04 16:39:57,988 [INFO] [+] Gehärtete Privoxy-Config in RAM-Disk erzeugt: /mnt/tor_ramdisk/privoxy.conf
2026-09-04 16:39:57,988 [INFO] [Verarbeitung] Wende strikte POSIX-Sicherheitsrechte an...
2026-09-04 16:39:57,989 [INFO] Setze strikte Dateirechte (POSIX Security)...
2026-09-04 16:39:57,989 [INFO] [+] POSIX-Dateirechte erfolgreich gehärtet (0700 / 0600).
2026-09-04 16:39:57,989 [INFO] [Verarbeitung] Konfiguriere Windows Defender Firewall-Regeln...
2026-09-04 16:39:57,990 [INFO] Konfiguriere Windows-Firewall-Regeln...
2026-09-04 16:40:00,680 [INFO] [+] Firewall-Regeln erfolgreich erstellt (8118 & 8443 TCP).
2026-09-04 16:40:00,681 [INFO] [Verarbeitung] Aktiviere DNS-Leak-Schutz & nftables Kill-Switch...
2026-09-04 16:40:00,682 [INFO] [+] /etc/resolv.conf temporär auf lokalen Tor-DNS umgeleitet.
2026-09-04 16:40:00,690 [INFO] [+] nftables-Ruleset vorab gesichert.
2026-09-04 16:40:00,728 [INFO] [+] nftables Kill-Switch aktiv (Exklusiver Outbound für Tor-UID 136).
2026-09-04 16:40:00,729 [INFO] [Verarbeitung] Bereinige verwaiste Tor-Prozesse und aktiviere Tor-Dienst...
2026-09-04 16:40:00,730 [INFO] Prüfe auf verwaiste Tor-Prozesse und gebe Ports frei...
2026-09-04 16:40:01,241 [INFO] Aktiviere tor.service...
2026-09-04 16:40:01,595 [INFO] Starte tor.service neu...
2026-09-04 16:40:01,833 [INFO] [+] tor.service erfolgreich gestartet.
2026-09-04 16:40:01,833 [INFO] [Verarbeitung] Starte Tor-Dienst und Stealth-Relay...
2026-09-04 16:40:01,834 [INFO] Starte Tor-Prozess...
2026-09-04 16:40:01,835 [INFO] Warte auf Tor-Bootstrap (kann bei europäischen Exit-Nodes einen Moment dauern)...
2026-09-04 16:40:24,379 [INFO] [Cleanup] Fahre Cyberdeck Tor Suite herunter...
2026-09-04 16:40:24,380 [INFO] Deaktiviere Windows-Systemproxy...
2026-09-04 16:40:24,602 [INFO] [+] Windows-Systemproxy erfolgreich deaktiviert.
2026-09-04 16:40:24,602 [INFO] Entferne temporäre Windows-Firewall-Regeln...
2026-09-04 16:40:26,191 [INFO] [+] Windows-Firewall-Regeln sauber gelöscht.
2026-09-04 16:40:26,242 [INFO] [+] Ursprüngliches nftables-Ruleset erfolgreich wiederhergestellt.
2026-09-04 16:40:26,243 [INFO] [+] Ursprüngliche /etc/resolv.conf wiederhergestellt.
2026-09-04 16:40:26,243 [INFO] Stoppe Privoxy-Dienst...
2026-09-04 16:40:26,253 [INFO] [+] Privoxy sauber beendet.
2026-09-04 16:40:26,254 [INFO] Stoppe Tor-Prozess und IP-Changer...
2026-09-04 16:40:26,254 [INFO] [+] Tor-Prozess sauber beendet.
2026-09-04 16:40:26,255 [INFO] Stoppe tor.service...
2026-09-04 16:40:26,297 [INFO] [+] tor.service beendet.
2026-09-04 16:40:26,298 [INFO] Prüfe auf verwaiste Tor-Prozesse und gebe Ports frei...
2026-09-04 16:40:26,808 [INFO] Unmounte RAM-Disk unter /mnt/tor_ramdisk...
2026-09-04 16:40:26,814 [INFO] [+] RAM-Disk sauber unmountet und Spuren beseitigt.
2026-09-04 16:40:26,815 [INFO] [+] Shutdown abgeschlossen. Sämtliche temporären Daten wurden aus dem RAM gelöscht.
2026-09-04 16:44:40,553 [WARNING] [!] Skript läuft nicht als Root. Eskaliere Privilegien via sudo...
2026-09-04 16:44:40,709 [INFO] [Eingabe] Prüfe Systemvoraussetzungen...
2026-09-04 16:44:40,714 [INFO] [+] Systemcheck erfolgreich. WSL-IP ermittelt: 172.23.220.58
2026-09-04 16:44:40,714 [INFO] [Verarbeitung] Initialisiere 256MB RAM-Disk (tmpfs)...
2026-09-04 16:44:40,716 [INFO] Mounte 256MB tmpfs auf /mnt/tor_ramdisk...
2026-09-04 16:44:40,720 [INFO] [+] RAM-Disk erfolgreich gemountet.
2026-09-04 16:44:40,721 [INFO] [+] Unterstrukturen für Tor (/mnt/tor_ramdisk/tor_data) und Privoxy (/mnt/tor_ramdisk/privoxy) vorbereitet.
2026-09-04 16:44:40,722 [INFO] [Verarbeitung] Erzeuge dynamische Konfigurationsdateien in der RAM-Disk...
2026-09-04 16:44:40,726 [INFO] [+] Dynamische torrc erfolgreich in RAM-Disk erzeugt: /mnt/tor_ramdisk/torrc
2026-09-04 16:44:40,731 [INFO] [+] Gehärtete Privoxy-Config in RAM-Disk erzeugt: /mnt/tor_ramdisk/privoxy.conf
2026-09-04 16:44:40,731 [INFO] [Verarbeitung] Wende strikte POSIX-Sicherheitsrechte an...
2026-09-04 16:44:40,732 [INFO] Setze strikte Dateirechte (POSIX Security)...
2026-09-04 16:44:40,732 [INFO] [+] POSIX-Dateirechte erfolgreich gehärtet (0700 / 0600).
2026-09-04 16:44:40,733 [INFO] [Verarbeitung] Konfiguriere Windows Defender Firewall-Regeln...
2026-09-04 16:44:40,733 [INFO] Konfiguriere Windows-Firewall-Regeln...
2026-09-04 16:44:43,356 [INFO] [+] Firewall-Regeln erfolgreich erstellt (8118 & 8443 TCP).
2026-09-04 16:44:43,357 [INFO] [Verarbeitung] Aktiviere DNS-Leak-Schutz & nftables Kill-Switch...
2026-09-04 16:44:43,358 [INFO] [+] /etc/resolv.conf temporär auf lokalen Tor-DNS umgeleitet.
2026-09-04 16:44:43,371 [INFO] [+] nftables-Ruleset vorab gesichert.
2026-09-04 16:44:43,393 [INFO] [+] nftables Kill-Switch aktiv (Exklusiver Outbound für Tor-UID 136).
2026-09-04 16:44:43,393 [INFO] [Verarbeitung] Bereinige verwaiste Tor-Prozesse und aktiviere Tor-Dienst...
2026-09-04 16:44:43,394 [INFO] Prüfe auf verwaiste Tor-Prozesse und gebe Ports frei...
2026-09-04 16:44:43,905 [INFO] Aktiviere tor.service...
2026-09-04 16:44:44,227 [INFO] Starte tor.service neu...
2026-09-04 16:44:44,270 [INFO] [+] tor.service erfolgreich gestartet.
2026-09-04 16:44:44,271 [INFO] [Verarbeitung] Starte Tor-Dienst und Stealth-Relay...
2026-09-04 16:44:44,272 [INFO] Starte Tor-Prozess...
2026-09-04 16:44:44,273 [INFO] Warte auf Tor-Bootstrap (kann bei europäischen Exit-Nodes einen Moment dauern)...
2026-09-04 16:45:44,282 [ERROR] [-] Timeout beim Tor-Bootstrap erreicht.
2026-09-04 17:09:30,171 [WARNING] [!] Skript läuft nicht als Root. Eskaliere Privilegien via sudo...
2026-09-04 17:09:30,573 [INFO] [Eingabe] Prüfe Systemvoraussetzungen...
2026-09-04 17:09:30,576 [INFO] [+] Systemcheck erfolgreich. WSL-IP ermittelt: 172.23.220.58
2026-09-04 17:09:30,577 [INFO] [Verarbeitung] Initialisiere 256MB RAM-Disk (tmpfs)...
2026-09-04 17:09:30,578 [INFO] Mounte 256MB tmpfs auf /mnt/tor_ramdisk...
2026-09-04 17:09:30,580 [INFO] [+] RAM-Disk erfolgreich gemountet.
2026-09-04 17:09:30,580 [INFO] [+] Unterstrukturen für Tor (/mnt/tor_ramdisk/tor_data) und Privoxy (/mnt/tor_ramdisk/privoxy) vorbereitet.
2026-09-04 17:09:30,581 [INFO] [Verarbeitung] Erzeuge dynamische Konfigurationsdateien in der RAM-Disk...
2026-09-04 17:09:30,586 [INFO] [+] Dynamische torrc erfolgreich in RAM-Disk erzeugt: /mnt/tor_ramdisk/torrc
2026-09-04 17:09:30,590 [INFO] [+] Gehärtete Privoxy-Config in RAM-Disk erzeugt: /mnt/tor_ramdisk/privoxy.conf
2026-09-04 17:09:30,591 [INFO] [Verarbeitung] Wende strikte POSIX-Sicherheitsrechte an...
2026-09-04 17:09:30,591 [INFO] Setze strikte Dateirechte (POSIX Security)...
2026-09-04 17:09:30,592 [INFO] [+] POSIX-Dateirechte erfolgreich gehärtet (0700 / 0600).
2026-09-04 17:09:30,592 [INFO] [Verarbeitung] Konfiguriere Windows Defender Firewall-Regeln...
2026-09-04 17:09:30,593 [INFO] Konfiguriere Windows-Firewall-Regeln für Ports 8118 (Privoxy) & 8443 (ORPort)...
2026-09-04 17:09:33,369 [INFO] [+] Firewall-Regeln erfolgreich erstellt (8118 & 8443 TCP).
2026-09-04 17:09:33,369 [INFO] [Verarbeitung] Aktiviere DNS-Leak-Schutz & nftables Kill-Switch...
2026-09-04 17:09:33,371 [INFO] [+] /etc/resolv.conf temporär auf lokalen Tor-DNS umgeleitet.
2026-09-04 17:09:33,375 [INFO] [+] nftables-Ruleset vorab gesichert.
2026-09-04 17:09:33,379 [INFO] [+] nftables Kill-Switch aktiv (Exklusiver Outbound für Tor-UID 136, DNS-Port 5353).
2026-09-04 17:09:33,379 [INFO] [Verarbeitung] Bereinige verwaiste Tor-Prozesse und aktiviere Tor-Dienst...
2026-09-04 17:09:33,380 [INFO] Prüfe auf verwaiste Tor-Prozesse und gebe Ports frei...
2026-09-04 17:09:33,891 [INFO] Aktiviere tor.service...
2026-09-04 17:09:34,156 [INFO] Starte tor.service neu...
2026-09-04 17:09:34,189 [ERROR] [-] Fehler beim Starten von tor.service: Job for tor.service failed because the control process exited with error code.
See "systemctl status tor.service" and "journalctl -xeu tor.service" for details.
2026-09-04 17:19:17,918 [WARNING] [!] Skript läuft nicht als Root. Eskaliere Privilegien via sudo...
2026-09-04 17:19:18,341 [INFO] [Eingabe] Prüfe Systemvoraussetzungen...
2026-09-04 17:19:18,346 [INFO] [+] Systemcheck erfolgreich. WSL-IP ermittelt: 172.23.220.58
2026-09-04 17:19:18,347 [INFO] [Verarbeitung] Initialisiere 256MB RAM-Disk (tmpfs)...
2026-09-04 17:19:18,347 [INFO] [*] RAM-Disk ist bereits gemountet.
2026-09-04 17:19:18,348 [INFO] [+] Unterstrukturen für Tor (/mnt/tor_ramdisk/tor_data) und Privoxy (/mnt/tor_ramdisk/privoxy) vorbereitet.
2026-09-04 17:19:18,348 [INFO] [Verarbeitung] Erzeuge dynamische Konfigurationsdateien in der RAM-Disk...
2026-09-04 17:19:18,353 [INFO] [+] Dynamische torrc erfolgreich in RAM-Disk erzeugt: /mnt/tor_ramdisk/torrc
2026-09-04 17:19:18,358 [INFO] [+] Gehärtete Privoxy-Config in RAM-Disk erzeugt: /mnt/tor_ramdisk/privoxy.conf
2026-09-04 17:19:18,358 [INFO] [Verarbeitung] Wende strikte POSIX-Sicherheitsrechte an...
2026-09-04 17:19:18,358 [INFO] Setze strikte Dateirechte & erstelle Systempfade...
2026-09-04 17:19:18,360 [INFO] [+] Pfad /run/cyberdeck/tor/torrc mit Rechte 0600 & User-UID 136 vorbereitet.
2026-09-04 17:19:18,360 [INFO] [Verarbeitung] Konfiguriere Windows Defender Firewall-Regeln...
2026-09-04 17:19:18,361 [INFO] Konfiguriere Windows-Firewall-Regeln für Ports 8118 (Privoxy) & 9001 (ORPort)...
2026-09-04 17:19:20,293 [INFO] [+] Firewall-Regeln erfolgreich gesetzt (8118 & 9001 TCP).
2026-09-04 17:19:20,294 [INFO] [Verarbeitung] Aktiviere DNS-Leak-Schutz & nftables Kill-Switch...
2026-09-04 17:19:20,299 [INFO] [+] /etc/resolv.conf gehärtet und auf lokalen Tor-DNS umgeleitet.
2026-09-04 17:19:20,330 [INFO] [+] nftables Kill-Switch aktiv (Exklusiver Outbound für Tor-UID 136, DNS-Port 5353).
2026-09-04 17:19:20,330 [INFO] [Verarbeitung] Bereinige verwaiste Tor-Prozesse und aktiviere Tor-Dienst...
2026-09-04 17:19:20,331 [INFO] Prüfe auf verwaiste Tor-Prozesse und gebe Ports frei...
2026-09-04 17:19:20,841 [INFO] Aktiviere tor.service...
2026-09-04 17:19:21,154 [INFO] Starte tor.service neu...
2026-09-04 17:19:21,458 [INFO] [+] tor.service erfolgreich gestartet.
2026-09-04 17:19:21,459 [INFO] [Verarbeitung] Starte Tor-Dienst und Stealth-Relay...
2026-09-04 17:19:21,464 [INFO] [+] Dynamische torrc erfolgreich in RAM-Disk erzeugt: /mnt/tor_ramdisk/torrc
2026-09-04 17:19:21,465 [INFO] Setze systemd Fehlerzustände zurück und starte tor.service...
2026-09-04 17:19:21,497 [INFO] [+] systemd tor.service erfolgreich gestartet.
2026-09-04 17:19:21,498 [INFO] Warte auf Tor-Bootstrap (kann bei europäischen Exit-Nodes einen Moment dauern)...
2026-09-04 17:20:21,523 [ERROR] [-] Timeout beim Tor-Bootstrap erreicht.
2026-09-05 22:12:21,273 [INFO] [Eingabe] Prüfe Systemvoraussetzungen...
2026-09-05 22:12:21,276 [INFO] [+] Systemcheck erfolgreich. WSL-IP ermittelt: 172.23.220.58
2026-09-05 22:12:21,276 [INFO] [Verarbeitung] Initialisiere 256MB RAM-Disk (tmpfs)...
2026-09-05 22:12:21,277 [INFO] Mounte 256MB tmpfs auf /mnt/tor_ramdisk...
2026-09-05 22:12:21,279 [INFO] [+] RAM-Disk erfolgreich gemountet.
2026-09-05 22:12:21,280 [INFO] [+] Unterstrukturen für Tor (/mnt/tor_ramdisk/tor_data) und Privoxy (/mnt/tor_ramdisk/privoxy) vorbereitet.
2026-09-05 22:12:21,280 [INFO] [Verarbeitung] Erzeuge dynamische Konfigurationsdateien in der RAM-Disk...
2026-09-05 22:12:21,284 [INFO] [+] Dynamische torrc erfolgreich in RAM-Disk erzeugt: /mnt/tor_ramdisk/torrc
2026-09-05 22:12:21,287 [INFO] [+] Gehärtete Privoxy-Config in RAM-Disk erzeugt: /mnt/tor_ramdisk/privoxy.conf
2026-09-05 22:12:21,288 [INFO] [Verarbeitung] Wende strikte POSIX-Sicherheitsrechte an...
2026-09-05 22:12:21,288 [INFO] Setze strikte Dateirechte & erstelle Systempfade...
2026-09-05 22:12:21,289 [INFO] [+] Pfad /mnt/tor_ramdisk/torrc mit Rechte 0600 & User-UID 136 vorbereitet.
2026-09-05 22:12:21,289 [INFO] [Verarbeitung] Konfiguriere Windows Defender Firewall-Regeln...
2026-09-05 22:12:21,289 [INFO] Konfiguriere Windows-Firewall-Regeln für Ports 8118 (Privoxy) & 8443 (ORPort)...
2026-09-05 22:12:23,373 [INFO] [+] Firewall-Regeln erfolgreich gesetzt (8118 & 8443 TCP).
2026-09-05 22:12:23,374 [INFO] [Verarbeitung] Aktiviere DNS-Leak-Schutz (Redirect 53->5353) & nftables Kill-Switch...
2026-09-05 22:12:23,375 [ERROR] [-] Fehler beim Setzen von /etc/resolv.conf: [Errno 2] No such file or directory: '/mnt/tor_ramdisk/backup/resolv.conf.cyberdeck.bak'
2026-09-05 22:12:23,380 [INFO] [+] DNS-Redirect aktiv: jeder Port-53-Aufruf -> Tor-DNSPort 5353 (kein DNS-Leak).
2026-09-05 22:12:23,384 [INFO] [+] nftables Kill-Switch aktiv (Exklusiver Outbound für Tor-UID 136, DNS-Port 5353).
2026-09-05 22:12:23,385 [INFO] [Verarbeitung] Bereinige verwaiste Tor-Prozesse und aktiviere Tor-Dienst...
2026-09-05 22:12:23,385 [INFO] Stoppe System-Tor-Instanz (tor@default)...
2026-09-05 22:12:23,430 [INFO] Prüfe auf verwaiste Tor-Prozesse und gebe Ports frei...
2026-09-05 22:12:23,939 [INFO] [+] System-Tor gestoppt – Ports frei für den Suite-eigenen Tor (RAM-Disk).
2026-09-05 22:12:23,940 [INFO] [Verarbeitung] Starte Tor-Dienst und Stealth-Relay...
2026-09-05 22:12:23,945 [INFO] [+] Dynamische torrc erfolgreich in RAM-Disk erzeugt: /mnt/tor_ramdisk/torrc
2026-09-05 22:12:23,947 [INFO] Starte Tor als direkten Prozess: tor -f /mnt/tor_ramdisk/torrc
2026-09-05 22:12:25,947 [INFO] Warte auf Tor-Bootstrap (kann bei europäischen Exit-Nodes einen Moment dauern)...
2026-09-05 22:12:35,328 [DEBUG] GETCONF __owningcontrollerprocess (runtime: 0.0002)
2026-09-05 22:12:35,329 [DEBUG] GETINFO status/bootstrap-phase (runtime: 0.0002)
2026-09-05 22:12:35,330 [INFO] Error while receiving a control message (SocketClosed): received exception "read of closed file"
2026-09-05 22:12:36,332 [DEBUG] GETCONF __owningcontrollerprocess (runtime: 0.0003)
2026-09-05 22:12:36,333 [DEBUG] GETINFO status/bootstrap-phase (runtime: 0.0002)
2026-09-05 22:12:36,334 [INFO] Error while receiving a control message (SocketClosed): received exception "read of closed file"
2026-09-05 22:12:37,337 [DEBUG] GETCONF __owningcontrollerprocess (runtime: 0.0002)
2026-09-05 22:12:37,337 [DEBUG] GETINFO status/bootstrap-phase (runtime: 0.0002)
2026-09-05 22:12:37,338 [INFO] Error while receiving a control message (SocketClosed): received exception "read of closed file"
2026-09-05 22:12:38,340 [DEBUG] GETCONF __owningcontrollerprocess (runtime: 0.0002)
2026-09-05 22:12:38,341 [DEBUG] GETINFO status/bootstrap-phase (runtime: 0.0002)
2026-09-05 22:12:38,342 [INFO] Error while receiving a control message (SocketClosed): received exception "read of closed file"
2026-09-05 22:12:39,344 [DEBUG] GETCONF __owningcontrollerprocess (runtime: 0.0002)
2026-09-05 22:12:39,345 [DEBUG] GETINFO status/bootstrap-phase (runtime: 0.0002)
2026-09-05 22:12:39,345 [INFO] Error while receiving a control message (SocketClosed): received exception "read of closed file"
2026-09-05 22:12:40,348 [DEBUG] GETCONF __owningcontrollerprocess (runtime: 0.0002)
2026-09-05 22:12:40,349 [DEBUG] GETINFO status/bootstrap-phase (runtime: 0.0002)
2026-09-05 22:12:40,349 [INFO] Error while receiving a control message (SocketClosed): received exception "read of closed file"
2026-09-05 22:12:41,351 [DEBUG] GETCONF __owningcontrollerprocess (runtime: 0.0002)
2026-09-05 22:12:41,352 [DEBUG] GETINFO status/bootstrap-phase (runtime: 0.0002)
2026-09-05 22:12:41,353 [INFO] Error while receiving a control message (SocketClosed): received exception "read of closed file"
2026-09-05 22:12:42,355 [DEBUG] GETCONF __owningcontrollerprocess (runtime: 0.0002)
2026-09-05 22:12:42,356 [DEBUG] GETINFO status/bootstrap-phase (runtime: 0.0002)
2026-09-05 22:12:42,356 [INFO] Error while receiving a control message (SocketClosed): received exception "read of closed file"
2026-09-05 22:12:43,358 [DEBUG] GETCONF __owningcontrollerprocess (runtime: 0.0002)
2026-09-05 22:12:43,359 [DEBUG] GETINFO status/bootstrap-phase (runtime: 0.0002)
2026-09-05 22:12:43,360 [INFO] Error while receiving a control message (SocketClosed): received exception "read of closed file"
2026-09-05 22:12:44,362 [DEBUG] GETCONF __owningcontrollerprocess (runtime: 0.0002)
2026-09-05 22:12:44,363 [DEBUG] GETINFO status/bootstrap-phase (runtime: 0.0002)
2026-09-05 22:12:44,363 [INFO] Error while receiving a control message (SocketClosed): received exception "read of closed file"
2026-09-05 22:12:45,365 [DEBUG] GETCONF __owningcontrollerprocess (runtime: 0.0002)
2026-09-05 22:12:45,366 [DEBUG] GETINFO status/bootstrap-phase (runtime: 0.0002)
2026-09-05 22:12:45,367 [INFO] Error while receiving a control message (SocketClosed): received exception "read of closed file"
2026-09-05 22:12:46,642 [DEBUG] GETCONF __owningcontrollerprocess (runtime: 0.0070)
2026-09-05 22:12:46,691 [DEBUG] GETINFO status/bootstrap-phase (runtime: 0.0480)
2026-09-05 22:12:46,692 [INFO] Error while receiving a control message (SocketClosed): received exception "read of closed file"
2026-09-05 22:12:47,747 [DEBUG] GETCONF __owningcontrollerprocess (runtime: 0.0005)
2026-09-05 22:12:47,807 [DEBUG] GETINFO status/bootstrap-phase (runtime: 0.0585)
2026-09-05 22:12:47,807 [INFO] Error while receiving a control message (SocketClosed): received exception "read of closed file"
2026-09-05 22:12:48,928 [DEBUG] GETCONF __owningcontrollerprocess (runtime: 0.0003)
2026-09-05 22:12:49,031 [DEBUG] GETINFO status/bootstrap-phase (runtime: 0.1018)
2026-09-05 22:12:49,032 [INFO] Error while receiving a control message (SocketClosed): received exception "read of closed file"
2026-09-05 22:12:51,094 [DEBUG] GETCONF __owningcontrollerprocess (runtime: 0.2544)
2026-09-05 22:12:51,267 [DEBUG] GETINFO status/bootstrap-phase (runtime: 0.1719)
2026-09-05 22:12:51,267 [INFO] Error while receiving a control message (SocketClosed): received exception "read of closed file"
2026-09-05 22:12:53,635 [DEBUG] GETCONF __owningcontrollerprocess (runtime: 0.1833)
2026-09-05 22:12:54,032 [DEBUG] GETINFO status/bootstrap-phase (runtime: 0.3957)
2026-09-05 22:12:54,033 [INFO] Error while receiving a control message (SocketClosed): received exception "read of closed file"
2026-09-05 22:12:55,418 [DEBUG] GETCONF __owningcontrollerprocess (runtime: 0.0410)
2026-09-05 22:12:55,420 [DEBUG] GETINFO status/bootstrap-phase (runtime: 0.0003)
2026-09-05 22:12:55,420 [INFO] Error while receiving a control message (SocketClosed): received exception "read of closed file"
2026-09-05 22:12:56,423 [DEBUG] GETCONF __owningcontrollerprocess (runtime: 0.0002)
2026-09-05 22:12:56,423 [DEBUG] GETINFO status/bootstrap-phase (runtime: 0.0002)
2026-09-05 22:12:56,424 [INFO] Error while receiving a control message (SocketClosed): received exception "read of closed file"
2026-09-05 22:12:57,426 [DEBUG] GETCONF __owningcontrollerprocess (runtime: 0.0002)
2026-09-05 22:12:57,427 [DEBUG] GETINFO status/bootstrap-phase (runtime: 0.0002)
2026-09-05 22:12:57,428 [INFO] Error while receiving a control message (SocketClosed): received exception "read of closed file"
2026-09-05 22:12:58,430 [DEBUG] GETCONF __owningcontrollerprocess (runtime: 0.0002)
2026-09-05 22:12:58,431 [DEBUG] GETINFO status/bootstrap-phase (runtime: 0.0002)
2026-09-05 22:12:58,431 [INFO] Error while receiving a control message (SocketClosed): received exception "read of closed file"
2026-09-05 22:12:59,436 [DEBUG] GETCONF __owningcontrollerprocess (runtime: 0.0002)
2026-09-05 22:12:59,437 [DEBUG] GETINFO status/bootstrap-phase (runtime: 0.0002)
2026-09-05 22:12:59,438 [INFO] Error while receiving a control message (SocketClosed): received exception "read of closed file"
2026-09-05 22:13:00,440 [DEBUG] GETCONF __owningcontrollerprocess (runtime: 0.0002)
2026-09-05 22:13:00,441 [DEBUG] GETINFO status/bootstrap-phase (runtime: 0.0002)
2026-09-05 22:13:00,441 [INFO] Error while receiving a control message (SocketClosed): received exception "read of closed file"
2026-09-05 22:13:01,443 [DEBUG] GETCONF __owningcontrollerprocess (runtime: 0.0002)
2026-09-05 22:13:01,444 [DEBUG] GETINFO status/bootstrap-phase (runtime: 0.0002)
2026-09-05 22:13:01,445 [INFO] Error while receiving a control message (SocketClosed): received exception "read of closed file"
2026-09-05 22:13:02,447 [DEBUG] GETCONF __owningcontrollerprocess (runtime: 0.0002)
2026-09-05 22:13:02,448 [DEBUG] GETINFO status/bootstrap-phase (runtime: 0.0002)
2026-09-05 22:13:02,448 [INFO] [+] Tor erfolgreich gestartet und zu 100% bootstrapped.
2026-09-05 22:13:02,449 [INFO] [*] IP-Changer gestartet (Rotation alle 60 Sekunden).
2026-09-05 22:13:02,449 [INFO] Error while receiving a control message (SocketClosed): received exception "read of closed file"
2026-09-05 22:13:02,450 [INFO] [Verarbeitung] Starte gehärteten Privoxy-Proxy...
2026-09-05 22:13:02,454 [INFO] [+] Gehärtete Privoxy-Config in RAM-Disk erzeugt: /mnt/tor_ramdisk/privoxy.conf
2026-09-05 22:13:02,455 [INFO] Aktiviere und starte Privoxy systemd-Dienst...
2026-09-05 22:13:03,747 [ERROR] [-] Fehler beim Starten des Privoxy systemd-Dienstes: Job for privoxy.service failed because the control process exited with error code.
See "systemctl status privoxy.service" and "journalctl -xeu privoxy.service" for details.
2026-09-05 22:13:03,748 [INFO] Starte Privoxy als direkten Prozess (Fallback)...
2026-09-05 22:13:05,249 [INFO] [+] Privoxy erfolgreich gestartet (Hört auf 0.0.0.0:8118).
2026-09-05 22:13:05,249 [INFO] [Ausgabe] Aktiviere Windows-Systemproxy...
2026-09-05 22:13:05,250 [INFO] Setze Windows-Systemproxy auf 172.23.220.58:8118...
2026-09-05 22:13:05,483 [INFO] [+] Windows-Systemproxy erfolgreich aktiviert (172.23.220.58:8118).
2026-09-05 22:13:05,484 [INFO] [SUCCESS] Tor Suite ist aktiv!
2026-09-05 22:13:05,485 [INFO]  - Privoxy Proxy: 172.23.220.58:8118
2026-09-05 22:13:05,485 [INFO]  - Tor Relay ORPort: 8443
2026-09-05 22:13:05,486 [INFO]  - IP-Rotation: Alle 60 Sekunden
2026-09-05 22:13:05,486 [INFO]  - Spurenschutz: Aktive 256MB RAM-Disk (tmpfs) + nftables Kill-Switch
2026-09-05 22:13:11,077 [INFO] [Cleanup] Fahre Cyberdeck Tor Suite herunter...
2026-09-05 22:13:11,078 [INFO] Deaktiviere Windows-Systemproxy...
2026-09-05 22:13:11,318 [INFO] [+] Windows-Systemproxy erfolgreich deaktiviert.
2026-09-05 22:13:11,319 [INFO] Entferne temporäre Windows-Firewall-Regeln...
2026-09-05 22:13:12,917 [INFO] [+] Windows-Firewall-Regeln sauber gelöscht.
2026-09-05 22:13:12,949 [INFO] [+] DNS-Redirect-Tabelle erfolgreich entfernt.
2026-09-05 22:13:12,973 [INFO] [+] nftables Kill-Switch Tabelle erfolgreich gelöscht.
2026-09-05 22:13:12,975 [INFO] Stoppe Privoxy-Dienst...
2026-09-05 22:13:12,981 [INFO] [+] Privoxy sauber beendet.
2026-09-05 22:13:12,981 [INFO] Stoppe Tor-Prozess und IP-Changer...
2026-09-05 22:13:12,988 [INFO] [+] Tor-Prozess sauber beendet.
2026-09-05 22:13:12,988 [INFO] Stoppe tor@default...
2026-09-05 22:13:12,994 [INFO] Prüfe auf verwaiste Tor-Prozesse und gebe Ports frei...
2026-09-05 22:13:13,504 [INFO] [+] tor@default beendet.
2026-09-05 22:13:13,505 [INFO] Unmounte RAM-Disk unter /mnt/tor_ramdisk...
2026-09-05 22:13:13,524 [INFO] [+] RAM-Disk sauber unmountet und Spuren beseitigt.
2026-09-05 22:13:13,525 [INFO] [+] Shutdown abgeschlossen. Sämtliche temporären Daten wurden aus dem RAM gelöscht.
2026-09-05 22:18:43,402 [INFO] [Eingabe] Prüfe Systemvoraussetzungen...
2026-09-05 22:18:43,405 [INFO] [+] Systemcheck erfolgreich. WSL-IP ermittelt: 172.23.220.58
2026-09-05 22:18:43,405 [INFO] [Verarbeitung] Initialisiere 256MB RAM-Disk (tmpfs)...
2026-09-05 22:18:43,407 [INFO] Mounte 256MB tmpfs auf /mnt/tor_ramdisk...
2026-09-05 22:18:43,409 [INFO] [+] RAM-Disk erfolgreich gemountet.
2026-09-05 22:18:43,409 [INFO] [+] Unterstrukturen für Tor (/mnt/tor_ramdisk/tor_data) und Privoxy (/mnt/tor_ramdisk/privoxy) vorbereitet.
2026-09-05 22:18:43,410 [INFO] [Verarbeitung] Erzeuge dynamische Konfigurationsdateien in der RAM-Disk...
2026-09-05 22:18:43,415 [INFO] [+] Dynamische torrc erfolgreich in RAM-Disk erzeugt: /mnt/tor_ramdisk/torrc
2026-09-05 22:18:43,419 [INFO] [+] Gehärtete Privoxy-Config in RAM-Disk erzeugt: /mnt/tor_ramdisk/privoxy.conf
2026-09-05 22:18:43,419 [INFO] [Verarbeitung] Wende strikte POSIX-Sicherheitsrechte an...
2026-09-05 22:18:43,420 [INFO] Setze strikte Dateirechte & erstelle Systempfade...
2026-09-05 22:18:43,420 [INFO] [+] Pfad /mnt/tor_ramdisk/torrc mit Rechte 0600 & User-UID 136 vorbereitet.
2026-09-05 22:18:43,421 [INFO] [Verarbeitung] Konfiguriere Windows Defender Firewall-Regeln...
2026-09-05 22:18:43,421 [INFO] Konfiguriere Windows-Firewall-Regeln für Ports 8118 (Privoxy) & 8443 (ORPort)...
2026-09-05 22:18:45,177 [INFO] [+] Firewall-Regeln erfolgreich gesetzt (8118 & 8443 TCP).
2026-09-05 22:18:45,178 [INFO] [Verarbeitung] Aktiviere DNS-Leak-Schutz (Redirect 53->5353) & nftables Kill-Switch...
2026-09-05 22:18:45,181 [INFO] [+] /etc/resolv.conf gehärtet und auf lokalen Tor-DNS umgeleitet.
2026-09-05 22:18:45,184 [INFO] [+] DNS-Redirect aktiv: jeder Port-53-Aufruf -> Tor-DNSPort 5353 (kein DNS-Leak).
2026-09-05 22:18:45,187 [INFO] [+] nftables Kill-Switch aktiv (Exklusiver Outbound für Tor-UID 136, DNS-Port 5353).
2026-09-05 22:18:45,188 [INFO] [Verarbeitung] Bereinige verwaiste Tor-Prozesse und aktiviere Tor-Dienst...
2026-09-05 22:18:45,188 [INFO] Stoppe System-Tor-Instanz (tor@default)...
2026-09-05 22:18:45,195 [INFO] Prüfe auf verwaiste Tor-Prozesse und gebe Ports frei...
2026-09-05 22:18:45,705 [INFO] [+] System-Tor gestoppt – Ports frei für den Suite-eigenen Tor (RAM-Disk).
2026-09-05 22:18:45,706 [INFO] [Verarbeitung] Starte Tor-Dienst und Stealth-Relay...
2026-09-05 22:18:45,710 [INFO] [+] Dynamische torrc erfolgreich in RAM-Disk erzeugt: /mnt/tor_ramdisk/torrc
2026-09-05 22:18:45,712 [INFO] Starte Tor als direkten Prozess: tor -f /mnt/tor_ramdisk/torrc
2026-09-05 22:18:47,713 [INFO] Warte auf Tor-Bootstrap (kann bei europäischen Exit-Nodes einen Moment dauern)...
2026-09-05 22:19:38,225 [INFO] [Cleanup] Fahre Cyberdeck Tor Suite herunter...
2026-09-05 22:19:38,226 [INFO] Deaktiviere Windows-Systemproxy...
2026-09-05 22:19:38,462 [INFO] [+] Windows-Systemproxy erfolgreich deaktiviert.
2026-09-05 22:19:38,463 [INFO] Entferne temporäre Windows-Firewall-Regeln...
2026-09-05 22:19:40,087 [INFO] [+] Windows-Firewall-Regeln sauber gelöscht.
2026-09-05 22:19:40,129 [INFO] [+] DNS-Redirect-Tabelle erfolgreich entfernt.
2026-09-05 22:19:40,137 [INFO] [+] nftables Kill-Switch Tabelle erfolgreich gelöscht.
2026-09-05 22:19:40,139 [INFO] [+] Ursprüngliche /etc/resolv.conf wiederhergestellt.
2026-09-05 22:19:40,139 [INFO] Stoppe Privoxy-Dienst...
2026-09-05 22:19:40,140 [INFO] [+] Privoxy sauber beendet.
2026-09-05 22:19:40,140 [INFO] Stoppe Tor-Prozess und IP-Changer...
2026-09-05 22:19:40,148 [INFO] [+] Tor-Prozess sauber beendet.
2026-09-05 22:19:40,149 [INFO] Stoppe tor@default...
2026-09-05 22:19:40,155 [INFO] Prüfe auf verwaiste Tor-Prozesse und gebe Ports frei...
2026-09-05 22:19:40,665 [INFO] [+] tor@default beendet.
2026-09-05 22:19:40,666 [INFO] Unmounte RAM-Disk unter /mnt/tor_ramdisk...
2026-09-05 22:19:40,686 [INFO] [+] RAM-Disk sauber unmountet und Spuren beseitigt.
2026-09-05 22:19:40,686 [INFO] [+] Shutdown abgeschlossen. Sämtliche temporären Daten wurden aus dem RAM gelöscht.
2026-09-05 22:32:51,298 [INFO] [Eingabe] Prüfe Systemvoraussetzungen...
2026-09-05 22:32:51,302 [INFO] [+] Systemcheck erfolgreich. WSL-IP ermittelt: 172.23.220.58
2026-09-05 22:32:51,303 [INFO] [Verarbeitung] Initialisiere 256MB RAM-Disk (tmpfs)...
2026-09-05 22:32:51,304 [INFO] [*] RAM-Disk ist bereits gemountet.
2026-09-05 22:32:51,304 [INFO] [+] Unterstrukturen für Tor (/mnt/tor_ramdisk/tor_data) und Privoxy (/mnt/tor_ramdisk/privoxy) vorbereitet.
2026-09-05 22:32:51,305 [INFO] [Verarbeitung] Erzeuge dynamische Konfigurationsdateien in der RAM-Disk...
2026-09-05 22:32:51,310 [INFO] [+] Dynamische torrc erfolgreich in RAM-Disk erzeugt: /mnt/tor_ramdisk/torrc
2026-09-05 22:32:51,316 [INFO] [+] Gehärtete Privoxy-Config in RAM-Disk erzeugt: /mnt/tor_ramdisk/privoxy.conf
2026-09-05 22:32:51,317 [INFO] [Verarbeitung] Wende strikte POSIX-Sicherheitsrechte an...
2026-09-05 22:32:51,317 [INFO] Setze strikte Dateirechte & erstelle Systempfade...
2026-09-05 22:32:51,318 [INFO] [+] Pfad /mnt/tor_ramdisk/torrc mit Rechte 0600 & User-UID 136 vorbereitet.
2026-09-05 22:32:51,319 [INFO] [Verarbeitung] Konfiguriere Windows Defender Firewall-Regeln...
2026-09-05 22:32:51,319 [INFO] Konfiguriere Windows-Firewall-Regeln für Ports 8118 (Privoxy) & 8443 (ORPort)...
2026-09-05 22:32:53,300 [INFO] [+] Firewall-Regeln erfolgreich gesetzt (8118 & 8443 TCP).
2026-09-05 22:32:53,301 [INFO] [Verarbeitung] Aktiviere DNS-Leak-Schutz (Redirect 53->5353) & nftables Kill-Switch...
2026-09-05 22:32:53,306 [INFO] [+] /etc/resolv.conf gehärtet und auf lokalen Tor-DNS umgeleitet.
2026-09-05 22:32:53,310 [INFO] [+] DNS-Redirect aktiv: jeder Port-53-Aufruf -> Tor-DNSPort 5353 (kein DNS-Leak).
2026-09-05 22:32:53,315 [INFO] [+] nftables Kill-Switch aktiv (Exklusiver Outbound für Tor-UID 136, DNS-Port 5353).
2026-09-05 22:32:53,315 [INFO] [Verarbeitung] Bereinige verwaiste Tor-Prozesse und aktiviere Tor-Dienst...
2026-09-05 22:32:53,316 [INFO] Stoppe System-Tor-Instanz (tor@default)...
2026-09-05 22:32:53,362 [INFO] Prüfe auf verwaiste Tor-Prozesse und gebe Ports frei...
2026-09-05 22:32:53,871 [INFO] [+] System-Tor gestoppt – Ports frei für den Suite-eigenen Tor (RAM-Disk).
2026-09-05 22:32:53,872 [INFO] [Verarbeitung] Starte Tor-Dienst und Stealth-Relay...
2026-09-05 22:32:53,876 [INFO] [+] Dynamische torrc erfolgreich in RAM-Disk erzeugt: /mnt/tor_ramdisk/torrc
2026-09-05 22:32:53,878 [INFO] Starte Tor als direkten Prozess: tor -f /mnt/tor_ramdisk/torrc
2026-09-05 22:32:55,879 [INFO] Warte auf Tor-Bootstrap (kann bei europäischen Exit-Nodes einen Moment dauern)...
2026-09-05 22:33:08,067 [INFO] [+] Tor erfolgreich gestartet und zu 100% bootstrapped.
2026-09-05 22:33:08,069 [INFO] [*] IP-Changer gestartet (Rotation alle 60 Sekunden).
2026-09-05 22:33:08,074 [INFO] [Verarbeitung] Starte gehärteten Privoxy-Proxy...
2026-09-05 22:33:08,080 [INFO] [+] Gehärtete Privoxy-Config in RAM-Disk erzeugt: /mnt/tor_ramdisk/privoxy.conf
2026-09-05 22:33:08,080 [INFO] Starte Privoxy als direkten Prozess mit RAM-Disk-Config...
2026-09-05 22:33:09,583 [INFO] [+] Privoxy erfolgreich gestartet (Hört auf 0.0.0.0:8118).
2026-09-05 22:33:09,584 [INFO] [Ausgabe] Aktiviere Windows-Systemproxy...
2026-09-05 22:33:09,585 [INFO] Setze Windows-Systemproxy auf 172.23.220.58:8118...
2026-09-05 22:33:09,826 [INFO] [+] Windows-Systemproxy erfolgreich aktiviert (172.23.220.58:8118).
2026-09-05 22:33:09,827 [INFO] [SUCCESS] Tor Suite ist aktiv!
2026-09-05 22:33:09,828 [INFO]  - Privoxy Proxy: 172.23.220.58:8118
2026-09-05 22:33:09,829 [INFO]  - Tor Relay ORPort: 8443
2026-09-05 22:33:09,829 [INFO]  - IP-Rotation: Alle 60 Sekunden
2026-09-05 22:33:09,830 [INFO]  - Spurenschutz: Aktive 256MB RAM-Disk (tmpfs) + nftables Kill-Switch
2026-09-05 22:34:13,086 [ERROR] [-] Fehler beim Verbinden mit ControlPort (9051): timed out
2026-09-05 22:35:16,212 [INFO] [+] Signal NEWNYM gesendet: Tor Exit-IP gewechselt.
2026-09-05 22:36:16,233 [INFO] [+] Signal NEWNYM gesendet: Tor Exit-IP gewechselt.
2026-09-05 22:37:16,249 [INFO] [+] Signal NEWNYM gesendet: Tor Exit-IP gewechselt.
2026-09-05 22:38:16,268 [INFO] [+] Signal NEWNYM gesendet: Tor Exit-IP gewechselt.
2026-09-05 22:39:16,289 [INFO] [+] Signal NEWNYM gesendet: Tor Exit-IP gewechselt.
2026-09-05 22:40:16,309 [INFO] [+] Signal NEWNYM gesendet: Tor Exit-IP gewechselt.
2026-09-05 22:41:16,328 [INFO] [+] Signal NEWNYM gesendet: Tor Exit-IP gewechselt.
2026-09-05 22:42:16,347 [INFO] [+] Signal NEWNYM gesendet: Tor Exit-IP gewechselt.
2026-09-05 22:43:16,368 [INFO] [+] Signal NEWNYM gesendet: Tor Exit-IP gewechselt.
2026-09-05 22:44:16,386 [INFO] [+] Signal NEWNYM gesendet: Tor Exit-IP gewechselt.
2026-09-05 22:45:16,405 [INFO] [+] Signal NEWNYM gesendet: Tor Exit-IP gewechselt.
2026-09-05 22:46:16,435 [INFO] [+] Signal NEWNYM gesendet: Tor Exit-IP gewechselt.
2026-09-05 22:47:16,455 [INFO] [+] Signal NEWNYM gesendet: Tor Exit-IP gewechselt.
2026-09-05 22:48:16,477 [INFO] [+] Signal NEWNYM gesendet: Tor Exit-IP gewechselt.
2026-09-05 22:49:16,495 [INFO] [+] Signal NEWNYM gesendet: Tor Exit-IP gewechselt.
2026-09-05 22:50:16,517 [INFO] [+] Signal NEWNYM gesendet: Tor Exit-IP gewechselt.
2026-09-05 22:51:16,535 [INFO] [+] Signal NEWNYM gesendet: Tor Exit-IP gewechselt.
2026-09-05 22:52:16,566 [INFO] [+] Signal NEWNYM gesendet: Tor Exit-IP gewechselt.
2026-09-05 22:53:16,584 [INFO] [+] Signal NEWNYM gesendet: Tor Exit-IP gewechselt.
2026-09-05 22:54:16,602 [INFO] [+] Signal NEWNYM gesendet: Tor Exit-IP gewechselt.
2026-09-05 22:55:16,621 [INFO] [+] Signal NEWNYM gesendet: Tor Exit-IP gewechselt.
2026-09-05 22:56:16,640 [INFO] [+] Signal NEWNYM gesendet: Tor Exit-IP gewechselt.
2026-09-05 22:57:16,669 [INFO] [+] Signal NEWNYM gesendet: Tor Exit-IP gewechselt.
2026-09-05 22:58:16,686 [INFO] [+] Signal NEWNYM gesendet: Tor Exit-IP gewechselt.
2026-09-05 22:59:16,707 [INFO] [+] Signal NEWNYM gesendet: Tor Exit-IP gewechselt.
2026-09-05 23:00:16,728 [INFO] [+] Signal NEWNYM gesendet: Tor Exit-IP gewechselt.
2026-09-05 23:01:16,752 [INFO] [+] Signal NEWNYM gesendet: Tor Exit-IP gewechselt.
2026-09-05 23:02:16,777 [INFO] [+] Signal NEWNYM gesendet: Tor Exit-IP gewechselt.
2026-09-05 23:03:16,797 [INFO] [+] Signal NEWNYM gesendet: Tor Exit-IP gewechselt.
2026-09-05 23:04:16,842 [INFO] [+] Signal NEWNYM gesendet: Tor Exit-IP gewechselt.
2026-09-05 23:05:16,889 [INFO] [+] Signal NEWNYM gesendet: Tor Exit-IP gewechselt.
2026-09-05 23:05:27,461 [INFO] [Cleanup] Fahre Cyberdeck Tor Suite herunter...
2026-09-05 23:05:27,462 [INFO] Deaktiviere Windows-Systemproxy...
2026-09-05 23:05:27,705 [INFO] [+] Windows-Systemproxy erfolgreich deaktiviert.
2026-09-05 23:05:27,705 [INFO] Entferne temporäre Windows-Firewall-Regeln...
2026-09-05 23:05:29,441 [INFO] [+] Windows-Firewall-Regeln sauber gelöscht.
2026-09-05 23:05:29,455 [INFO] [+] DNS-Redirect-Tabelle erfolgreich entfernt.
2026-09-05 23:05:29,483 [INFO] [+] nftables Kill-Switch Tabelle erfolgreich gelöscht.
2026-09-05 23:05:29,486 [INFO] [+] Ursprüngliche /etc/resolv.conf wiederhergestellt.
2026-09-05 23:05:29,487 [INFO] Stoppe Privoxy-Dienst...
2026-09-05 23:05:29,489 [INFO] [+] Privoxy sauber beendet.
2026-09-05 23:05:29,489 [INFO] Stoppe Tor-Prozess und IP-Changer...
2026-09-05 23:05:29,611 [INFO] [+] Tor-Prozess sauber beendet.
2026-09-05 23:05:29,611 [INFO] Stoppe tor@default...
2026-09-05 23:05:29,617 [INFO] Prüfe auf verwaiste Tor-Prozesse und gebe Ports frei...
2026-09-05 23:05:30,128 [INFO] [+] tor@default beendet.
2026-09-05 23:05:30,129 [INFO] Unmounte RAM-Disk unter /mnt/tor_ramdisk...
2026-09-05 23:05:30,154 [INFO] [+] RAM-Disk sauber unmountet und Spuren beseitigt.
2026-09-05 23:05:30,155 [INFO] [+] Shutdown abgeschlossen. Sämtliche temporären Daten wurden aus dem RAM gelöscht.
2026-09-05 23:06:37,387 [INFO] [Eingabe] Prüfe Systemvoraussetzungen...
2026-09-05 23:06:37,390 [INFO] [+] Systemcheck erfolgreich. WSL-IP ermittelt: 172.23.220.58
2026-09-05 23:06:37,390 [INFO] [Verarbeitung] Initialisiere 256MB RAM-Disk (tmpfs)...
2026-09-05 23:06:37,391 [INFO] Mounte 256MB tmpfs auf /mnt/tor_ramdisk...
2026-09-05 23:06:37,394 [INFO] [+] RAM-Disk erfolgreich gemountet.
2026-09-05 23:06:37,395 [INFO] [+] Unterstrukturen für Tor (/mnt/tor_ramdisk/tor_data) und Privoxy (/mnt/tor_ramdisk/privoxy) vorbereitet.
2026-09-05 23:06:37,395 [INFO] [Verarbeitung] Erzeuge dynamische Konfigurationsdateien in der RAM-Disk...
2026-09-05 23:06:37,399 [INFO] [+] Dynamische torrc erfolgreich in RAM-Disk erzeugt: /mnt/tor_ramdisk/torrc
2026-09-05 23:06:37,403 [INFO] [+] Gehärtete Privoxy-Config in RAM-Disk erzeugt: /mnt/tor_ramdisk/privoxy.conf
2026-09-05 23:06:37,404 [INFO] [Verarbeitung] Wende strikte POSIX-Sicherheitsrechte an...
2026-09-05 23:06:37,404 [INFO] Setze strikte Dateirechte & erstelle Systempfade...
2026-09-05 23:06:37,404 [INFO] [+] Pfad /mnt/tor_ramdisk/torrc mit Rechte 0600 & User-UID 136 vorbereitet.
2026-09-05 23:06:37,405 [INFO] [Verarbeitung] Konfiguriere Windows Defender Firewall-Regeln...
2026-09-05 23:06:37,405 [INFO] Konfiguriere Windows-Firewall-Regeln für Ports 8118 (Privoxy) & 8443 (ORPort)...
2026-09-05 23:10:05,537 [INFO] [Eingabe] Prüfe Systemvoraussetzungen...
2026-09-05 23:10:05,539 [INFO] [+] Systemcheck erfolgreich. WSL-IP ermittelt: 172.23.220.58
2026-09-05 23:10:05,540 [INFO] [Verarbeitung] Initialisiere 256MB RAM-Disk (tmpfs)...
2026-09-05 23:10:05,541 [INFO] Mounte 256MB tmpfs auf /mnt/tor_ramdisk...
2026-09-05 23:10:05,543 [INFO] [+] RAM-Disk erfolgreich gemountet.
2026-09-05 23:10:05,544 [INFO] [+] Unterstrukturen für Tor (/mnt/tor_ramdisk/tor_data) und Privoxy (/mnt/tor_ramdisk/privoxy) vorbereitet.
2026-09-05 23:10:05,544 [INFO] [Verarbeitung] Erzeuge dynamische Konfigurationsdateien in der RAM-Disk...
2026-09-05 23:10:05,548 [INFO] [+] Dynamische torrc erfolgreich in RAM-Disk erzeugt: /mnt/tor_ramdisk/torrc
2026-09-05 23:10:05,552 [INFO] [+] Gehärtete Privoxy-Config in RAM-Disk erzeugt: /mnt/tor_ramdisk/privoxy.conf
2026-09-05 23:10:05,552 [INFO] [Verarbeitung] Wende strikte POSIX-Sicherheitsrechte an...
2026-09-05 23:10:05,553 [INFO] Setze strikte Dateirechte & erstelle Systempfade...
2026-09-05 23:10:05,553 [INFO] [+] Pfad /mnt/tor_ramdisk/torrc mit Rechte 0600 & User-UID 136 vorbereitet.
2026-09-05 23:10:05,554 [INFO] [Verarbeitung] Konfiguriere Windows Defender Firewall-Regeln...
2026-09-05 23:10:05,554 [INFO] Konfiguriere Windows-Firewall-Regeln für Ports 8118 (Privoxy) & 8443 (ORPort)...
2026-09-05 23:10:20,575 [WARNING] [!] Windows-Firewall-Aufruf timeout (15s) – überspringe Firewall-Einrichtung.
2026-09-05 23:10:20,581 [WARNING] [!] Firewall-Regeln konnten teilweise nicht gesetzt werden (Elevated Admin-Rechte unter Windows erforderlich).
2026-09-05 23:10:20,581 [INFO] [Verarbeitung] Aktiviere DNS-Leak-Schutz (Redirect 53->5353) & nftables Kill-Switch...
2026-09-05 23:10:20,585 [INFO] [+] /etc/resolv.conf gehärtet und auf lokalen Tor-DNS umgeleitet.
2026-09-05 23:10:20,588 [INFO] [+] DNS-Redirect aktiv: jeder Port-53-Aufruf -> Tor-DNSPort 5353 (kein DNS-Leak).
2026-09-05 23:10:20,592 [INFO] [+] nftables Kill-Switch aktiv (Exklusiver Outbound für Tor-UID 136, DNS-Port 5353).
2026-09-05 23:10:20,593 [INFO] [Verarbeitung] Bereinige verwaiste Tor-Prozesse und aktiviere Tor-Dienst...
2026-09-05 23:10:20,593 [INFO] Stoppe System-Tor-Instanz (tor@default)...
2026-09-05 23:10:20,599 [INFO] Prüfe auf verwaiste Tor-Prozesse und gebe Ports frei...
2026-09-05 23:10:21,108 [INFO] [+] System-Tor gestoppt – Ports frei für den Suite-eigenen Tor (RAM-Disk).
2026-09-05 23:10:21,108 [INFO] [Verarbeitung] Starte Tor-Dienst und Stealth-Relay...
2026-09-05 23:10:21,113 [INFO] [+] Dynamische torrc erfolgreich in RAM-Disk erzeugt: /mnt/tor_ramdisk/torrc
2026-09-05 23:10:21,115 [INFO] Starte Tor als direkten Prozess: tor -f /mnt/tor_ramdisk/torrc
2026-09-05 23:10:23,116 [INFO] Warte auf Tor-Bootstrap (kann bei europäischen Exit-Nodes einen Moment dauern)...
2026-09-05 23:10:57,702 [INFO] [+] Tor erfolgreich gestartet und zu 100% bootstrapped.
2026-09-05 23:10:57,703 [INFO] [*] IP-Changer gestartet (Rotation alle 60 Sekunden).
2026-09-05 23:10:57,708 [INFO] [Verarbeitung] Starte gehärteten Privoxy-Proxy...
2026-09-05 23:10:57,713 [INFO] [+] Gehärtete Privoxy-Config in RAM-Disk erzeugt: /mnt/tor_ramdisk/privoxy.conf
2026-09-05 23:10:57,713 [INFO] Starte Privoxy als direkten Prozess mit RAM-Disk-Config...
2026-09-05 23:10:59,216 [INFO] [+] Privoxy erfolgreich gestartet (Hört auf 0.0.0.0:8118).
2026-09-05 23:10:59,217 [INFO] [Ausgabe] Aktiviere Windows-Systemproxy...
2026-09-05 23:10:59,217 [INFO] Setze Windows-Systemproxy auf 172.23.220.58:8118...
2026-09-05 23:10:59,448 [INFO] [+] Windows-Systemproxy erfolgreich aktiviert (172.23.220.58:8118).
2026-09-05 23:10:59,449 [INFO] [SUCCESS] Tor Suite ist aktiv!
2026-09-05 23:10:59,450 [INFO]  - Privoxy Proxy: 172.23.220.58:8118
2026-09-05 23:10:59,450 [INFO]  - Tor Relay ORPort: 8443
2026-09-05 23:10:59,451 [INFO]  - IP-Rotation: Alle 60 Sekunden
2026-09-05 23:10:59,451 [INFO]  - Spurenschutz: Aktive 256MB RAM-Disk (tmpfs) + nftables Kill-Switch
2026-09-05 23:11:57,726 [INFO] [+] Signal NEWNYM gesendet: Tor Exit-IP gewechselt.
2026-09-05 23:12:57,741 [INFO] [+] Signal NEWNYM gesendet: Tor Exit-IP gewechselt.
2026-09-05 23:13:57,759 [INFO] [+] Signal NEWNYM gesendet: Tor Exit-IP gewechselt.
2026-09-05 23:14:57,774 [INFO] [+] Signal NEWNYM gesendet: Tor Exit-IP gewechselt.
2026-09-05 23:15:05,877 [INFO] [Cleanup] Fahre Cyberdeck Tor Suite herunter...
2026-09-05 23:15:05,878 [INFO] Deaktiviere Windows-Systemproxy...
2026-09-05 23:15:06,112 [INFO] [+] Windows-Systemproxy erfolgreich deaktiviert.
2026-09-05 23:15:06,113 [INFO] Entferne temporäre Windows-Firewall-Regeln...
2026-09-05 23:15:07,901 [INFO] [+] Windows-Firewall-Regeln sauber gelöscht.
2026-09-05 23:15:07,929 [INFO] [+] DNS-Redirect-Tabelle erfolgreich entfernt.
2026-09-05 23:15:07,953 [INFO] [+] nftables Kill-Switch Tabelle erfolgreich gelöscht.
2026-09-05 23:15:07,958 [INFO] [+] Ursprüngliche /etc/resolv.conf wiederhergestellt.
2026-09-05 23:15:07,958 [INFO] Stoppe Privoxy-Dienst...
2026-09-05 23:15:07,960 [INFO] [+] Privoxy sauber beendet.
2026-09-05 23:15:07,960 [INFO] Stoppe Tor-Prozess und IP-Changer...
2026-09-05 23:15:08,082 [INFO] [+] Tor-Prozess sauber beendet.
2026-09-05 23:15:08,082 [INFO] Stoppe tor@default...
2026-09-05 23:15:08,089 [INFO] Prüfe auf verwaiste Tor-Prozesse und gebe Ports frei...
2026-09-05 23:15:08,599 [INFO] [+] tor@default beendet.
2026-09-05 23:15:08,600 [INFO] Unmounte RAM-Disk unter /mnt/tor_ramdisk...
2026-09-05 23:15:08,621 [INFO] [+] RAM-Disk sauber unmountet und Spuren beseitigt.
2026-09-05 23:15:08,622 [INFO] [+] Shutdown abgeschlossen. Sämtliche temporären Daten wurden aus dem RAM gelöscht.
2026-09-05 23:20:09,995 [INFO] [Eingabe] Prüfe Systemvoraussetzungen...
2026-09-05 23:20:09,999 [INFO] [+] Systemcheck erfolgreich. WSL-IP ermittelt: 172.23.220.58
2026-09-05 23:20:09,999 [INFO] [Verarbeitung] Initialisiere 256MB RAM-Disk (tmpfs)...
2026-09-05 23:20:10,000 [INFO] Mounte 256MB tmpfs auf /mnt/tor_ramdisk...
2026-09-05 23:20:10,003 [INFO] [+] RAM-Disk erfolgreich gemountet.
2026-09-05 23:20:10,004 [INFO] [+] Unterstrukturen für Tor (/mnt/tor_ramdisk/tor_data) und Privoxy (/mnt/tor_ramdisk/privoxy) vorbereitet.
2026-09-05 23:20:10,004 [INFO] [Verarbeitung] Erzeuge dynamische Konfigurationsdateien in der RAM-Disk...
2026-09-05 23:20:10,009 [INFO] [+] Dynamische torrc erfolgreich in RAM-Disk erzeugt: /mnt/tor_ramdisk/torrc
2026-09-05 23:20:10,014 [INFO] [+] Gehärtete Privoxy-Config in RAM-Disk erzeugt: /mnt/tor_ramdisk/privoxy.conf
2026-09-05 23:20:10,014 [INFO] [Verarbeitung] Wende strikte POSIX-Sicherheitsrechte an...
2026-09-05 23:20:10,014 [INFO] Setze strikte Dateirechte & erstelle Systempfade...
2026-09-05 23:20:10,015 [INFO] [+] Pfad /mnt/tor_ramdisk/torrc mit Rechte 0600 & User-UID 136 vorbereitet.
2026-09-05 23:20:10,015 [INFO] [Verarbeitung] Konfiguriere Windows Defender Firewall-Regeln...
2026-09-05 23:20:10,016 [INFO] Konfiguriere Windows-Firewall-Regeln für Ports 8118 (Privoxy) & 8443 (ORPort)...
2026-09-05 23:20:25,037 [WARNING] [!] Windows-Firewall-Aufruf timeout (15s) – überspringe Firewall-Einrichtung.
2026-09-05 23:20:25,039 [WARNING] [!] Firewall-Regeln konnten teilweise nicht gesetzt werden (Elevated Admin-Rechte unter Windows erforderlich).
2026-09-05 23:20:25,039 [INFO] [Verarbeitung] Aktiviere DNS-Leak-Schutz (Redirect 53->5353) & nftables Kill-Switch...
2026-09-05 23:20:25,043 [INFO] [+] /etc/resolv.conf gehärtet und auf lokalen Tor-DNS umgeleitet.
2026-09-05 23:20:25,047 [INFO] [+] DNS-Redirect aktiv: jeder Port-53-Aufruf -> Tor-DNSPort 5353 (kein DNS-Leak).
2026-09-05 23:20:25,051 [INFO] [+] nftables Kill-Switch aktiv (Exklusiver Outbound für Tor-UID 136, DNS-Port 5353).
2026-09-05 23:20:25,051 [INFO] [Verarbeitung] Bereinige verwaiste Tor-Prozesse und aktiviere Tor-Dienst...
2026-09-05 23:20:25,051 [INFO] Stoppe System-Tor-Instanz (tor@default)...
2026-09-05 23:20:25,058 [INFO] Prüfe auf verwaiste Tor-Prozesse und gebe Ports frei...
2026-09-05 23:20:25,567 [INFO] [+] System-Tor gestoppt – Ports frei für den Suite-eigenen Tor (RAM-Disk).
2026-09-05 23:20:25,568 [INFO] [Verarbeitung] Starte Tor-Dienst und Stealth-Relay...
2026-09-05 23:20:25,573 [INFO] [+] Dynamische torrc erfolgreich in RAM-Disk erzeugt: /mnt/tor_ramdisk/torrc
2026-09-05 23:20:25,575 [INFO] Starte Tor als direkten Prozess: tor -f /mnt/tor_ramdisk/torrc
2026-09-05 23:20:27,576 [INFO] Warte auf Tor-Bootstrap (kann bei europäischen Exit-Nodes einen Moment dauern)...
2026-09-05 23:20:48,403 [INFO] [+] Tor erfolgreich gestartet und zu 100% bootstrapped.
2026-09-05 23:20:48,404 [INFO] [*] IP-Changer gestartet (Rotation alle 60 Sekunden).
2026-09-05 23:20:48,410 [INFO] [Verarbeitung] Starte gehärteten Privoxy-Proxy...
2026-09-05 23:20:48,414 [INFO] [+] Gehärtete Privoxy-Config in RAM-Disk erzeugt: /mnt/tor_ramdisk/privoxy.conf
2026-09-05 23:20:48,415 [INFO] Starte Privoxy als direkten Prozess mit RAM-Disk-Config...
2026-09-05 23:20:49,917 [INFO] [+] Privoxy erfolgreich gestartet (Hört auf 0.0.0.0:8118).
2026-09-05 23:20:49,918 [INFO] [Ausgabe] Aktiviere Windows-Systemproxy...
2026-09-05 23:20:49,919 [INFO] Setze Windows-Systemproxy auf 172.23.220.58:8118...
2026-09-05 23:20:50,175 [INFO] [+] Windows-Systemproxy erfolgreich aktiviert (172.23.220.58:8118).
2026-09-05 23:20:50,176 [INFO] [SUCCESS] Tor Suite ist aktiv!
2026-09-05 23:20:50,177 [INFO]  - Privoxy Proxy: 172.23.220.58:8118
2026-09-05 23:20:50,178 [INFO]  - Tor Relay ORPort: 8443
2026-09-05 23:20:50,178 [INFO]  - IP-Rotation: Alle 60 Sekunden
2026-09-05 23:20:50,179 [INFO]  - Spurenschutz: Aktive 256MB RAM-Disk (tmpfs) + nftables Kill-Switch
2026-09-05 23:21:48,425 [INFO] [+] Signal NEWNYM gesendet: Tor Exit-IP gewechselt.
2026-09-05 23:22:48,448 [INFO] [+] Signal NEWNYM gesendet: Tor Exit-IP gewechselt.
2026-09-05 23:23:48,463 [INFO] [+] Signal NEWNYM gesendet: Tor Exit-IP gewechselt.
2026-09-05 23:24:48,477 [INFO] [+] Signal NEWNYM gesendet: Tor Exit-IP gewechselt.
2026-09-05 23:25:48,492 [INFO] [+] Signal NEWNYM gesendet: Tor Exit-IP gewechselt.
2026-09-05 23:26:48,507 [INFO] [+] Signal NEWNYM gesendet: Tor Exit-IP gewechselt.
2026-09-05 23:27:41,123 [INFO] [Cleanup] Fahre Cyberdeck Tor Suite herunter...
2026-09-05 23:27:41,124 [INFO] Deaktiviere Windows-Systemproxy...
2026-09-05 23:27:41,358 [INFO] [+] Windows-Systemproxy erfolgreich deaktiviert.
2026-09-05 23:27:41,359 [INFO] Entferne temporäre Windows-Firewall-Regeln...
2026-09-05 23:27:43,027 [INFO] [+] Windows-Firewall-Regeln sauber gelöscht.
2026-09-05 23:27:43,071 [INFO] [+] DNS-Redirect-Tabelle erfolgreich entfernt.
2026-09-05 23:27:43,087 [INFO] [+] nftables Kill-Switch Tabelle erfolgreich gelöscht.
2026-09-05 23:27:43,091 [INFO] [+] Ursprüngliche /etc/resolv.conf wiederhergestellt.
2026-09-05 23:27:43,092 [INFO] Stoppe Privoxy-Dienst...
2026-09-05 23:27:43,094 [INFO] [+] Privoxy sauber beendet.
2026-09-05 23:27:43,094 [INFO] Stoppe Tor-Prozess und IP-Changer...
2026-09-05 23:27:43,216 [INFO] [+] Tor-Prozess sauber beendet.
2026-09-05 23:27:43,217 [INFO] Stoppe tor@default...
2026-09-05 23:27:43,223 [INFO] Prüfe auf verwaiste Tor-Prozesse und gebe Ports frei...
2026-09-05 23:27:43,733 [INFO] [+] tor@default beendet.
2026-09-05 23:27:43,734 [INFO] Unmounte RAM-Disk unter /mnt/tor_ramdisk...
2026-09-05 23:27:43,756 [INFO] [+] RAM-Disk sauber unmountet und Spuren beseitigt.
2026-09-05 23:27:43,757 [INFO] [+] Shutdown abgeschlossen. Sämtliche temporären Daten wurden aus dem RAM gelöscht.
2026-09-05 23:41:17,748 [INFO] [Eingabe] Prüfe Systemvoraussetzungen...
2026-09-05 23:41:17,752 [INFO] [+] Systemcheck erfolgreich. WSL-IP ermittelt: 172.23.220.58
2026-09-05 23:41:17,752 [INFO] [Verarbeitung] Initialisiere 256MB RAM-Disk (tmpfs)...
2026-09-05 23:41:17,753 [INFO] Mounte 256MB tmpfs auf /mnt/tor_ramdisk...
2026-09-05 23:41:17,756 [INFO] [+] RAM-Disk erfolgreich gemountet.
2026-09-05 23:41:17,757 [INFO] [+] Unterstrukturen für Tor (/mnt/tor_ramdisk/tor_data) und Privoxy (/mnt/tor_ramdisk/privoxy) vorbereitet.
2026-09-05 23:41:17,757 [INFO] [Verarbeitung] Erzeuge dynamische Konfigurationsdateien in der RAM-Disk...
2026-09-05 23:41:17,761 [INFO] [+] Dynamische torrc erfolgreich in RAM-Disk erzeugt: /mnt/tor_ramdisk/torrc
2026-09-05 23:41:17,765 [INFO] [+] Gehärtete Privoxy-Config in RAM-Disk erzeugt: /mnt/tor_ramdisk/privoxy.conf
2026-09-05 23:41:17,765 [INFO] [Verarbeitung] Wende strikte POSIX-Sicherheitsrechte an...
2026-09-05 23:41:17,766 [INFO] Setze strikte Dateirechte & erstelle Systempfade...
2026-09-05 23:41:17,766 [INFO] [+] Pfad /mnt/tor_ramdisk/torrc mit Rechte 0600 & User-UID 136 vorbereitet.
2026-09-05 23:41:17,766 [INFO] [Verarbeitung] Konfiguriere Windows Defender Firewall-Regeln...
2026-09-05 23:41:17,767 [INFO] Konfiguriere Windows-Firewall-Regeln für Ports 8118 (Privoxy) & 8443 (ORPort)...
2026-09-05 23:41:19,502 [INFO] [+] Firewall-Regeln erfolgreich gesetzt (8118 & 8443 TCP).
2026-09-05 23:41:19,504 [INFO] [Verarbeitung] Aktiviere DNS-Leak-Schutz (Redirect 53->5353) & nftables Kill-Switch...
2026-09-05 23:41:19,507 [INFO] [+] /etc/resolv.conf gehärtet und auf lokalen Tor-DNS umgeleitet.
2026-09-05 23:41:19,510 [INFO] [+] DNS-Redirect aktiv: jeder Port-53-Aufruf -> Tor-DNSPort 5353 (kein DNS-Leak).
2026-09-05 23:41:19,513 [INFO] [+] nftables Kill-Switch aktiv (Exklusiver Outbound für Tor-UID 136, DNS-Port 5353).
2026-09-05 23:41:19,514 [INFO] [Verarbeitung] Bereinige verwaiste Tor-Prozesse und aktiviere Tor-Dienst...
2026-09-05 23:41:19,514 [INFO] Stoppe System-Tor-Instanz (tor@default)...
2026-09-05 23:41:19,521 [INFO] Prüfe auf verwaiste Tor-Prozesse und gebe Ports frei...
2026-09-05 23:41:20,030 [INFO] [+] System-Tor gestoppt – Ports frei für den Suite-eigenen Tor (RAM-Disk).
2026-09-05 23:41:20,031 [INFO] [Verarbeitung] Starte Tor-Dienst und Stealth-Relay...
2026-09-05 23:41:20,035 [INFO] [+] Dynamische torrc erfolgreich in RAM-Disk erzeugt: /mnt/tor_ramdisk/torrc
2026-09-05 23:41:20,038 [INFO] Starte Tor als direkten Prozess: tor -f /mnt/tor_ramdisk/torrc
2026-09-05 23:41:22,038 [INFO] Warte auf Tor-Bootstrap (kann bei europäischen Exit-Nodes einen Moment dauern)...
2026-09-05 23:41:38,027 [INFO] [+] Tor erfolgreich gestartet und zu 100% bootstrapped.
2026-09-05 23:41:38,028 [INFO] [*] IP-Changer gestartet (Rotation alle 60 Sekunden).
2026-09-05 23:41:38,033 [INFO] [Verarbeitung] Starte gehärteten Privoxy-Proxy...
2026-09-05 23:41:38,038 [INFO] [+] Gehärtete Privoxy-Config in RAM-Disk erzeugt: /mnt/tor_ramdisk/privoxy.conf
2026-09-05 23:41:38,038 [INFO] Starte Privoxy als direkten Prozess mit RAM-Disk-Config...
2026-09-05 23:41:39,541 [INFO] [+] Privoxy erfolgreich gestartet (Hört auf 0.0.0.0:8118).
2026-09-05 23:41:39,541 [INFO] [Ausgabe] Aktiviere Windows-Systemproxy...
2026-09-05 23:41:39,542 [INFO] Setze Windows-Systemproxy auf 172.23.220.58:8118...
2026-09-05 23:41:39,772 [INFO] [+] Windows-Systemproxy erfolgreich aktiviert (172.23.220.58:8118).
2026-09-05 23:41:39,773 [INFO] [SUCCESS] Tor Suite ist aktiv!
2026-09-05 23:41:39,774 [INFO]  - Privoxy Proxy: 172.23.220.58:8118
2026-09-05 23:41:39,775 [INFO]  - Tor Relay ORPort: 8443
2026-09-05 23:41:39,775 [INFO]  - IP-Rotation: Alle 60 Sekunden
2026-09-05 23:41:39,776 [INFO]  - Spurenschutz: Aktive 256MB RAM-Disk (tmpfs) + nftables Kill-Switch
2026-09-05 23:42:38,046 [INFO] [+] Signal NEWNYM gesendet: Tor Exit-IP gewechselt.
2026-09-05 23:43:38,060 [INFO] [+] Signal NEWNYM gesendet: Tor Exit-IP gewechselt.
2026-09-05 23:44:38,075 [INFO] [+] Signal NEWNYM gesendet: Tor Exit-IP gewechselt.
2026-09-05 23:45:38,104 [INFO] [+] Signal NEWNYM gesendet: Tor Exit-IP gewechselt.
2026-09-05 23:46:38,123 [INFO] [+] Signal NEWNYM gesendet: Tor Exit-IP gewechselt.
2026-09-05 23:46:46,706 [INFO] [Cleanup] Fahre Cyberdeck Tor Suite herunter...
2026-09-05 23:46:46,707 [INFO] Deaktiviere Windows-Systemproxy...
2026-09-05 23:46:46,942 [INFO] [+] Windows-Systemproxy erfolgreich deaktiviert.
2026-09-05 23:46:46,944 [INFO] Entferne temporäre Windows-Firewall-Regeln...
2026-09-05 23:46:48,629 [INFO] [+] Windows-Firewall-Regeln sauber gelöscht.
2026-09-05 23:46:48,669 [INFO] [+] DNS-Redirect-Tabelle erfolgreich entfernt.
2026-09-05 23:46:48,693 [INFO] [+] nftables Kill-Switch Tabelle erfolgreich gelöscht.
2026-09-05 23:46:48,698 [INFO] [+] Ursprüngliche /etc/resolv.conf wiederhergestellt.
2026-09-05 23:46:48,698 [INFO] Stoppe Privoxy-Dienst...
2026-09-05 23:46:48,700 [INFO] [+] Privoxy sauber beendet.
2026-09-05 23:46:48,700 [INFO] Stoppe Tor-Prozess und IP-Changer...
2026-09-05 23:46:48,822 [INFO] [+] Tor-Prozess sauber beendet.
2026-09-05 23:46:48,823 [INFO] Stoppe tor@default...
2026-09-05 23:46:48,829 [INFO] Prüfe auf verwaiste Tor-Prozesse und gebe Ports frei...
2026-09-05 23:46:49,340 [INFO] [+] tor@default beendet.
2026-09-05 23:46:49,341 [INFO] Unmounte RAM-Disk unter /mnt/tor_ramdisk...
2026-09-05 23:46:49,362 [INFO] [+] RAM-Disk sauber unmountet und Spuren beseitigt.
2026-09-05 23:46:49,363 [INFO] [+] Shutdown abgeschlossen. Sämtliche temporären Daten wurden aus dem RAM gelöscht.
2026-09-06 00:27:39,716 [INFO] [Eingabe] Prüfe Systemvoraussetzungen...
2026-09-06 00:27:39,719 [INFO] [+] Systemcheck erfolgreich. WSL-IP ermittelt: 172.23.220.58
2026-09-06 00:27:39,719 [INFO] [Verarbeitung] Initialisiere 256MB RAM-Disk (tmpfs)...
2026-09-06 00:27:39,721 [INFO] Mounte 256MB tmpfs auf /mnt/tor_ramdisk...
2026-09-06 00:27:39,723 [INFO] [+] RAM-Disk erfolgreich gemountet.
2026-09-06 00:27:39,725 [INFO] [+] Unterstrukturen für Tor (/mnt/tor_ramdisk/tor_data) und Privoxy (/mnt/tor_ramdisk/privoxy) vorbereitet.
2026-09-06 00:27:39,725 [INFO] [Verarbeitung] Erzeuge dynamische Konfigurationsdateien in der RAM-Disk...
2026-09-06 00:27:39,966 [INFO] [+] Dynamische torrc erfolgreich in RAM-Disk erzeugt: /mnt/tor_ramdisk/torrc
2026-09-06 00:27:39,970 [INFO] [+] Gehärtete Privoxy-Config in RAM-Disk erzeugt: /mnt/tor_ramdisk/privoxy.conf
2026-09-06 00:27:39,971 [INFO] [Verarbeitung] Wende strikte POSIX-Sicherheitsrechte an...
2026-09-06 00:27:39,971 [INFO] Setze strikte Dateirechte & erstelle Systempfade...
2026-09-06 00:27:39,972 [INFO] [+] Pfad /mnt/tor_ramdisk/torrc mit Rechte 0600 & User-UID 136 vorbereitet.
2026-09-06 00:27:39,972 [INFO] [Verarbeitung] Konfiguriere Windows Defender Firewall-Regeln...
2026-09-06 00:27:39,973 [INFO] Konfiguriere Windows-Firewall-Regeln für Ports 8118 (Privoxy) & 8443 (ORPort)...
2026-09-06 00:27:41,815 [INFO] [+] Firewall-Regeln erfolgreich gesetzt (8118 & 8443 TCP).
2026-09-06 00:27:41,816 [INFO] [Verarbeitung] Aktiviere DNS-Leak-Schutz (Redirect 53->5353) & nftables Kill-Switch...
2026-09-06 00:27:41,820 [INFO] [+] /etc/resolv.conf gehärtet und auf lokalen Tor-DNS umgeleitet.
2026-09-06 00:27:41,827 [INFO] [+] DNS-Redirect aktiv: jeder Port-53-Aufruf -> Tor-DNSPort 5353 (kein DNS-Leak).
2026-09-06 00:27:41,831 [INFO] [+] nftables Kill-Switch aktiv (Exklusiver Outbound für Tor-UID 136, DNS-Port 5353).
2026-09-06 00:27:41,832 [INFO] [Verarbeitung] Bereinige verwaiste Tor-Prozesse und aktiviere Tor-Dienst...
2026-09-06 00:27:41,832 [INFO] Stoppe System-Tor-Instanz (tor@default)...
2026-09-06 00:27:41,840 [INFO] Prüfe auf verwaiste Tor-Prozesse und gebe Ports frei...
2026-09-06 00:27:42,349 [INFO] [+] System-Tor gestoppt – Ports frei für den Suite-eigenen Tor (RAM-Disk).
2026-09-06 00:27:42,350 [INFO] [Verarbeitung] Starte Tor-Dienst und Stealth-Relay...
2026-09-06 00:27:42,355 [INFO] [+] Dynamische torrc erfolgreich in RAM-Disk erzeugt: /mnt/tor_ramdisk/torrc
2026-09-06 00:27:42,357 [INFO] Starte Tor als direkten Prozess: tor -f /mnt/tor_ramdisk/torrc
2026-09-06 00:27:44,359 [INFO] Warte auf Tor-Bootstrap (kann bei europäischen Exit-Nodes einen Moment dauern)...
2026-09-06 00:28:02,353 [INFO] [+] Tor erfolgreich gestartet und zu 100% bootstrapped.
2026-09-06 00:28:02,354 [INFO] [*] IP-Changer gestartet (Rotation alle 60 Sekunden).
2026-09-06 00:28:02,359 [INFO] [Verarbeitung] Starte gehärteten Privoxy-Proxy...
2026-09-06 00:28:02,364 [INFO] [+] Gehärtete Privoxy-Config in RAM-Disk erzeugt: /mnt/tor_ramdisk/privoxy.conf
2026-09-06 00:28:02,364 [INFO] Starte Privoxy als direkten Prozess mit RAM-Disk-Config...
2026-09-06 00:28:03,868 [INFO] [+] Privoxy erfolgreich gestartet (Hört auf 0.0.0.0:8118).
2026-09-06 00:28:03,869 [INFO] [Ausgabe] Aktiviere Windows-Systemproxy...
2026-09-06 00:28:03,869 [INFO] Setze Windows-Systemproxy auf 172.23.220.58:8118...
2026-09-06 00:28:04,115 [INFO] [+] Windows-Systemproxy erfolgreich aktiviert (172.23.220.58:8118).
2026-09-06 00:28:04,117 [INFO] [SUCCESS] Tor Suite ist aktiv!
2026-09-06 00:28:04,118 [INFO]  - Privoxy Proxy: 172.23.220.58:8118
2026-09-06 00:28:04,119 [INFO]  - Tor Relay ORPort: 8443
2026-09-06 00:28:04,119 [INFO]  - IP-Rotation: Alle 60 Sekunden
2026-09-06 00:28:04,120 [INFO]  - Spurenschutz: Aktive 256MB RAM-Disk (tmpfs) + nftables Kill-Switch
2026-09-06 00:28:49,518 [INFO] [Cleanup] Fahre Cyberdeck Tor Suite herunter...
2026-09-06 00:28:49,519 [INFO] Deaktiviere Windows-Systemproxy...
2026-09-06 00:28:49,761 [INFO] [+] Windows-Systemproxy erfolgreich deaktiviert.
2026-09-06 00:28:49,761 [INFO] Entferne temporäre Windows-Firewall-Regeln...
2026-09-06 00:28:51,431 [INFO] [+] Windows-Firewall-Regeln sauber gelöscht.
2026-09-06 00:28:51,466 [INFO] [+] DNS-Redirect-Tabelle erfolgreich entfernt.
2026-09-06 00:28:51,478 [INFO] [+] nftables Kill-Switch Tabelle erfolgreich gelöscht.
2026-09-06 00:28:51,480 [INFO] [+] Ursprüngliche /etc/resolv.conf wiederhergestellt.
2026-09-06 00:28:51,480 [INFO] Stoppe Privoxy-Dienst...
2026-09-06 00:28:51,481 [INFO] [+] Privoxy sauber beendet.
2026-09-06 00:28:51,482 [INFO] Stoppe Tor-Prozess und IP-Changer...
2026-09-06 00:28:53,959 [INFO] [+] Tor-Prozess sauber beendet.
2026-09-06 00:28:53,959 [INFO] Stoppe tor@default...
2026-09-06 00:28:53,966 [INFO] Prüfe auf verwaiste Tor-Prozesse und gebe Ports frei...
2026-09-06 00:28:54,477 [INFO] [+] tor@default beendet.
2026-09-06 00:28:54,478 [INFO] Unmounte RAM-Disk unter /mnt/tor_ramdisk...
2026-09-06 00:28:54,498 [INFO] [+] RAM-Disk sauber unmountet und Spuren beseitigt.
2026-09-06 00:28:54,499 [INFO] [+] Shutdown abgeschlossen. Sämtliche temporären Daten wurden aus dem RAM gelöscht.
2026-09-06 00:31:15,395 [INFO] [Eingabe] Prüfe Systemvoraussetzungen...
2026-09-06 00:31:15,401 [INFO] [+] Systemcheck erfolgreich. WSL-IP ermittelt: 172.23.220.58
2026-09-06 00:31:15,401 [INFO] [Verarbeitung] Initialisiere 256MB RAM-Disk (tmpfs)...
2026-09-06 00:31:15,403 [INFO] Mounte 256MB tmpfs auf /mnt/tor_ramdisk...
2026-09-06 00:31:15,406 [INFO] [+] RAM-Disk erfolgreich gemountet.
2026-09-06 00:31:15,407 [INFO] [+] Unterstrukturen für Tor (/mnt/tor_ramdisk/tor_data) und Privoxy (/mnt/tor_ramdisk/privoxy) vorbereitet.
2026-09-06 00:31:15,408 [INFO] [Verarbeitung] Erzeuge dynamische Konfigurationsdateien in der RAM-Disk...
2026-09-06 00:31:15,684 [INFO] [+] Dynamische torrc erfolgreich in RAM-Disk erzeugt: /mnt/tor_ramdisk/torrc
2026-09-06 00:31:15,690 [INFO] [+] Gehärtete Privoxy-Config in RAM-Disk erzeugt: /mnt/tor_ramdisk/privoxy.conf
2026-09-06 00:31:15,690 [INFO] [Verarbeitung] Wende strikte POSIX-Sicherheitsrechte an...
2026-09-06 00:31:15,691 [INFO] Setze strikte Dateirechte & erstelle Systempfade...
2026-09-06 00:31:15,691 [INFO] [+] Pfad /mnt/tor_ramdisk/torrc mit Rechte 0600 & User-UID 136 vorbereitet.
2026-09-06 00:31:15,692 [INFO] [Verarbeitung] Konfiguriere Windows Defender Firewall-Regeln...
2026-09-06 00:31:15,692 [INFO] Konfiguriere Windows-Firewall-Regeln für Ports 8118 (Privoxy) & 8443 (ORPort)...
2026-09-06 00:31:17,597 [INFO] [+] Firewall-Regeln erfolgreich gesetzt (8118 & 8443 TCP).
2026-09-06 00:31:17,598 [INFO] [Verarbeitung] Aktiviere DNS-Leak-Schutz (Redirect 53->5353) & nftables Kill-Switch...
2026-09-06 00:31:17,603 [INFO] [+] /etc/resolv.conf gehärtet und auf lokalen Tor-DNS umgeleitet.
2026-09-06 00:31:17,612 [INFO] [+] DNS-Redirect aktiv: jeder Port-53-Aufruf -> Tor-DNSPort 5353 (kein DNS-Leak).
2026-09-06 00:31:17,616 [INFO] [+] nftables Kill-Switch aktiv (Exklusiver Outbound für Tor-UID 136, DNS-Port 5353).
2026-09-06 00:31:17,617 [INFO] [Verarbeitung] Bereinige verwaiste Tor-Prozesse und aktiviere Tor-Dienst...
2026-09-06 00:31:17,617 [INFO] Stoppe System-Tor-Instanz (tor@default)...
2026-09-06 00:31:17,625 [INFO] Prüfe auf verwaiste Tor-Prozesse und gebe Ports frei...
2026-09-06 00:31:18,135 [INFO] [+] System-Tor gestoppt – Ports frei für den Suite-eigenen Tor (RAM-Disk).
2026-09-06 00:31:18,136 [INFO] [Verarbeitung] Starte Tor-Dienst und Stealth-Relay...
2026-09-06 00:31:18,141 [INFO] [+] Dynamische torrc erfolgreich in RAM-Disk erzeugt: /mnt/tor_ramdisk/torrc
2026-09-06 00:31:18,143 [INFO] Starte Tor als direkten Prozess: tor -f /mnt/tor_ramdisk/torrc
2026-09-06 00:31:20,144 [INFO] Warte auf Tor-Bootstrap (kann bei europäischen Exit-Nodes einen Moment dauern)...
2026-09-06 00:31:41,789 [INFO] [+] Tor erfolgreich gestartet und zu 100% bootstrapped.
2026-09-06 00:31:41,790 [INFO] [*] IP-Changer gestartet (Rotation alle 60 Sekunden).
2026-09-06 00:31:41,796 [INFO] [Verarbeitung] Starte gehärteten Privoxy-Proxy...
2026-09-06 00:31:41,800 [INFO] [+] Gehärtete Privoxy-Config in RAM-Disk erzeugt: /mnt/tor_ramdisk/privoxy.conf
2026-09-06 00:31:41,800 [INFO] Starte Privoxy als direkten Prozess mit RAM-Disk-Config...
2026-09-06 00:31:43,303 [INFO] [+] Privoxy erfolgreich gestartet (Hört auf 0.0.0.0:8118).
2026-09-06 00:31:43,304 [INFO] [Ausgabe] Aktiviere Windows-Systemproxy...
2026-09-06 00:31:43,304 [INFO] Setze Windows-Systemproxy auf 172.23.220.58:8118...
2026-09-06 00:31:43,518 [INFO] [+] Windows-Systemproxy erfolgreich aktiviert (172.23.220.58:8118).
2026-09-06 00:31:43,519 [INFO] [SUCCESS] Tor Suite ist aktiv!
2026-09-06 00:31:43,519 [INFO]  - Privoxy Proxy: 172.23.220.58:8118
2026-09-06 00:31:43,520 [INFO]  - Tor Relay ORPort: 8443
2026-09-06 00:31:43,520 [INFO]  - IP-Rotation: Alle 60 Sekunden
2026-09-06 00:31:43,520 [INFO]  - Spurenschutz: Aktive 256MB RAM-Disk (tmpfs) + nftables Kill-Switch
2026-09-06 00:32:41,810 [INFO] [+] Signal NEWNYM gesendet: Tor Exit-IP gewechselt.
2026-09-06 00:33:41,827 [INFO] [+] Signal NEWNYM gesendet: Tor Exit-IP gewechselt.
2026-09-06 00:34:41,842 [INFO] [+] Signal NEWNYM gesendet: Tor Exit-IP gewechselt.
2026-09-06 00:35:35,302 [INFO] [Cleanup] Fahre Cyberdeck Tor Suite herunter...
2026-09-06 00:35:35,303 [INFO] Deaktiviere Windows-Systemproxy...
2026-09-06 00:35:35,555 [INFO] [+] Windows-Systemproxy erfolgreich deaktiviert.
2026-09-06 00:35:35,557 [INFO] Entferne temporäre Windows-Firewall-Regeln...
2026-09-06 00:35:37,493 [INFO] [+] Windows-Firewall-Regeln sauber gelöscht.
2026-09-06 00:35:37,534 [INFO] [+] DNS-Redirect-Tabelle erfolgreich entfernt.
2026-09-06 00:35:37,550 [INFO] [+] nftables Kill-Switch Tabelle erfolgreich gelöscht.
2026-09-06 00:35:37,552 [INFO] [+] Ursprüngliche /etc/resolv.conf wiederhergestellt.
2026-09-06 00:35:37,552 [INFO] Stoppe Privoxy-Dienst...
2026-09-06 00:35:37,554 [INFO] [+] Privoxy sauber beendet.
2026-09-06 00:35:37,555 [INFO] Stoppe Tor-Prozess und IP-Changer...
2026-09-06 00:35:37,728 [INFO] [+] Tor-Prozess sauber beendet.
2026-09-06 00:35:37,728 [INFO] Stoppe tor@default...
2026-09-06 00:35:37,736 [INFO] Prüfe auf verwaiste Tor-Prozesse und gebe Ports frei...
2026-09-06 00:35:38,245 [INFO] [+] tor@default beendet.
2026-09-06 00:35:38,246 [INFO] Unmounte RAM-Disk unter /mnt/tor_ramdisk...
2026-09-06 00:35:38,267 [INFO] [+] RAM-Disk sauber unmountet und Spuren beseitigt.
2026-09-06 00:35:38,267 [INFO] [+] Shutdown abgeschlossen. Sämtliche temporären Daten wurden aus dem RAM gelöscht.
2026-09-06 00:40:29,119 [INFO] [Eingabe] Prüfe Systemvoraussetzungen...
2026-09-06 00:40:29,124 [INFO] [+] Systemcheck erfolgreich. WSL-IP ermittelt: 172.23.220.58
2026-09-06 00:40:29,125 [INFO] [Verarbeitung] Initialisiere 256MB RAM-Disk (tmpfs)...
2026-09-06 00:40:29,127 [INFO] Mounte 256MB tmpfs auf /mnt/tor_ramdisk...
2026-09-06 00:40:29,131 [INFO] [+] RAM-Disk erfolgreich gemountet.
2026-09-06 00:40:29,131 [INFO] [+] Unterstrukturen für Tor (/mnt/tor_ramdisk/tor_data) und Privoxy (/mnt/tor_ramdisk/privoxy) vorbereitet.
2026-09-06 00:40:29,133 [INFO] [Verarbeitung] Erzeuge dynamische Konfigurationsdateien in der RAM-Disk...
2026-09-06 00:40:29,401 [INFO] [+] Dynamische torrc erfolgreich in RAM-Disk erzeugt: /mnt/tor_ramdisk/torrc
2026-09-06 00:40:29,407 [INFO] [+] Gehärtete Privoxy-Config in RAM-Disk erzeugt: /mnt/tor_ramdisk/privoxy.conf
2026-09-06 00:40:29,408 [INFO] [Verarbeitung] Wende strikte POSIX-Sicherheitsrechte an...
2026-09-06 00:40:29,408 [INFO] Setze strikte Dateirechte & erstelle Systempfade...
2026-09-06 00:40:29,409 [INFO] [+] Pfad /mnt/tor_ramdisk/torrc mit Rechte 0600 & User-UID 136 vorbereitet.
2026-09-06 00:40:29,409 [INFO] [Verarbeitung] Konfiguriere Windows Defender Firewall-Regeln...
2026-09-06 00:40:29,410 [INFO] Konfiguriere Windows-Firewall-Regeln für Ports 8118 (Privoxy) & 8443 (ORPort)...
2026-09-06 00:40:31,350 [INFO] [+] Firewall-Regeln erfolgreich gesetzt (8118 & 8443 TCP).
2026-09-06 00:40:31,351 [INFO] [Verarbeitung] Aktiviere DNS-Leak-Schutz (Redirect 53->5353) & nftables Kill-Switch...
2026-09-06 00:40:31,356 [INFO] [+] /etc/resolv.conf gehärtet und auf lokalen Tor-DNS umgeleitet.
2026-09-06 00:40:31,362 [INFO] [+] DNS-Redirect aktiv: jeder Port-53-Aufruf -> Tor-DNSPort 5353 (kein DNS-Leak).
2026-09-06 00:40:31,366 [INFO] [+] nftables Kill-Switch aktiv (Exklusiver Outbound für Tor-UID 136, DNS-Port 5353).
2026-09-06 00:40:31,366 [INFO] [Verarbeitung] Bereinige verwaiste Tor-Prozesse und aktiviere Tor-Dienst...
2026-09-06 00:40:31,367 [INFO] Stoppe System-Tor-Instanz (tor@default)...
2026-09-06 00:40:31,374 [INFO] Prüfe auf verwaiste Tor-Prozesse und gebe Ports frei...
2026-09-06 00:40:31,884 [INFO] [+] System-Tor gestoppt – Ports frei für den Suite-eigenen Tor (RAM-Disk).
2026-09-06 00:40:31,885 [INFO] [Verarbeitung] Starte Tor-Dienst und Stealth-Relay...
2026-09-06 00:40:31,889 [INFO] [+] Dynamische torrc erfolgreich in RAM-Disk erzeugt: /mnt/tor_ramdisk/torrc
2026-09-06 00:40:31,892 [INFO] Starte Tor als direkten Prozess: tor -f /mnt/tor_ramdisk/torrc
2026-09-06 00:40:33,893 [INFO] Warte auf Tor-Bootstrap (kann bei europäischen Exit-Nodes einen Moment dauern)...
2026-09-06 00:40:55,739 [INFO] [+] Tor erfolgreich gestartet und zu 100% bootstrapped.
2026-09-06 00:40:55,740 [INFO] [*] IP-Changer gestartet (Rotation alle 60 Sekunden).
2026-09-06 00:40:55,746 [INFO] [Verarbeitung] Starte gehärteten Privoxy-Proxy...
2026-09-06 00:40:55,750 [INFO] [+] Gehärtete Privoxy-Config in RAM-Disk erzeugt: /mnt/tor_ramdisk/privoxy.conf
2026-09-06 00:40:55,750 [INFO] Starte Privoxy als direkten Prozess mit RAM-Disk-Config...
2026-09-06 00:40:57,253 [INFO] [+] Privoxy erfolgreich gestartet (Hört auf 0.0.0.0:8118).
2026-09-06 00:40:57,254 [INFO] [Ausgabe] Aktiviere Windows-Systemproxy...
2026-09-06 00:40:57,255 [INFO] Setze Windows-Systemproxy auf 172.23.220.58:8118...
2026-09-06 00:40:57,485 [INFO] [+] Windows-Systemproxy erfolgreich aktiviert (172.23.220.58:8118).
2026-09-06 00:40:57,485 [INFO] [SUCCESS] Tor Suite ist aktiv!
2026-09-06 00:40:57,487 [INFO]  - Privoxy Proxy: 172.23.220.58:8118
2026-09-06 00:40:57,487 [INFO]  - Tor Relay ORPort: 8443
2026-09-06 00:40:57,488 [INFO]  - IP-Rotation: Alle 60 Sekunden
2026-09-06 00:40:57,488 [INFO]  - Spurenschutz: Aktive 256MB RAM-Disk (tmpfs) + nftables Kill-Switch
2026-09-06 00:41:55,767 [INFO] [+] Signal NEWNYM gesendet: Tor Exit-IP gewechselt.
2026-09-06 00:42:55,788 [INFO] [+] Signal NEWNYM gesendet: Tor Exit-IP gewechselt.
2026-09-06 00:43:55,804 [INFO] [+] Signal NEWNYM gesendet: Tor Exit-IP gewechselt.
2026-09-06 00:44:55,819 [INFO] [+] Signal NEWNYM gesendet: Tor Exit-IP gewechselt.
2026-09-06 00:45:55,835 [INFO] [+] Signal NEWNYM gesendet: Tor Exit-IP gewechselt.
2026-09-06 00:46:55,866 [INFO] [+] Signal NEWNYM gesendet: Tor Exit-IP gewechselt.
2026-09-06 00:47:55,881 [INFO] [+] Signal NEWNYM gesendet: Tor Exit-IP gewechselt.
2026-09-06 00:48:55,898 [INFO] [+] Signal NEWNYM gesendet: Tor Exit-IP gewechselt.
2026-09-06 00:49:57,768 [INFO] [+] Signal NEWNYM gesendet: Tor Exit-IP gewechselt.
2026-09-06 00:50:57,781 [INFO] [+] Signal NEWNYM gesendet: Tor Exit-IP gewechselt.
2026-09-06 00:51:17,188 [INFO] [Cleanup] Fahre Cyberdeck Tor Suite herunter...
2026-09-06 00:51:17,189 [INFO] Deaktiviere Windows-Systemproxy...
2026-09-06 00:51:17,443 [INFO] [+] Windows-Systemproxy erfolgreich deaktiviert.
2026-09-06 00:51:17,444 [INFO] Entferne temporäre Windows-Firewall-Regeln...
2026-09-06 00:51:19,307 [INFO] [+] Windows-Firewall-Regeln sauber gelöscht.
2026-09-06 00:51:19,349 [INFO] [+] DNS-Redirect-Tabelle erfolgreich entfernt.
2026-09-06 00:51:19,373 [INFO] [+] nftables Kill-Switch Tabelle erfolgreich gelöscht.
2026-09-06 00:51:19,377 [INFO] [+] Ursprüngliche /etc/resolv.conf wiederhergestellt.
2026-09-06 00:51:19,378 [INFO] Stoppe Privoxy-Dienst...
2026-09-06 00:51:19,380 [INFO] [+] Privoxy sauber beendet.
2026-09-06 00:51:19,381 [INFO] Stoppe Tor-Prozess und IP-Changer...
2026-09-06 00:51:19,554 [INFO] [+] Tor-Prozess sauber beendet.
2026-09-06 00:51:19,554 [INFO] Stoppe tor@default...
2026-09-06 00:51:19,561 [INFO] Prüfe auf verwaiste Tor-Prozesse und gebe Ports frei...
2026-09-06 00:51:20,072 [INFO] [+] tor@default beendet.
2026-09-06 00:51:20,073 [INFO] Unmounte RAM-Disk unter /mnt/tor_ramdisk...
2026-09-06 00:51:20,095 [INFO] [+] RAM-Disk sauber unmountet und Spuren beseitigt.
2026-09-06 00:51:20,095 [INFO] [+] Shutdown abgeschlossen. Sämtliche temporären Daten wurden aus dem RAM gelöscht.
2026-09-06 00:58:46,715 [INFO] [Eingabe] Prüfe Systemvoraussetzungen...
2026-09-06 00:58:46,719 [INFO] [+] Systemcheck erfolgreich. WSL-IP ermittelt: 172.23.220.58
2026-09-06 00:58:46,720 [INFO] [Verarbeitung] Initialisiere 256MB RAM-Disk (tmpfs)...
2026-09-06 00:58:46,722 [INFO] Mounte 256MB tmpfs auf /mnt/tor_ramdisk...
2026-09-06 00:58:46,726 [INFO] [+] RAM-Disk erfolgreich gemountet.
2026-09-06 00:58:46,727 [INFO] [+] Unterstrukturen für Tor (/mnt/tor_ramdisk/tor_data) und Privoxy (/mnt/tor_ramdisk/privoxy) vorbereitet.
2026-09-06 00:58:46,728 [INFO] [Verarbeitung] Erzeuge dynamische Konfigurationsdateien in der RAM-Disk...
2026-09-06 00:58:46,972 [INFO] [+] Dynamische torrc erfolgreich in RAM-Disk erzeugt: /mnt/tor_ramdisk/torrc
2026-09-06 00:58:46,977 [INFO] [+] Gehärtete Privoxy-Config in RAM-Disk erzeugt: /mnt/tor_ramdisk/privoxy.conf
2026-09-06 00:58:46,978 [INFO] [Verarbeitung] Wende strikte POSIX-Sicherheitsrechte an...
2026-09-06 00:58:46,979 [INFO] Setze strikte Dateirechte & erstelle Systempfade...
2026-09-06 00:58:46,980 [INFO] [+] Pfad /mnt/tor_ramdisk/torrc mit Rechte 0600 & User-UID 136 vorbereitet.
2026-09-06 00:58:46,981 [INFO] [Verarbeitung] Konfiguriere Windows Defender Firewall-Regeln...
2026-09-06 00:58:46,982 [INFO] Konfiguriere Windows-Firewall-Regeln für Ports 8118 (Privoxy) & 8443 (ORPort)...
2026-09-06 00:58:48,708 [INFO] [+] Firewall-Regeln erfolgreich gesetzt (8118 & 8443 TCP).
2026-09-06 00:58:48,709 [INFO] [Verarbeitung] Aktiviere DNS-Leak-Schutz (Redirect 53->5353) & nftables Kill-Switch...
2026-09-06 00:58:48,713 [INFO] [+] /etc/resolv.conf gehärtet und auf lokalen Tor-DNS umgeleitet.
2026-09-06 00:58:48,716 [INFO] [+] DNS-Redirect aktiv: jeder Port-53-Aufruf -> Tor-DNSPort 5353 (kein DNS-Leak).
2026-09-06 00:58:48,720 [INFO] [+] nftables Kill-Switch aktiv (Exklusiver Outbound für Tor-UID 136, DNS-Port 5353).
2026-09-06 00:58:48,721 [INFO] [Verarbeitung] Bereinige verwaiste Tor-Prozesse und aktiviere Tor-Dienst...
2026-09-06 00:58:48,722 [INFO] Stoppe System-Tor-Instanz (tor@default)...
2026-09-06 00:58:48,728 [INFO] Prüfe auf verwaiste Tor-Prozesse und gebe Ports frei...
2026-09-06 00:58:49,238 [INFO] [+] System-Tor gestoppt – Ports frei für den Suite-eigenen Tor (RAM-Disk).
2026-09-06 00:58:49,239 [INFO] [Verarbeitung] Starte Tor-Dienst und Stealth-Relay...
2026-09-06 00:58:49,243 [INFO] [+] Dynamische torrc erfolgreich in RAM-Disk erzeugt: /mnt/tor_ramdisk/torrc
2026-09-06 00:58:49,246 [INFO] Starte Tor als direkten Prozess: tor -f /mnt/tor_ramdisk/torrc
2026-09-06 00:58:51,247 [INFO] Warte auf Tor-Bootstrap (kann bei europäischen Exit-Nodes einen Moment dauern)...
2026-09-06 00:59:13,808 [INFO] [+] Tor erfolgreich gestartet und zu 100% bootstrapped.
2026-09-06 00:59:13,809 [INFO] [*] IP-Changer gestartet (Rotation alle 60 Sekunden).
2026-09-06 00:59:13,814 [INFO] [Verarbeitung] Starte gehärteten Privoxy-Proxy...
2026-09-06 00:59:13,819 [INFO] [+] Gehärtete Privoxy-Config in RAM-Disk erzeugt: /mnt/tor_ramdisk/privoxy.conf
2026-09-06 00:59:13,820 [INFO] Starte Privoxy als direkten Prozess mit RAM-Disk-Config...
2026-09-06 00:59:15,323 [INFO] [+] Privoxy erfolgreich gestartet (Hört auf 0.0.0.0:8118).
2026-09-06 00:59:15,324 [INFO] [Ausgabe] Aktiviere Windows-Systemproxy...
2026-09-06 00:59:15,325 [INFO] Setze Windows-Systemproxy auf 172.23.220.58:8118...
2026-09-06 00:59:15,553 [INFO] [+] Windows-Systemproxy erfolgreich aktiviert (172.23.220.58:8118).
2026-09-06 00:59:15,554 [INFO] [SUCCESS] Tor Suite ist aktiv!
2026-09-06 00:59:15,556 [INFO]  - Privoxy Proxy: 172.23.220.58:8118
2026-09-06 00:59:15,557 [INFO]  - Tor Relay ORPort: 8443
2026-09-06 00:59:15,557 [INFO]  - IP-Rotation: Alle 60 Sekunden
2026-09-06 00:59:15,558 [INFO]  - Spurenschutz: Aktive 256MB RAM-Disk (tmpfs) + nftables Kill-Switch
2026-09-06 01:00:13,832 [INFO] [+] Signal NEWNYM gesendet: Tor Exit-IP gewechselt.
2026-09-06 01:00:17,739 [INFO] [Cleanup] Fahre Cyberdeck Tor Suite herunter...
2026-09-06 01:00:17,740 [INFO] Deaktiviere Windows-Systemproxy...
2026-09-06 01:00:17,984 [INFO] [+] Windows-Systemproxy erfolgreich deaktiviert.
2026-09-06 01:00:17,985 [INFO] Entferne temporäre Windows-Firewall-Regeln...
2026-09-06 01:00:19,707 [INFO] [+] Windows-Firewall-Regeln sauber gelöscht.
2026-09-06 01:00:19,733 [INFO] [+] DNS-Redirect-Tabelle erfolgreich entfernt.
2026-09-06 01:00:19,749 [INFO] [+] nftables Kill-Switch Tabelle erfolgreich gelöscht.
2026-09-06 01:00:19,753 [INFO] [+] Ursprüngliche /etc/resolv.conf wiederhergestellt.
2026-09-06 01:00:19,754 [INFO] Stoppe Privoxy-Dienst...
2026-09-06 01:00:19,757 [INFO] [+] Privoxy sauber beendet.
2026-09-06 01:00:19,758 [INFO] Stoppe Tor-Prozess und IP-Changer...
2026-09-06 01:00:19,933 [INFO] [+] Tor-Prozess sauber beendet.
2026-09-06 01:00:19,934 [INFO] Stoppe tor@default...
2026-09-06 01:00:19,941 [INFO] Prüfe auf verwaiste Tor-Prozesse und gebe Ports frei...
2026-09-06 01:00:20,457 [INFO] [+] tor@default beendet.
2026-09-06 01:00:20,458 [INFO] Unmounte RAM-Disk unter /mnt/tor_ramdisk...
2026-09-06 01:00:20,480 [INFO] [+] RAM-Disk sauber unmountet und Spuren beseitigt.
2026-09-06 01:00:20,481 [INFO] [+] Shutdown abgeschlossen. Sämtliche temporären Daten wurden aus dem RAM gelöscht.
2026-09-06 01:03:22,902 [INFO] [Eingabe] Prüfe Systemvoraussetzungen...
2026-09-06 01:03:22,906 [INFO] [+] Systemcheck erfolgreich. WSL-IP ermittelt: 172.23.220.58
2026-09-06 01:03:22,908 [INFO] [Verarbeitung] Initialisiere 256MB RAM-Disk (tmpfs)...
2026-09-06 01:03:22,910 [INFO] Mounte 256MB tmpfs auf /mnt/tor_ramdisk...
2026-09-06 01:03:22,914 [INFO] [+] RAM-Disk erfolgreich gemountet.
2026-09-06 01:03:22,915 [INFO] [+] Unterstrukturen für Tor (/mnt/tor_ramdisk/tor_data) und Privoxy (/mnt/tor_ramdisk/privoxy) vorbereitet.
2026-09-06 01:03:22,916 [INFO] [Verarbeitung] Erzeuge dynamische Konfigurationsdateien in der RAM-Disk...
2026-09-06 01:03:23,180 [INFO] [+] Dynamische torrc erfolgreich in RAM-Disk erzeugt: /mnt/tor_ramdisk/torrc
2026-09-06 01:03:23,185 [INFO] [+] Gehärtete Privoxy-Config in RAM-Disk erzeugt: /mnt/tor_ramdisk/privoxy.conf
2026-09-06 01:03:23,186 [INFO] [Verarbeitung] Wende strikte POSIX-Sicherheitsrechte an...
2026-09-06 01:03:23,187 [INFO] Setze strikte Dateirechte & erstelle Systempfade...
2026-09-06 01:03:23,188 [INFO] [+] Pfad /mnt/tor_ramdisk/torrc mit Rechte 0600 & User-UID 136 vorbereitet.
2026-09-06 01:03:23,190 [INFO] [Verarbeitung] Konfiguriere Windows Defender Firewall-Regeln...
2026-09-06 01:03:23,191 [INFO] Konfiguriere Windows-Firewall-Regeln für Ports 8118 (Privoxy) & 8443 (ORPort)...
2026-09-06 01:03:25,012 [INFO] [+] Firewall-Regeln erfolgreich gesetzt (8118 & 8443 TCP).
2026-09-06 01:03:25,013 [INFO] [Verarbeitung] Aktiviere DNS-Leak-Schutz (Redirect 53->5353) & nftables Kill-Switch...
2026-09-06 01:03:25,016 [INFO] [+] /etc/resolv.conf gehärtet und auf lokalen Tor-DNS umgeleitet.
2026-09-06 01:03:25,020 [INFO] [+] DNS-Redirect aktiv: jeder Port-53-Aufruf -> Tor-DNSPort 5353 (kein DNS-Leak).
2026-09-06 01:03:25,026 [INFO] [+] nftables Kill-Switch aktiv (Exklusiver Outbound für Tor-UID 136, DNS-Port 5353).
2026-09-06 01:03:25,027 [INFO] [Verarbeitung] Bereinige verwaiste Tor-Prozesse und aktiviere Tor-Dienst...
2026-09-06 01:03:25,028 [INFO] Stoppe System-Tor-Instanz (tor@default)...
2026-09-06 01:03:25,035 [INFO] Prüfe auf verwaiste Tor-Prozesse und gebe Ports frei...
2026-09-06 01:03:25,549 [INFO] [+] System-Tor gestoppt – Ports frei für den Suite-eigenen Tor (RAM-Disk).
2026-09-06 01:03:25,550 [INFO] [Verarbeitung] Starte Tor-Dienst und Stealth-Relay...
2026-09-06 01:03:25,555 [INFO] [+] Dynamische torrc erfolgreich in RAM-Disk erzeugt: /mnt/tor_ramdisk/torrc
2026-09-06 01:03:25,558 [INFO] Starte Tor als direkten Prozess: tor -f /mnt/tor_ramdisk/torrc
2026-09-06 01:03:27,559 [INFO] Warte auf Tor-Bootstrap (kann bei europäischen Exit-Nodes einen Moment dauern)...
2026-09-06 01:03:43,834 [INFO] [+] Tor erfolgreich gestartet und zu 100% bootstrapped.
2026-09-06 01:03:43,835 [INFO] [*] IP-Changer gestartet (Rotation alle 60 Sekunden).
2026-09-06 01:03:43,841 [INFO] [Verarbeitung] Starte gehärteten Privoxy-Proxy...
2026-09-06 01:03:43,846 [INFO] [+] Gehärtete Privoxy-Config in RAM-Disk erzeugt: /mnt/tor_ramdisk/privoxy.conf
2026-09-06 01:03:43,847 [INFO] Starte Privoxy als direkten Prozess mit RAM-Disk-Config...
2026-09-06 01:03:45,350 [INFO] [+] Privoxy erfolgreich gestartet (Hört auf 0.0.0.0:8118).
2026-09-06 01:03:45,351 [INFO] [Ausgabe] Aktiviere Windows-Systemproxy...
2026-09-06 01:03:45,352 [INFO] Setze Windows-Systemproxy auf 172.23.220.58:8118...
2026-09-06 01:03:45,583 [INFO] [+] Windows-Systemproxy erfolgreich aktiviert (172.23.220.58:8118).
2026-09-06 01:03:45,584 [INFO] [SUCCESS] Tor Suite ist aktiv!
2026-09-06 01:03:45,585 [INFO]  - Privoxy Proxy: 172.23.220.58:8118
2026-09-06 01:03:45,586 [INFO]  - Tor Relay ORPort: 8443
2026-09-06 01:03:45,586 [INFO]  - IP-Rotation: Alle 60 Sekunden
2026-09-06 01:03:45,587 [INFO]  - Spurenschutz: Aktive 256MB RAM-Disk (tmpfs) + nftables Kill-Switch
2026-09-06 01:04:43,855 [INFO] [+] Signal NEWNYM gesendet: Tor Exit-IP gewechselt.
2026-09-06 01:05:30,059 [INFO] [Cleanup] Fahre Cyberdeck Tor Suite herunter...
2026-09-06 01:05:30,060 [INFO] Deaktiviere Windows-Systemproxy...
2026-09-06 01:05:30,306 [INFO] [+] Windows-Systemproxy erfolgreich deaktiviert.
2026-09-06 01:05:30,308 [INFO] Entferne temporäre Windows-Firewall-Regeln...
2026-09-06 01:05:32,042 [INFO] [+] Windows-Firewall-Regeln sauber gelöscht.
2026-09-06 01:05:32,070 [INFO] [+] DNS-Redirect-Tabelle erfolgreich entfernt.
2026-09-06 01:05:32,089 [INFO] [+] nftables Kill-Switch Tabelle erfolgreich gelöscht.
2026-09-06 01:05:32,092 [INFO] [+] Ursprüngliche /etc/resolv.conf wiederhergestellt.
2026-09-06 01:05:32,093 [INFO] Stoppe Privoxy-Dienst...
2026-09-06 01:05:32,095 [INFO] [+] Privoxy sauber beendet.
2026-09-06 01:05:32,096 [INFO] Stoppe Tor-Prozess und IP-Changer...
2026-09-06 01:05:37,079 [INFO] [+] Tor-Prozess sauber beendet.
2026-09-06 01:05:37,080 [INFO] Stoppe tor@default...
2026-09-06 01:05:37,089 [INFO] Prüfe auf verwaiste Tor-Prozesse und gebe Ports frei...
2026-09-06 01:05:37,604 [INFO] [+] tor@default beendet.
2026-09-06 01:05:37,605 [INFO] Unmounte RAM-Disk unter /mnt/tor_ramdisk...
2026-09-06 01:05:37,616 [INFO] [+] RAM-Disk sauber unmountet und Spuren beseitigt.
2026-09-06 01:05:37,617 [INFO] [+] Shutdown abgeschlossen. Sämtliche temporären Daten wurden aus dem RAM gelöscht.
2026-09-06 02:14:01,956 [WARNING] [!] Skript läuft nicht als Root. Eskaliere Privilegien via sudo...
2026-09-06 02:14:02,183 [INFO] [Eingabe] Prüfe Systemvoraussetzungen...
2026-09-06 02:14:02,187 [INFO] [+] Systemcheck erfolgreich. WSL-IP ermittelt: 172.23.220.58
2026-09-06 02:14:02,187 [INFO] [Verarbeitung] Initialisiere 256MB RAM-Disk (tmpfs)...
2026-09-06 02:14:02,189 [INFO] Mounte 256MB tmpfs auf /mnt/tor_ramdisk...
2026-09-06 02:14:02,192 [INFO] [+] RAM-Disk erfolgreich gemountet.
2026-09-06 02:14:02,193 [INFO] [+] Unterstrukturen für Tor (/mnt/tor_ramdisk/tor_data) und Privoxy (/mnt/tor_ramdisk/privoxy) vorbereitet.
2026-09-06 02:14:02,193 [INFO] [Verarbeitung] Erzeuge dynamische Konfigurationsdateien in der RAM-Disk...
2026-09-06 02:14:02,470 [INFO] [+] Dynamische torrc erfolgreich in RAM-Disk erzeugt: /mnt/tor_ramdisk/torrc
2026-09-06 02:14:02,476 [INFO] [+] Gehärtete Privoxy-Config in RAM-Disk erzeugt: /mnt/tor_ramdisk/privoxy.conf
2026-09-06 02:14:02,476 [INFO] [Verarbeitung] Wende strikte POSIX-Sicherheitsrechte an...
2026-09-06 02:14:02,477 [INFO] Setze strikte Dateirechte & erstelle Systempfade...
2026-09-06 02:14:02,477 [INFO] [+] Pfad /mnt/tor_ramdisk/torrc mit Rechte 0600 & User-UID 136 vorbereitet.
2026-09-06 02:14:02,478 [INFO] [Verarbeitung] Konfiguriere Windows Defender Firewall-Regeln...
2026-09-06 02:14:02,478 [INFO] Konfiguriere Windows-Firewall-Regeln für Ports 8118 (Privoxy) & 8443 (ORPort)...
2026-09-06 02:14:04,327 [INFO] [+] Firewall-Regeln erfolgreich gesetzt (8118 & 8443 TCP).
2026-09-06 02:14:04,328 [INFO] [Verarbeitung] Aktiviere DNS-Leak-Schutz (Redirect 53->5353) & nftables Kill-Switch...
2026-09-06 02:14:04,333 [INFO] [+] /etc/resolv.conf gehärtet und auf lokalen Tor-DNS umgeleitet.
2026-09-06 02:14:04,342 [INFO] [+] DNS-Redirect aktiv: jeder Port-53-Aufruf -> Tor-DNSPort 5353 (kein DNS-Leak).
2026-09-06 02:14:04,346 [INFO] [+] nftables Kill-Switch aktiv (Exklusiver Outbound für Tor-UID 136, DNS-Port 5353).
2026-09-06 02:14:04,347 [INFO] [Verarbeitung] Bereinige verwaiste Tor-Prozesse und aktiviere Tor-Dienst...
2026-09-06 02:14:04,347 [INFO] Stoppe System-Tor-Instanz (tor@default)...
2026-09-06 02:14:04,355 [INFO] Prüfe auf verwaiste Tor-Prozesse und gebe Ports frei...
2026-09-06 02:14:04,865 [INFO] [+] System-Tor gestoppt – Ports frei für den Suite-eigenen Tor (RAM-Disk).
2026-09-06 02:14:04,866 [INFO] [Verarbeitung] Starte Tor-Dienst und Stealth-Relay...
2026-09-06 02:14:04,870 [INFO] [+] Dynamische torrc erfolgreich in RAM-Disk erzeugt: /mnt/tor_ramdisk/torrc
2026-09-06 02:14:04,873 [INFO] Starte Tor als direkten Prozess: tor -f /mnt/tor_ramdisk/torrc
2026-09-06 02:14:06,874 [INFO] Warte auf Tor-Bootstrap (kann bei europäischen Exit-Nodes einen Moment dauern)...
2026-09-06 02:14:22,102 [INFO] [+] Tor erfolgreich gestartet und zu 100% bootstrapped.
2026-09-06 02:14:22,103 [INFO] [*] IP-Changer gestartet (Rotation alle 60 Sekunden).
2026-09-06 02:14:22,109 [INFO] [Verarbeitung] Starte gehärteten Privoxy-Proxy...
2026-09-06 02:14:22,113 [INFO] [+] Gehärtete Privoxy-Config in RAM-Disk erzeugt: /mnt/tor_ramdisk/privoxy.conf
2026-09-06 02:14:22,114 [INFO] Starte Privoxy als direkten Prozess mit RAM-Disk-Config...
2026-09-06 02:14:23,617 [INFO] [+] Privoxy erfolgreich gestartet (Hört auf 0.0.0.0:8118).
2026-09-06 02:14:23,618 [INFO] [Ausgabe] Aktiviere Windows-Systemproxy...
2026-09-06 02:14:23,618 [INFO] Setze Windows-Systemproxy auf 172.23.220.58:8118...
2026-09-06 02:14:23,847 [INFO] [+] Windows-Systemproxy erfolgreich aktiviert (172.23.220.58:8118).
2026-09-06 02:14:23,848 [INFO] [SUCCESS] Tor Suite ist aktiv!
2026-09-06 02:14:23,849 [INFO]  - Privoxy Proxy: 172.23.220.58:8118
2026-09-06 02:14:23,850 [INFO]  - Tor Relay ORPort: 8443
2026-09-06 02:14:23,851 [INFO]  - IP-Rotation: Alle 60 Sekunden
2026-09-06 02:14:23,852 [INFO]  - Spurenschutz: Aktive 256MB RAM-Disk (tmpfs) + nftables Kill-Switch
2026-09-06 02:15:17,554 [INFO] [Cleanup] Fahre Cyberdeck Tor Suite herunter...
2026-09-06 02:15:17,555 [INFO] Deaktiviere Windows-Systemproxy...
2026-09-06 02:15:17,803 [INFO] [+] Windows-Systemproxy erfolgreich deaktiviert.
2026-09-06 02:15:17,804 [INFO] Entferne temporäre Windows-Firewall-Regeln...
2026-09-06 02:15:19,721 [INFO] [+] Windows-Firewall-Regeln sauber gelöscht.
2026-09-06 02:15:19,756 [INFO] [+] DNS-Redirect-Tabelle erfolgreich entfernt.
2026-09-06 02:15:19,768 [INFO] [+] nftables Kill-Switch Tabelle erfolgreich gelöscht.
2026-09-06 02:15:19,773 [INFO] [+] Ursprüngliche /etc/resolv.conf wiederhergestellt.
2026-09-06 02:15:19,774 [INFO] Stoppe Privoxy-Dienst...
2026-09-06 02:15:19,775 [INFO] [+] Privoxy sauber beendet.
2026-09-06 02:15:19,775 [INFO] Stoppe Tor-Prozess und IP-Changer...
2026-09-06 02:15:19,849 [INFO] [+] Tor-Prozess sauber beendet.
2026-09-06 02:15:19,850 [INFO] Stoppe tor@default...
2026-09-06 02:15:19,858 [INFO] Prüfe auf verwaiste Tor-Prozesse und gebe Ports frei...
2026-09-06 02:15:20,371 [INFO] [+] tor@default beendet.
2026-09-06 02:15:20,372 [INFO] Unmounte RAM-Disk unter /mnt/tor_ramdisk...
2026-09-06 02:15:20,384 [INFO] [+] RAM-Disk sauber unmountet und Spuren beseitigt.
2026-09-06 02:15:20,385 [INFO] [+] Shutdown abgeschlossen. Sämtliche temporären Daten wurden aus dem RAM gelöscht.
2026-09-06 02:29:26,520 [WARNING] [!] Skript läuft nicht als Root. Eskaliere Privilegien via sudo...
2026-09-06 02:29:26,776 [INFO] [Eingabe] Prüfe Systemvoraussetzungen...
2026-09-06 02:29:26,780 [INFO] [+] Systemcheck erfolgreich. WSL-IP ermittelt: 172.23.220.58
2026-09-06 02:29:26,781 [INFO] [Verarbeitung] Initialisiere 256MB RAM-Disk (tmpfs)...
2026-09-06 02:29:26,782 [INFO] Mounte 256MB tmpfs auf /mnt/tor_ramdisk...
2026-09-06 02:29:26,785 [INFO] [+] RAM-Disk erfolgreich gemountet.
2026-09-06 02:29:26,785 [INFO] [+] Unterstrukturen für Tor (/mnt/tor_ramdisk/tor_data) und Privoxy (/mnt/tor_ramdisk/privoxy) vorbereitet.
2026-09-06 02:29:26,786 [INFO] [Verarbeitung] Erzeuge dynamische Konfigurationsdateien in der RAM-Disk...
2026-09-06 02:29:27,049 [INFO] [+] Dynamische torrc erfolgreich in RAM-Disk erzeugt: /mnt/tor_ramdisk/torrc
2026-09-06 02:29:27,055 [INFO] [+] Gehärtete Privoxy-Config in RAM-Disk erzeugt: /mnt/tor_ramdisk/privoxy.conf
2026-09-06 02:29:27,055 [INFO] [Verarbeitung] Wende strikte POSIX-Sicherheitsrechte an...
2026-09-06 02:29:27,056 [INFO] Setze strikte Dateirechte & erstelle Systempfade...
2026-09-06 02:29:27,056 [INFO] [+] Pfad /mnt/tor_ramdisk/torrc mit Rechte 0600 & User-UID 136 vorbereitet.
2026-09-06 02:29:27,057 [INFO] [Verarbeitung] Konfiguriere Windows Defender Firewall-Regeln...
2026-09-06 02:29:27,057 [INFO] Konfiguriere Windows-Firewall-Regeln für Ports 8118 (Privoxy) & 8443 (ORPort)...
2026-09-06 02:29:28,770 [INFO] [+] Firewall-Regeln erfolgreich gesetzt (8118 & 8443 TCP).
2026-09-06 02:29:28,771 [INFO] [Verarbeitung] Aktiviere DNS-Leak-Schutz (Redirect 53->5353) & nftables Kill-Switch...
2026-09-06 02:29:28,775 [INFO] [+] /etc/resolv.conf gehärtet und auf lokalen Tor-DNS umgeleitet.
2026-09-06 02:29:28,815 [INFO] [+] DNS-Redirect aktiv: jeder Port-53-Aufruf -> Tor-DNSPort 5353 (kein DNS-Leak).
2026-09-06 02:29:28,820 [INFO] [+] nftables Kill-Switch aktiv (Exklusiver Outbound für Tor-UID 136, DNS-Port 5353).
2026-09-06 02:29:28,821 [INFO] [Verarbeitung] Bereinige verwaiste Tor-Prozesse und aktiviere Tor-Dienst...
2026-09-06 02:29:28,821 [INFO] Stoppe System-Tor-Instanz (tor@default)...
2026-09-06 02:29:28,829 [INFO] Prüfe auf verwaiste Tor-Prozesse und gebe Ports frei...
2026-09-06 02:29:29,340 [INFO] [+] System-Tor gestoppt – Ports frei für den Suite-eigenen Tor (RAM-Disk).
2026-09-06 02:29:29,340 [INFO] [Verarbeitung] Starte Tor-Dienst und Stealth-Relay...
2026-09-06 02:29:29,345 [INFO] [+] Dynamische torrc erfolgreich in RAM-Disk erzeugt: /mnt/tor_ramdisk/torrc
2026-09-06 02:29:29,347 [INFO] Starte Tor als direkten Prozess: tor -f /mnt/tor_ramdisk/torrc
2026-09-06 02:29:31,348 [INFO] Warte auf Tor-Bootstrap (kann bei europäischen Exit-Nodes einen Moment dauern)...
2026-09-06 02:31:31,411 [ERROR] [-] Timeout beim Tor-Bootstrap erreicht.
2026-09-06 02:31:31,413 [ERROR]     Sep 06 02:29:29.357 [notice] Opening Socks listener on 127.0.0.1:9050
2026-09-06 02:31:31,414 [ERROR]     Sep 06 02:29:29.358 [notice] Opened Socks listener connection (ready) on 127.0.0.1:9050
2026-09-06 02:31:31,414 [ERROR]     Sep 06 02:29:29.358 [notice] Opening DNS listener on 127.0.0.1:5353
2026-09-06 02:31:31,415 [ERROR]     Sep 06 02:29:29.358 [notice] Opened DNS listener connection (ready) on 127.0.0.1:5353
2026-09-06 02:31:31,415 [ERROR]     Sep 06 02:29:29.359 [notice] Opening Control listener on 0.0.0.0:9051
2026-09-06 02:31:31,416 [ERROR]     Sep 06 02:29:29.359 [notice] Opened Control listener connection (ready) on 0.0.0.0:9051
2026-09-06 02:31:31,416 [ERROR]     Sep 06 02:29:29.359 [notice] Opening OR listener on 0.0.0.0:8443
2026-09-06 02:31:31,417 [ERROR]     Sep 06 02:29:29.360 [notice] Opened OR listener connection (ready) on 0.0.0.0:8443
2026-09-06 02:31:31,417 [ERROR]     Sep 06 02:29:29.360 [notice] Opening OR listener on [::]:8443
2026-09-06 02:31:31,418 [ERROR]     Sep 06 02:29:29.360 [notice] Opened OR listener connection (ready) on [::]:8443
2026-09-06 02:31:31,418 [INFO] [Cleanup] Fahre Cyberdeck Tor Suite herunter...
2026-09-06 02:31:31,418 [INFO] Deaktiviere Windows-Systemproxy...
2026-09-06 02:31:31,644 [INFO] [+] Windows-Systemproxy erfolgreich deaktiviert.
2026-09-06 02:31:31,644 [INFO] Entferne temporäre Windows-Firewall-Regeln...
2026-09-06 02:31:33,311 [INFO] [+] Windows-Firewall-Regeln sauber gelöscht.
2026-09-06 02:31:33,332 [INFO] [+] DNS-Redirect-Tabelle erfolgreich entfernt.
2026-09-06 02:31:33,351 [INFO] [+] nftables Kill-Switch Tabelle erfolgreich gelöscht.
2026-09-06 02:31:33,353 [INFO] [+] Ursprüngliche /etc/resolv.conf wiederhergestellt.
2026-09-06 02:31:33,354 [INFO] Stoppe Privoxy-Dienst...
2026-09-06 02:31:33,355 [INFO] [+] Privoxy sauber beendet.
2026-09-06 02:31:33,355 [INFO] Stoppe Tor-Prozess und IP-Changer...
2026-09-06 02:31:35,881 [INFO] [+] Tor-Prozess sauber beendet.
2026-09-06 02:31:35,882 [INFO] Stoppe tor@default...
2026-09-06 02:31:35,888 [INFO] Prüfe auf verwaiste Tor-Prozesse und gebe Ports frei...
2026-09-06 02:31:36,398 [INFO] [+] tor@default beendet.
2026-09-06 02:31:36,399 [INFO] Unmounte RAM-Disk unter /mnt/tor_ramdisk...
2026-09-06 02:31:36,412 [INFO] [+] RAM-Disk sauber unmountet und Spuren beseitigt.
2026-09-06 02:31:36,413 [INFO] [+] Shutdown abgeschlossen. Sämtliche temporären Daten wurden aus dem RAM gelöscht.
2026-09-06 03:08:30,781 [INFO] [Eingabe] Prüfe Systemvoraussetzungen...
2026-09-06 03:08:30,786 [INFO] [+] Systemcheck erfolgreich. WSL-IP ermittelt: 172.23.220.58
2026-09-06 03:08:30,787 [INFO] [Verarbeitung] Initialisiere 256MB RAM-Disk (tmpfs)...
2026-09-06 03:08:30,789 [INFO] Mounte 256MB tmpfs auf /mnt/tor_ramdisk...
2026-09-06 03:08:30,794 [INFO] [+] RAM-Disk erfolgreich gemountet.
2026-09-06 03:08:30,796 [INFO] [+] Unterstrukturen für Tor (/mnt/tor_ramdisk/tor_data) und Privoxy (/mnt/tor_ramdisk/privoxy) vorbereitet.
2026-09-06 03:08:30,796 [INFO] [Verarbeitung] Erzeuge dynamische Konfigurationsdateien in der RAM-Disk...
2026-09-06 03:08:31,049 [INFO] [+] Dynamische torrc erfolgreich in RAM-Disk erzeugt: /mnt/tor_ramdisk/torrc
2026-09-06 03:08:31,054 [INFO] [+] Gehärtete Privoxy-Config in RAM-Disk erzeugt: /mnt/tor_ramdisk/privoxy.conf
2026-09-06 03:08:31,055 [INFO] [Verarbeitung] Wende strikte POSIX-Sicherheitsrechte an...
2026-09-06 03:08:31,056 [INFO] Setze strikte Dateirechte & erstelle Systempfade...
2026-09-06 03:08:31,057 [INFO] [+] Pfad /mnt/tor_ramdisk/torrc mit Rechte 0600 & User-UID 136 vorbereitet.
2026-09-06 03:08:31,057 [INFO] [Verarbeitung] Konfiguriere Windows Defender Firewall-Regeln...
2026-09-06 03:08:31,058 [INFO] Konfiguriere Windows-Firewall-Regeln für Ports 8118 (Privoxy) & 8443 (ORPort)...
2026-09-06 03:08:32,790 [INFO] [+] Firewall-Regeln erfolgreich gesetzt (8118 & 8443 TCP).
2026-09-06 03:08:32,792 [INFO] [Verarbeitung] Aktiviere DNS-Leak-Schutz (Redirect 53->5353) & nftables Kill-Switch...
2026-09-06 03:08:32,796 [INFO] [+] /etc/resolv.conf gehärtet und auf lokalen Tor-DNS umgeleitet.
2026-09-06 03:08:32,805 [INFO] [+] DNS-Redirect aktiv: jeder Port-53-Aufruf -> Tor-DNSPort 5353 (kein DNS-Leak).
2026-09-06 03:08:32,810 [INFO] [+] nftables Kill-Switch aktiv (Exklusiver Outbound für Tor-UID 136, DNS-Port 5353).
2026-09-06 03:08:32,811 [INFO] [Verarbeitung] Bereinige verwaiste Tor-Prozesse und aktiviere Tor-Dienst...
2026-09-06 03:08:32,812 [INFO] Stoppe System-Tor-Instanz (tor@default)...
2026-09-06 03:08:32,820 [INFO] Prüfe auf verwaiste Tor-Prozesse und gebe Ports frei...
2026-09-06 03:08:33,330 [INFO] [+] System-Tor gestoppt – Ports frei für den Suite-eigenen Tor (RAM-Disk).
2026-09-06 03:08:33,331 [INFO] [Verarbeitung] Starte Tor-Dienst und Stealth-Relay...
2026-09-06 03:08:33,336 [INFO] [+] Dynamische torrc erfolgreich in RAM-Disk erzeugt: /mnt/tor_ramdisk/torrc
2026-09-06 03:08:33,338 [INFO] Starte Tor als direkten Prozess: tor -f /mnt/tor_ramdisk/torrc
2026-09-06 03:08:35,340 [INFO] Warte auf Tor-Bootstrap (kann bei europäischen Exit-Nodes einen Moment dauern)...
2026-09-06 03:08:56,945 [INFO] [+] Tor erfolgreich gestartet und zu 100% bootstrapped.
2026-09-06 03:08:56,947 [INFO] [*] IP-Changer gestartet (Rotation alle 60 Sekunden).
2026-09-06 03:08:56,952 [INFO] [Verarbeitung] Starte gehärteten Privoxy-Proxy...
2026-09-06 03:08:56,958 [INFO] [+] Gehärtete Privoxy-Config in RAM-Disk erzeugt: /mnt/tor_ramdisk/privoxy.conf
2026-09-06 03:08:56,958 [INFO] Starte Privoxy als direkten Prozess mit RAM-Disk-Config...
2026-09-06 03:08:58,462 [INFO] [+] Privoxy erfolgreich gestartet (Hört auf 0.0.0.0:8118).
2026-09-06 03:08:58,463 [INFO] [Ausgabe] Aktiviere Windows-Systemproxy...
2026-09-06 03:08:58,464 [INFO] Setze Windows-Systemproxy auf 172.23.220.58:8118...
2026-09-06 03:08:58,693 [INFO] [+] Windows-Systemproxy erfolgreich aktiviert (172.23.220.58:8118).
2026-09-06 03:08:58,695 [INFO] [SUCCESS] Tor Suite ist aktiv!
2026-09-06 03:08:58,696 [INFO]  - Privoxy Proxy: 172.23.220.58:8118
2026-09-06 03:08:58,696 [INFO]  - Tor Relay ORPort: 8443
2026-09-06 03:08:58,697 [INFO]  - IP-Rotation: Alle 60 Sekunden
2026-09-06 03:08:58,698 [INFO]  - Spurenschutz: Aktive 256MB RAM-Disk (tmpfs) + nftables Kill-Switch
2026-09-06 03:09:56,977 [INFO] [+] Signal NEWNYM gesendet: Tor Exit-IP gewechselt.
2026-09-06 03:10:57,008 [INFO] [+] Signal NEWNYM gesendet: Tor Exit-IP gewechselt.
2026-09-06 03:11:57,027 [INFO] [+] Signal NEWNYM gesendet: Tor Exit-IP gewechselt.
2026-09-06 03:12:57,064 [INFO] [+] Signal NEWNYM gesendet: Tor Exit-IP gewechselt.
2026-09-06 03:13:57,084 [INFO] [+] Signal NEWNYM gesendet: Tor Exit-IP gewechselt.
2026-09-06 03:14:57,106 [INFO] [+] Signal NEWNYM gesendet: Tor Exit-IP gewechselt.
2026-09-06 03:15:26,492 [INFO] [Cleanup] Fahre Cyberdeck Tor Suite herunter...
2026-09-06 03:15:26,493 [INFO] Deaktiviere Windows-Systemproxy...
2026-09-06 03:15:26,727 [INFO] [+] Windows-Systemproxy erfolgreich deaktiviert.
2026-09-06 03:15:26,729 [INFO] Entferne temporäre Windows-Firewall-Regeln...
2026-09-06 03:15:28,510 [INFO] [+] Windows-Firewall-Regeln sauber gelöscht.
2026-09-06 03:15:28,546 [INFO] [+] DNS-Redirect-Tabelle erfolgreich entfernt.
2026-09-06 03:15:28,586 [INFO] [+] nftables Kill-Switch Tabelle erfolgreich gelöscht.
2026-09-06 03:15:28,592 [INFO] [+] Ursprüngliche /etc/resolv.conf wiederhergestellt.
2026-09-06 03:15:28,592 [INFO] Stoppe Privoxy-Dienst...
2026-09-06 03:15:28,595 [INFO] [+] Privoxy sauber beendet.
2026-09-06 03:15:28,596 [INFO] Stoppe Tor-Prozess und IP-Changer...
2026-09-06 03:15:28,768 [INFO] [+] Tor-Prozess sauber beendet.
2026-09-06 03:15:28,769 [INFO] Stoppe tor@default...
2026-09-06 03:15:28,776 [INFO] Prüfe auf verwaiste Tor-Prozesse und gebe Ports frei...
2026-09-06 03:15:29,286 [INFO] [+] tor@default beendet.
2026-09-06 03:15:29,287 [INFO] Unmounte RAM-Disk unter /mnt/tor_ramdisk...
2026-09-06 03:15:29,311 [INFO] [+] RAM-Disk sauber unmountet und Spuren beseitigt.
2026-09-06 03:15:29,312 [INFO] [+] Shutdown abgeschlossen. Sämtliche temporären Daten wurden aus dem RAM gelöscht.
2026-09-06 03:17:29,116 [INFO] [Eingabe] Prüfe Systemvoraussetzungen...
2026-09-06 03:17:29,119 [INFO] [+] Systemcheck erfolgreich. WSL-IP ermittelt: 172.23.220.58
2026-09-06 03:17:29,119 [INFO] [Verarbeitung] Initialisiere 256MB RAM-Disk (tmpfs)...
2026-09-06 03:17:29,121 [INFO] Mounte 256MB tmpfs auf /mnt/tor_ramdisk...
2026-09-06 03:17:29,124 [INFO] [+] RAM-Disk erfolgreich gemountet.
2026-09-06 03:17:29,126 [INFO] [+] Unterstrukturen für Tor (/mnt/tor_ramdisk/tor_data) und Privoxy (/mnt/tor_ramdisk/privoxy) vorbereitet.
2026-09-06 03:17:29,127 [INFO] [Verarbeitung] Erzeuge dynamische Konfigurationsdateien in der RAM-Disk...
2026-09-06 03:17:29,374 [INFO] [+] Dynamische torrc erfolgreich in RAM-Disk erzeugt: /mnt/tor_ramdisk/torrc
2026-09-06 03:17:29,379 [INFO] [+] Gehärtete Privoxy-Config in RAM-Disk erzeugt: /mnt/tor_ramdisk/privoxy.conf
2026-09-06 03:17:29,380 [INFO] [Verarbeitung] Wende strikte POSIX-Sicherheitsrechte an...
2026-09-06 03:17:29,381 [INFO] Setze strikte Dateirechte & erstelle Systempfade...
2026-09-06 03:17:29,382 [INFO] [+] Pfad /mnt/tor_ramdisk/torrc mit Rechte 0600 & User-UID 136 vorbereitet.
2026-09-06 03:17:29,383 [INFO] [Verarbeitung] Konfiguriere Windows Defender Firewall-Regeln...
2026-09-06 03:17:29,383 [INFO] Konfiguriere Windows-Firewall-Regeln für Ports 8118 (Privoxy) & 8443 (ORPort)...
2026-09-06 03:17:31,120 [INFO] [+] Firewall-Regeln erfolgreich gesetzt (8118 & 8443 TCP).
2026-09-06 03:17:31,121 [INFO] [Verarbeitung] Aktiviere DNS-Leak-Schutz (Redirect 53->5353) & nftables Kill-Switch...
2026-09-06 03:17:31,126 [INFO] [+] /etc/resolv.conf gehärtet und auf lokalen Tor-DNS umgeleitet.
2026-09-06 03:17:31,163 [INFO] [+] DNS-Redirect aktiv: jeder Port-53-Aufruf -> Tor-DNSPort 5353 (kein DNS-Leak).
2026-09-06 03:17:31,167 [INFO] [+] nftables Kill-Switch aktiv (Exklusiver Outbound für Tor-UID 136, DNS-Port 5353).
2026-09-06 03:17:31,168 [INFO] [Verarbeitung] Bereinige verwaiste Tor-Prozesse und aktiviere Tor-Dienst...
2026-09-06 03:17:31,169 [INFO] Stoppe System-Tor-Instanz (tor@default)...
2026-09-06 03:17:31,175 [INFO] Prüfe auf verwaiste Tor-Prozesse und gebe Ports frei...
2026-09-06 03:17:31,684 [INFO] [+] System-Tor gestoppt – Ports frei für den Suite-eigenen Tor (RAM-Disk).
2026-09-06 03:17:31,685 [INFO] [Verarbeitung] Starte Tor-Dienst und Stealth-Relay...
2026-09-06 03:17:31,690 [INFO] [+] Dynamische torrc erfolgreich in RAM-Disk erzeugt: /mnt/tor_ramdisk/torrc
2026-09-06 03:17:31,693 [INFO] Starte Tor als direkten Prozess: tor -f /mnt/tor_ramdisk/torrc
2026-09-06 03:17:33,694 [INFO] Warte auf Tor-Bootstrap (kann bei europäischen Exit-Nodes einen Moment dauern)...
2026-09-06 03:19:33,721 [ERROR] [-] Timeout beim Tor-Bootstrap erreicht.
2026-09-06 03:19:33,724 [ERROR]     Sep 06 03:17:31.702 [notice] Opening Socks listener on 127.0.0.1:9050
2026-09-06 03:19:33,724 [ERROR]     Sep 06 03:17:31.702 [notice] Opened Socks listener connection (ready) on 127.0.0.1:9050
2026-09-06 03:19:33,725 [ERROR]     Sep 06 03:17:31.703 [notice] Opening DNS listener on 127.0.0.1:5353
2026-09-06 03:19:33,726 [ERROR]     Sep 06 03:17:31.703 [notice] Opened DNS listener connection (ready) on 127.0.0.1:5353
2026-09-06 03:19:33,727 [ERROR]     Sep 06 03:17:31.704 [notice] Opening Control listener on 0.0.0.0:9051
2026-09-06 03:19:33,728 [ERROR]     Sep 06 03:17:31.704 [notice] Opened Control listener connection (ready) on 0.0.0.0:9051
2026-09-06 03:19:33,728 [ERROR]     Sep 06 03:17:31.704 [notice] Opening OR listener on 0.0.0.0:8443
2026-09-06 03:19:33,729 [ERROR]     Sep 06 03:17:31.705 [notice] Opened OR listener connection (ready) on 0.0.0.0:8443
2026-09-06 03:19:33,730 [ERROR]     Sep 06 03:17:31.705 [notice] Opening OR listener on [::]:8443
2026-09-06 03:19:33,731 [ERROR]     Sep 06 03:17:31.706 [notice] Opened OR listener connection (ready) on [::]:8443
2026-09-06 03:19:33,732 [INFO] [Cleanup] Fahre Cyberdeck Tor Suite herunter...
2026-09-06 03:19:33,733 [INFO] Deaktiviere Windows-Systemproxy...
2026-09-06 03:19:33,960 [INFO] [+] Windows-Systemproxy erfolgreich deaktiviert.
2026-09-06 03:19:33,962 [INFO] Entferne temporäre Windows-Firewall-Regeln...
2026-09-06 03:19:35,712 [INFO] [+] Windows-Firewall-Regeln sauber gelöscht.
2026-09-06 03:19:35,743 [INFO] [+] DNS-Redirect-Tabelle erfolgreich entfernt.
2026-09-06 03:19:35,767 [INFO] [+] nftables Kill-Switch Tabelle erfolgreich gelöscht.
2026-09-06 03:19:35,769 [INFO] [+] Ursprüngliche /etc/resolv.conf wiederhergestellt.
2026-09-06 03:19:35,770 [INFO] Stoppe Privoxy-Dienst...
2026-09-06 03:19:35,771 [INFO] [+] Privoxy sauber beendet.
2026-09-06 03:19:35,772 [INFO] Stoppe Tor-Prozess und IP-Changer...
2026-09-06 03:19:38,199 [INFO] [+] Tor-Prozess sauber beendet.
2026-09-06 03:19:38,200 [INFO] Stoppe tor@default...
2026-09-06 03:19:38,207 [INFO] Prüfe auf verwaiste Tor-Prozesse und gebe Ports frei...
2026-09-06 03:19:38,716 [INFO] [+] tor@default beendet.
2026-09-06 03:19:38,718 [INFO] Unmounte RAM-Disk unter /mnt/tor_ramdisk...
2026-09-06 03:19:38,731 [INFO] [+] RAM-Disk sauber unmountet und Spuren beseitigt.
2026-09-06 03:19:38,732 [INFO] [+] Shutdown abgeschlossen. Sämtliche temporären Daten wurden aus dem RAM gelöscht.
2026-09-06 03:28:45,639 [INFO] [Eingabe] Prüfe Systemvoraussetzungen...
2026-09-06 03:28:45,644 [INFO] [+] Systemcheck erfolgreich. WSL-IP ermittelt: 172.23.220.58
2026-09-06 03:28:45,645 [INFO] [Verarbeitung] Initialisiere 256MB RAM-Disk (tmpfs)...
2026-09-06 03:28:45,648 [INFO] Mounte 256MB tmpfs auf /mnt/tor_ramdisk...
2026-09-06 03:28:45,652 [INFO] [+] RAM-Disk erfolgreich gemountet.
2026-09-06 03:28:45,653 [INFO] [+] Unterstrukturen für Tor (/mnt/tor_ramdisk/tor_data) und Privoxy (/mnt/tor_ramdisk/privoxy) vorbereitet.
2026-09-06 03:28:45,654 [INFO] [Verarbeitung] Erzeuge dynamische Konfigurationsdateien in der RAM-Disk...
2026-09-06 03:28:45,916 [INFO] [+] Dynamische torrc erfolgreich in RAM-Disk erzeugt: /mnt/tor_ramdisk/torrc
2026-09-06 03:28:45,921 [INFO] [+] Gehärtete Privoxy-Config in RAM-Disk erzeugt: /mnt/tor_ramdisk/privoxy.conf
2026-09-06 03:28:45,922 [INFO] [Verarbeitung] Wende strikte POSIX-Sicherheitsrechte an...
2026-09-06 03:28:45,923 [INFO] Setze strikte Dateirechte & erstelle Systempfade...
2026-09-06 03:28:45,924 [INFO] [+] Pfad /mnt/tor_ramdisk/torrc mit Rechte 0600 & User-UID 136 vorbereitet.
2026-09-06 03:28:45,925 [INFO] [Verarbeitung] Konfiguriere Windows Defender Firewall-Regeln...
2026-09-06 03:28:45,926 [INFO] Konfiguriere Windows-Firewall-Regeln für Ports 8118 (Privoxy) & 8443 (ORPort)...
2026-09-06 03:28:47,698 [INFO] [+] Firewall-Regeln erfolgreich gesetzt (8118 & 8443 TCP).
2026-09-06 03:28:47,700 [INFO] [Verarbeitung] Aktiviere DNS-Leak-Schutz (Redirect 53->5353) & nftables Kill-Switch...
2026-09-06 03:28:47,705 [INFO] [+] /etc/resolv.conf gehärtet und auf lokalen Tor-DNS umgeleitet.
2026-09-06 03:28:47,718 [INFO] [+] DNS-Redirect aktiv: jeder Port-53-Aufruf -> Tor-DNSPort 5353 (kein DNS-Leak).
2026-09-06 03:28:47,722 [INFO] [+] nftables Kill-Switch aktiv (Exklusiver Outbound für Tor-UID 136, DNS-Port 5353).
2026-09-06 03:28:47,723 [INFO] [Verarbeitung] Bereinige verwaiste Tor-Prozesse und aktiviere Tor-Dienst...
2026-09-06 03:28:47,724 [INFO] Stoppe System-Tor-Instanz (tor@default)...
2026-09-06 03:28:47,733 [INFO] Prüfe auf verwaiste Tor-Prozesse und gebe Ports frei...
2026-09-06 03:28:48,242 [INFO] [+] System-Tor gestoppt – Ports frei für den Suite-eigenen Tor (RAM-Disk).
2026-09-06 03:28:48,244 [INFO] [Verarbeitung] Starte Tor-Dienst und Stealth-Relay...
2026-09-06 03:28:48,248 [INFO] [+] Dynamische torrc erfolgreich in RAM-Disk erzeugt: /mnt/tor_ramdisk/torrc
2026-09-06 03:28:48,251 [INFO] Starte Tor als direkten Prozess: tor -f /mnt/tor_ramdisk/torrc
2026-09-06 03:28:50,252 [INFO] Warte auf Tor-Bootstrap (kann bei europäischen Exit-Nodes einen Moment dauern)...
2026-09-06 03:29:10,739 [INFO] [+] Tor erfolgreich gestartet und zu 100% bootstrapped.
2026-09-06 03:29:10,741 [INFO] [*] IP-Changer gestartet (Rotation alle 120 Sekunden).
2026-09-06 03:29:10,747 [INFO] [Verarbeitung] Starte gehärteten Privoxy-Proxy...
2026-09-06 03:29:10,752 [INFO] [+] Gehärtete Privoxy-Config in RAM-Disk erzeugt: /mnt/tor_ramdisk/privoxy.conf
2026-09-06 03:29:10,753 [INFO] Starte Privoxy als direkten Prozess mit RAM-Disk-Config...
2026-09-06 03:29:12,258 [INFO] [+] Privoxy erfolgreich gestartet (Hört auf 0.0.0.0:8118).
2026-09-06 03:29:12,259 [INFO] [Ausgabe] Aktiviere Windows-Systemproxy...
2026-09-06 03:29:12,260 [INFO] Setze Windows-Systemproxy auf 172.23.220.58:8118...
2026-09-06 03:29:12,496 [INFO] [+] Windows-Systemproxy erfolgreich aktiviert (172.23.220.58:8118).
2026-09-06 03:29:12,497 [INFO] [SUCCESS] Tor Suite ist aktiv!
2026-09-06 03:29:12,498 [INFO]  - Privoxy Proxy: 172.23.220.58:8118
2026-09-06 03:29:12,499 [INFO]  - Tor Relay ORPort: 8443
2026-09-06 03:29:12,500 [INFO]  - IP-Rotation: Alle 120 Sekunden
2026-09-06 03:29:12,501 [INFO]  - Spurenschutz: Aktive 256MB RAM-Disk (tmpfs) + nftables Kill-Switch
2026-09-06 03:31:10,806 [INFO] [+] Signal NEWNYM gesendet: Tor Exit-IP gewechselt.
2026-09-06 03:33:10,828 [INFO] [+] Signal NEWNYM gesendet: Tor Exit-IP gewechselt.
2026-09-06 03:35:10,851 [INFO] [+] Signal NEWNYM gesendet: Tor Exit-IP gewechselt.
2026-09-06 03:37:10,891 [INFO] [+] Signal NEWNYM gesendet: Tor Exit-IP gewechselt.
2026-09-06 03:39:12,970 [INFO] [+] Signal NEWNYM gesendet: Tor Exit-IP gewechselt.
2026-09-06 03:41:13,024 [INFO] [+] Signal NEWNYM gesendet: Tor Exit-IP gewechselt.
2026-09-06 03:43:13,052 [INFO] [+] Signal NEWNYM gesendet: Tor Exit-IP gewechselt.
2026-09-06 03:45:13,079 [INFO] [+] Signal NEWNYM gesendet: Tor Exit-IP gewechselt.
2026-09-06 03:47:13,102 [INFO] [+] Signal NEWNYM gesendet: Tor Exit-IP gewechselt.
2026-09-06 03:49:13,125 [INFO] [+] Signal NEWNYM gesendet: Tor Exit-IP gewechselt.
2026-09-06 03:51:13,151 [INFO] [+] Signal NEWNYM gesendet: Tor Exit-IP gewechselt.
2026-09-06 03:53:13,177 [INFO] [+] Signal NEWNYM gesendet: Tor Exit-IP gewechselt.
2026-09-06 03:55:13,210 [INFO] [+] Signal NEWNYM gesendet: Tor Exit-IP gewechselt.
2026-09-06 03:57:13,241 [INFO] [+] Signal NEWNYM gesendet: Tor Exit-IP gewechselt.
2026-09-06 03:59:13,274 [INFO] [+] Signal NEWNYM gesendet: Tor Exit-IP gewechselt.
2026-09-06 04:01:13,305 [INFO] [+] Signal NEWNYM gesendet: Tor Exit-IP gewechselt.
2026-09-06 04:03:13,337 [INFO] [+] Signal NEWNYM gesendet: Tor Exit-IP gewechselt.
2026-09-06 04:05:13,372 [INFO] [+] Signal NEWNYM gesendet: Tor Exit-IP gewechselt.
2026-09-06 04:07:13,418 [INFO] [+] Signal NEWNYM gesendet: Tor Exit-IP gewechselt.
2026-09-06 04:09:13,458 [INFO] [+] Signal NEWNYM gesendet: Tor Exit-IP gewechselt.
2026-09-06 04:11:13,485 [INFO] [+] Signal NEWNYM gesendet: Tor Exit-IP gewechselt.
2026-09-06 04:13:13,515 [INFO] [+] Signal NEWNYM gesendet: Tor Exit-IP gewechselt.
2026-09-06 04:15:13,541 [INFO] [+] Signal NEWNYM gesendet: Tor Exit-IP gewechselt.
2026-09-06 04:17:13,572 [INFO] [+] Signal NEWNYM gesendet: Tor Exit-IP gewechselt.
2026-09-06 04:19:13,599 [INFO] [+] Signal NEWNYM gesendet: Tor Exit-IP gewechselt.
2026-09-06 04:21:13,631 [INFO] [+] Signal NEWNYM gesendet: Tor Exit-IP gewechselt.
2026-09-06 04:23:13,658 [INFO] [+] Signal NEWNYM gesendet: Tor Exit-IP gewechselt.
2026-09-06 04:24:55,732 [INFO] [Cleanup] Fahre Cyberdeck Tor Suite herunter...
2026-09-06 04:24:55,733 [INFO] Deaktiviere Windows-Systemproxy...
2026-09-06 04:24:55,957 [INFO] [+] Windows-Systemproxy erfolgreich deaktiviert.
2026-09-06 04:24:55,959 [INFO] Entferne temporäre Windows-Firewall-Regeln...
2026-09-06 04:24:57,711 [INFO] [+] Windows-Firewall-Regeln sauber gelöscht.
2026-09-06 04:24:57,738 [INFO] [+] DNS-Redirect-Tabelle erfolgreich entfernt.
2026-09-06 04:24:57,753 [INFO] [+] nftables Kill-Switch Tabelle erfolgreich gelöscht.
2026-09-06 04:24:57,757 [INFO] [+] Ursprüngliche /etc/resolv.conf wiederhergestellt.
2026-09-06 04:24:57,758 [INFO] Stoppe Privoxy-Dienst...
2026-09-06 04:24:57,761 [INFO] [+] Privoxy sauber beendet.
2026-09-06 04:24:57,762 [INFO] Stoppe Tor-Prozess und IP-Changer...
2026-09-06 04:25:02,768 [INFO] [+] Tor-Prozess sauber beendet.
2026-09-06 04:25:02,769 [INFO] Stoppe tor@default...
2026-09-06 04:25:02,776 [INFO] Prüfe auf verwaiste Tor-Prozesse und gebe Ports frei...
2026-09-06 04:25:03,284 [INFO] [+] tor@default beendet.
2026-09-06 04:25:03,286 [INFO] Unmounte RAM-Disk unter /mnt/tor_ramdisk...
2026-09-06 04:25:03,307 [INFO] [+] RAM-Disk sauber unmountet und Spuren beseitigt.
2026-09-06 04:25:03,308 [INFO] [+] Shutdown abgeschlossen. Sämtliche temporären Daten wurden aus dem RAM gelöscht.
2026-09-06 04:25:23,935 [WARNING] [!] Skript läuft nicht als Root. Eskaliere Privilegien via sudo...
2026-09-06 04:25:24,163 [INFO] [Vorbereitung] Entferne ggf. übrig gebliebenen Windows-Systemproxy (Stale-State)...
2026-09-06 04:25:24,163 [INFO] Deaktiviere Windows-Systemproxy...
2026-09-06 04:25:24,384 [INFO] [+] Windows-Systemproxy erfolgreich deaktiviert.
2026-09-06 04:25:24,385 [INFO] [Eingabe] Prüfe Systemvoraussetzungen...
2026-09-06 04:25:24,389 [INFO] [+] Systemcheck erfolgreich. WSL-IP ermittelt: 172.23.220.58
2026-09-06 04:25:24,390 [INFO] [Verarbeitung] Initialisiere 256MB RAM-Disk (tmpfs)...
2026-09-06 04:25:24,391 [INFO] Mounte 256MB tmpfs auf /mnt/tor_ramdisk...
2026-09-06 04:25:24,393 [INFO] [+] RAM-Disk erfolgreich gemountet.
2026-09-06 04:25:24,394 [INFO] [+] Unterstrukturen für Tor (/mnt/tor_ramdisk/tor_data) und Privoxy (/mnt/tor_ramdisk/privoxy) vorbereitet.
2026-09-06 04:25:24,394 [INFO] [Verarbeitung] Erzeuge dynamische Konfigurationsdateien in der RAM-Disk...
2026-09-06 04:25:24,650 [INFO] [+] Dynamische torrc erfolgreich in RAM-Disk erzeugt: /mnt/tor_ramdisk/torrc
2026-09-06 04:25:24,655 [INFO] [+] Gehärtete Privoxy-Config in RAM-Disk erzeugt: /mnt/tor_ramdisk/privoxy.conf
2026-09-06 04:25:24,656 [INFO] [Verarbeitung] Wende strikte POSIX-Sicherheitsrechte an...
2026-09-06 04:25:24,656 [INFO] Setze strikte Dateirechte & erstelle Systempfade...
2026-09-06 04:25:24,657 [INFO] [+] Pfad /mnt/tor_ramdisk/torrc mit Rechte 0600 & User-UID 136 vorbereitet.
2026-09-06 04:25:24,657 [INFO] [Verarbeitung] Konfiguriere Windows Defender Firewall-Regeln...
2026-09-06 04:25:24,658 [INFO] Konfiguriere Windows-Firewall-Regeln für Ports 8118 (Privoxy) & 8443 (ORPort)...
2026-09-06 04:25:26,306 [INFO] [+] Firewall-Regeln erfolgreich gesetzt (8118 & 8443 TCP).
2026-09-06 04:25:26,307 [INFO] [Verarbeitung] Bereinige verwaiste Tor-Prozesse und aktiviere Tor-Dienst...
2026-09-06 04:25:26,308 [INFO] Stoppe System-Tor-Instanz (tor@default)...
2026-09-06 04:25:26,314 [INFO] Prüfe auf verwaiste Tor-Prozesse und gebe Ports frei...
2026-09-06 04:25:26,824 [INFO] [+] System-Tor gestoppt – Ports frei für den Suite-eigenen Tor (RAM-Disk).
2026-09-06 04:25:26,824 [INFO] [Verarbeitung] Starte Tor-Dienst und Stealth-Relay (warte auf Bootstrap 100%)...
2026-09-06 04:25:26,829 [INFO] [+] Dynamische torrc erfolgreich in RAM-Disk erzeugt: /mnt/tor_ramdisk/torrc
2026-09-06 04:25:26,832 [INFO] Starte Tor als direkten Prozess: tor -f /mnt/tor_ramdisk/torrc
2026-09-06 04:25:28,833 [INFO] Warte auf Tor-Bootstrap (kann bei europäischen Exit-Nodes einen Moment dauern)...
2026-09-06 04:25:50,703 [INFO] [+] Tor erfolgreich gestartet und zu 100% bootstrapped.
2026-09-06 04:25:50,704 [INFO] [*] IP-Changer gestartet (Rotation alle 120 Sekunden).
2026-09-06 04:25:50,710 [INFO] [Verarbeitung] Tor bootstrapped (100%) – aktiviere DNS-Leak-Schutz & Kill-Switch...
2026-09-06 04:25:50,713 [INFO] [+] /etc/resolv.conf gehärtet und auf lokalen Tor-DNS umgeleitet.
2026-09-06 04:25:50,716 [INFO] [+] DNS-Redirect aktiv: jeder Port-53-Aufruf -> Tor-DNSPort 5353 (kein DNS-Leak).
2026-09-06 04:25:50,722 [INFO] [+] nftables Kill-Switch aktiv (Exklusiver Outbound für Tor-UID 136, DNS-Port 5353).
2026-09-06 04:25:50,722 [INFO] [Verarbeitung] Starte gehärteten Privoxy-Proxy...
2026-09-06 04:25:50,727 [INFO] [+] Gehärtete Privoxy-Config in RAM-Disk erzeugt: /mnt/tor_ramdisk/privoxy.conf
2026-09-06 04:25:50,727 [INFO] Starte Privoxy als direkten Prozess mit RAM-Disk-Config...
2026-09-06 04:25:52,230 [INFO] [+] Privoxy erfolgreich gestartet (Hört auf 0.0.0.0:8118).
2026-09-06 04:25:52,231 [INFO] [Ausgabe] Aktiviere Windows-Systemproxy...
2026-09-06 04:25:52,231 [INFO] Setze Windows-Systemproxy auf 172.23.220.58:8118...
2026-09-06 04:25:52,474 [INFO] [+] Windows-Systemproxy erfolgreich aktiviert (172.23.220.58:8118).
2026-09-06 04:25:52,475 [INFO] [SUCCESS] Tor Suite ist aktiv!
2026-09-06 04:25:52,476 [INFO]  - Privoxy Proxy: 172.23.220.58:8118
2026-09-06 04:25:52,477 [INFO]  - Tor Relay ORPort: 8443
2026-09-06 04:25:52,478 [INFO]  - IP-Rotation: Alle 120 Sekunden
2026-09-06 04:25:52,479 [INFO]  - Spurenschutz: Aktive 256MB RAM-Disk (tmpfs) + nftables Kill-Switch
2026-09-06 04:26:38,241 [INFO] [Cleanup] Fahre Cyberdeck Tor Suite herunter...
2026-09-06 04:26:38,241 [INFO] Deaktiviere Windows-Systemproxy...
2026-09-06 04:26:38,488 [INFO] [+] Windows-Systemproxy erfolgreich deaktiviert.
2026-09-06 04:26:38,489 [INFO] Entferne temporäre Windows-Firewall-Regeln...
2026-09-06 04:26:40,261 [INFO] [+] Windows-Firewall-Regeln sauber gelöscht.
2026-09-06 04:26:40,298 [INFO] [+] DNS-Redirect-Tabelle erfolgreich entfernt.
2026-09-06 04:26:40,306 [INFO] [+] nftables Kill-Switch Tabelle erfolgreich gelöscht.
2026-09-06 04:26:40,308 [INFO] [+] Ursprüngliche /etc/resolv.conf wiederhergestellt.
2026-09-06 04:26:40,309 [INFO] Stoppe Privoxy-Dienst...
2026-09-06 04:26:40,310 [INFO] [+] Privoxy sauber beendet.
2026-09-06 04:26:40,310 [INFO] Stoppe Tor-Prozess und IP-Changer...
2026-09-06 04:26:40,483 [INFO] [+] Tor-Prozess sauber beendet.
2026-09-06 04:26:40,484 [INFO] Stoppe tor@default...
2026-09-06 04:26:40,492 [INFO] Prüfe auf verwaiste Tor-Prozesse und gebe Ports frei...
2026-09-06 04:26:41,002 [INFO] [+] tor@default beendet.
2026-09-06 04:26:41,003 [INFO] Unmounte RAM-Disk unter /mnt/tor_ramdisk...
2026-09-06 04:26:41,030 [INFO] [+] RAM-Disk sauber unmountet und Spuren beseitigt.
2026-09-06 04:26:41,031 [INFO] [+] Shutdown abgeschlossen. Sämtliche temporären Daten wurden aus dem RAM gelöscht.
2026-09-06 04:35:26,177 [INFO] [Vorbereitung] Entferne ggf. übrig gebliebenen Windows-Systemproxy (Stale-State)...
2026-09-06 04:35:26,178 [INFO] Deaktiviere Windows-Systemproxy...
2026-09-06 04:35:26,445 [INFO] [+] Windows-Systemproxy erfolgreich deaktiviert.
2026-09-06 04:35:26,447 [INFO] [Eingabe] Prüfe Systemvoraussetzungen...
2026-09-06 04:35:26,451 [INFO] [+] Systemcheck erfolgreich. WSL-IP ermittelt: 172.23.220.58
2026-09-06 04:35:26,452 [INFO] [Verarbeitung] Initialisiere 256MB RAM-Disk (tmpfs)...
2026-09-06 04:35:26,455 [INFO] Mounte 256MB tmpfs auf /mnt/tor_ramdisk...
2026-09-06 04:35:26,460 [INFO] [+] RAM-Disk erfolgreich gemountet.
2026-09-06 04:35:26,461 [INFO] [+] Unterstrukturen für Tor (/mnt/tor_ramdisk/tor_data) und Privoxy (/mnt/tor_ramdisk/privoxy) vorbereitet.
2026-09-06 04:35:26,462 [INFO] [Verarbeitung] Erzeuge dynamische Konfigurationsdateien in der RAM-Disk...
2026-09-06 04:35:26,740 [INFO] [+] Dynamische torrc erfolgreich in RAM-Disk erzeugt: /mnt/tor_ramdisk/torrc
2026-09-06 04:35:26,746 [INFO] [+] Gehärtete Privoxy-Config in RAM-Disk erzeugt: /mnt/tor_ramdisk/privoxy.conf
2026-09-06 04:35:26,747 [INFO] [Verarbeitung] Wende strikte POSIX-Sicherheitsrechte an...
2026-09-06 04:35:26,748 [INFO] Setze strikte Dateirechte & erstelle Systempfade...
2026-09-06 04:35:26,749 [INFO] [+] Pfad /mnt/tor_ramdisk/torrc mit Rechte 0600 & User-UID 136 vorbereitet.
2026-09-06 04:35:26,750 [INFO] [Verarbeitung] Konfiguriere Windows Defender Firewall-Regeln...
2026-09-06 04:35:26,751 [INFO] Konfiguriere Windows-Firewall-Regeln für Ports 8118 (Privoxy) & 8443 (ORPort)...
2026-09-06 04:35:28,749 [INFO] [+] Firewall-Regeln erfolgreich gesetzt (8118 & 8443 TCP).
2026-09-06 04:35:28,750 [INFO] [Verarbeitung] Bereinige verwaiste Tor-Prozesse und aktiviere Tor-Dienst...
2026-09-06 04:35:28,751 [INFO] Stoppe System-Tor-Instanz (tor@default)...
2026-09-06 04:35:28,758 [INFO] Prüfe auf verwaiste Tor-Prozesse und gebe Ports frei...
2026-09-06 04:35:29,268 [INFO] [+] System-Tor gestoppt – Ports frei für den Suite-eigenen Tor (RAM-Disk).
2026-09-06 04:35:29,269 [INFO] [Verarbeitung] Starte Tor-Dienst und Stealth-Relay (warte auf Bootstrap 100%)...
2026-09-06 04:35:29,273 [INFO] [+] Dynamische torrc erfolgreich in RAM-Disk erzeugt: /mnt/tor_ramdisk/torrc
2026-09-06 04:35:29,276 [INFO] Starte Tor als direkten Prozess: tor -f /mnt/tor_ramdisk/torrc
2026-09-06 04:35:31,277 [INFO] Warte auf Tor-Bootstrap (kann bei europäischen Exit-Nodes einen Moment dauern)...
2026-09-06 04:35:55,226 [INFO] [+] Tor erfolgreich gestartet und zu 100% bootstrapped.
2026-09-06 04:35:55,227 [INFO] [*] IP-Changer gestartet (Rotation alle 120 Sekunden).
2026-09-06 04:35:55,233 [INFO] [Verarbeitung] Tor bootstrapped (100%) – aktiviere DNS-Leak-Schutz & Kill-Switch...
2026-09-06 04:35:55,238 [INFO] [+] /etc/resolv.conf gehärtet und auf lokalen Tor-DNS umgeleitet.
2026-09-06 04:35:55,242 [INFO] [+] DNS-Redirect aktiv: jeder Port-53-Aufruf -> Tor-DNSPort 5353 (kein DNS-Leak).
2026-09-06 04:35:55,246 [INFO] [+] nftables Kill-Switch aktiv (Exklusiver Outbound für Tor-UID 136, DNS-Port 5353).
2026-09-06 04:35:55,247 [INFO] [Verarbeitung] Starte gehärteten Privoxy-Proxy...
2026-09-06 04:35:55,252 [INFO] [+] Gehärtete Privoxy-Config in RAM-Disk erzeugt: /mnt/tor_ramdisk/privoxy.conf
2026-09-06 04:35:55,253 [INFO] Starte Privoxy als direkten Prozess mit RAM-Disk-Config...
2026-09-06 04:35:56,757 [INFO] [+] Privoxy erfolgreich gestartet (Hört auf 0.0.0.0:8118).
2026-09-06 04:35:56,758 [INFO] [Ausgabe] Aktiviere Windows-Systemproxy...
2026-09-06 04:35:56,759 [INFO] Setze Windows-Systemproxy auf 172.23.220.58:8118...
2026-09-06 04:35:56,993 [INFO] [+] Windows-Systemproxy erfolgreich aktiviert (172.23.220.58:8118).
2026-09-06 04:35:56,995 [INFO] [SUCCESS] Tor Suite ist aktiv!
2026-09-06 04:35:56,995 [INFO]  - Privoxy Proxy: 172.23.220.58:8118
2026-09-06 04:35:56,996 [INFO]  - Tor Relay ORPort: 8443
2026-09-06 04:35:56,997 [INFO]  - IP-Rotation: Alle 120 Sekunden
2026-09-06 04:35:56,998 [INFO]  - Spurenschutz: Aktive 256MB RAM-Disk (tmpfs) + nftables Kill-Switch
2026-09-06 04:37:55,266 [INFO] [+] Signal NEWNYM gesendet: Tor Exit-IP gewechselt.
2026-09-06 04:39:55,294 [INFO] [+] Signal NEWNYM gesendet: Tor Exit-IP gewechselt.
2026-09-06 04:41:55,325 [INFO] [+] Signal NEWNYM gesendet: Tor Exit-IP gewechselt.
2026-09-06 04:43:55,356 [INFO] [+] Signal NEWNYM gesendet: Tor Exit-IP gewechselt.
2026-09-06 04:45:56,739 [INFO] [+] Signal NEWNYM gesendet: Tor Exit-IP gewechselt.
2026-09-06 04:47:56,768 [INFO] [+] Signal NEWNYM gesendet: Tor Exit-IP gewechselt.
2026-09-06 04:49:56,807 [INFO] [+] Signal NEWNYM gesendet: Tor Exit-IP gewechselt.
2026-09-06 04:51:58,947 [INFO] [+] Signal NEWNYM gesendet: Tor Exit-IP gewechselt.
2026-09-06 04:53:58,978 [INFO] [+] Signal NEWNYM gesendet: Tor Exit-IP gewechselt.
2026-09-06 04:55:59,005 [INFO] [+] Signal NEWNYM gesendet: Tor Exit-IP gewechselt.
2026-09-06 04:57:59,036 [INFO] [+] Signal NEWNYM gesendet: Tor Exit-IP gewechselt.
2026-09-06 04:59:59,066 [INFO] [+] Signal NEWNYM gesendet: Tor Exit-IP gewechselt.
2026-09-06 05:02:01,272 [INFO] [+] Signal NEWNYM gesendet: Tor Exit-IP gewechselt.
2026-09-06 05:04:01,311 [INFO] [+] Signal NEWNYM gesendet: Tor Exit-IP gewechselt.
2026-09-06 05:06:01,341 [INFO] [+] Signal NEWNYM gesendet: Tor Exit-IP gewechselt.
2026-09-06 05:08:01,372 [INFO] [+] Signal NEWNYM gesendet: Tor Exit-IP gewechselt.
2026-09-06 05:10:03,537 [INFO] [+] Signal NEWNYM gesendet: Tor Exit-IP gewechselt.
2026-09-06 05:12:03,572 [INFO] [+] Signal NEWNYM gesendet: Tor Exit-IP gewechselt.
2026-09-06 05:14:03,598 [INFO] [+] Signal NEWNYM gesendet: Tor Exit-IP gewechselt.
2026-09-06 05:16:03,625 [INFO] [+] Signal NEWNYM gesendet: Tor Exit-IP gewechselt.
2026-09-06 05:18:05,813 [INFO] [+] Signal NEWNYM gesendet: Tor Exit-IP gewechselt.
2026-09-06 05:20:05,853 [INFO] [+] Signal NEWNYM gesendet: Tor Exit-IP gewechselt.
2026-09-06 05:22:05,879 [INFO] [+] Signal NEWNYM gesendet: Tor Exit-IP gewechselt.
2026-09-06 05:24:08,056 [INFO] [+] Signal NEWNYM gesendet: Tor Exit-IP gewechselt.
2026-09-06 05:26:08,085 [INFO] [+] Signal NEWNYM gesendet: Tor Exit-IP gewechselt.
2026-09-06 05:28:08,099 [ERROR] [-] Fehler beim Verbinden mit ControlPort (9051): [Errno 111] Connection refused
2026-09-06 05:28:33,611 [INFO] [Cleanup] Fahre Cyberdeck Tor Suite herunter...
2026-09-06 05:28:33,612 [INFO] Deaktiviere Windows-Systemproxy...
2026-09-06 05:28:33,850 [INFO] [+] Windows-Systemproxy erfolgreich deaktiviert.
2026-09-06 05:28:33,852 [INFO] Entferne temporäre Windows-Firewall-Regeln...
2026-09-06 05:28:35,640 [INFO] [+] Windows-Firewall-Regeln sauber gelöscht.
2026-09-06 05:28:35,667 [INFO] [+] DNS-Redirect-Tabelle erfolgreich entfernt.
2026-09-06 05:28:35,691 [INFO] [+] nftables Kill-Switch Tabelle erfolgreich gelöscht.
2026-09-06 05:28:35,695 [INFO] [+] Ursprüngliche /etc/resolv.conf wiederhergestellt.
2026-09-06 05:28:35,696 [INFO] Stoppe Privoxy-Dienst...
2026-09-06 05:28:35,697 [INFO] [+] Privoxy sauber beendet.
2026-09-06 05:28:35,698 [INFO] Stoppe Tor-Prozess und IP-Changer...
2026-09-06 05:28:35,705 [INFO] [+] Tor-Prozess sauber beendet.
2026-09-06 05:28:35,706 [INFO] Stoppe tor@default...
2026-09-06 05:28:35,712 [INFO] Prüfe auf verwaiste Tor-Prozesse und gebe Ports frei...
2026-09-06 05:28:36,222 [INFO] [+] tor@default beendet.
2026-09-06 05:28:36,224 [INFO] Unmounte RAM-Disk unter /mnt/tor_ramdisk...
2026-09-06 05:28:36,229 [INFO] [+] RAM-Disk sauber unmountet und Spuren beseitigt.
2026-09-06 05:28:36,230 [INFO] [+] Shutdown abgeschlossen. Sämtliche temporären Daten wurden aus dem RAM gelöscht.
2026-09-06 05:28:37,182 [INFO] [Vorbereitung] Entferne ggf. übrig gebliebenen Windows-Systemproxy (Stale-State)...
2026-09-06 05:28:37,183 [INFO] Deaktiviere Windows-Systemproxy...
2026-09-06 05:28:37,408 [INFO] [+] Windows-Systemproxy erfolgreich deaktiviert.
2026-09-06 05:28:37,409 [INFO] [Eingabe] Prüfe Systemvoraussetzungen...
2026-09-06 05:28:37,414 [INFO] [+] Systemcheck erfolgreich. WSL-IP ermittelt: 172.23.220.58
2026-09-06 05:28:37,415 [INFO] [Verarbeitung] Initialisiere 256MB RAM-Disk (tmpfs)...
2026-09-06 05:28:37,416 [INFO] Mounte 256MB tmpfs auf /mnt/tor_ramdisk...
2026-09-06 05:28:37,419 [INFO] [+] RAM-Disk erfolgreich gemountet.
2026-09-06 05:28:37,421 [INFO] [+] Unterstrukturen für Tor (/mnt/tor_ramdisk/tor_data) und Privoxy (/mnt/tor_ramdisk/privoxy) vorbereitet.
2026-09-06 05:28:37,422 [INFO] [Verarbeitung] Erzeuge dynamische Konfigurationsdateien in der RAM-Disk...
2026-09-06 05:28:37,670 [INFO] [+] Dynamische torrc erfolgreich in RAM-Disk erzeugt: /mnt/tor_ramdisk/torrc
2026-09-06 05:28:37,679 [INFO] [+] Privoxy user.action (Härtung) in RAM-Disk erzeugt: /mnt/tor_ramdisk/user.action
2026-09-06 05:28:37,680 [INFO] [+] Gehärtete Privoxy-Config in RAM-Disk erzeugt: /mnt/tor_ramdisk/privoxy.conf
2026-09-06 05:28:37,680 [INFO] [Verarbeitung] Wende strikte POSIX-Sicherheitsrechte an...
2026-09-06 05:28:37,681 [INFO] Setze strikte Dateirechte & erstelle Systempfade...
2026-09-06 05:28:37,682 [INFO] [+] Pfad /mnt/tor_ramdisk/torrc mit Rechte 0600 & User-UID 136 vorbereitet.
2026-09-06 05:28:37,683 [INFO] [Verarbeitung] Konfiguriere Windows Defender Firewall-Regeln...
2026-09-06 05:28:37,684 [INFO] Konfiguriere Windows-Firewall-Regeln für Ports 8118 (Privoxy) & 8443 (ORPort)...
2026-09-06 05:28:39,380 [INFO] [+] Firewall-Regeln erfolgreich gesetzt (8118 & 8443 TCP).
2026-09-06 05:28:39,382 [INFO] [Verarbeitung] Bereinige verwaiste Tor-Prozesse und aktiviere Tor-Dienst...
2026-09-06 05:28:39,383 [INFO] Stoppe System-Tor-Instanz (tor@default)...
2026-09-06 05:28:39,389 [INFO] Prüfe auf verwaiste Tor-Prozesse und gebe Ports frei...
2026-09-06 05:28:39,900 [INFO] [+] System-Tor gestoppt – Ports frei für den Suite-eigenen Tor (RAM-Disk).
2026-09-06 05:28:39,901 [INFO] [Verarbeitung] Starte Tor-Dienst und Stealth-Relay (warte auf Bootstrap 100%)...
2026-09-06 05:28:39,906 [INFO] [+] Dynamische torrc erfolgreich in RAM-Disk erzeugt: /mnt/tor_ramdisk/torrc
2026-09-06 05:28:39,908 [INFO] Starte Tor als direkten Prozess: tor -f /mnt/tor_ramdisk/torrc
2026-09-06 05:28:41,910 [INFO] Warte auf Tor-Bootstrap (kann bei europäischen Exit-Nodes einen Moment dauern)...
2026-09-06 05:28:52,991 [INFO] [+] Tor erfolgreich gestartet und zu 100% bootstrapped.
2026-09-06 05:28:52,992 [INFO] [*] IP-Changer gestartet (Rotation alle 120 Sekunden).
2026-09-06 05:28:52,998 [INFO] [Verarbeitung] Tor bootstrapped (100%) – aktiviere DNS-Leak-Schutz & Kill-Switch...
2026-09-06 05:28:53,001 [INFO] [+] /etc/resolv.conf gehärtet und auf lokalen Tor-DNS umgeleitet.
2026-09-06 05:28:53,005 [INFO] [+] DNS-Redirect aktiv: jeder Port-53-Aufruf -> Tor-DNSPort 5353 (kein DNS-Leak).
2026-09-06 05:28:53,009 [INFO] [+] nftables Kill-Switch aktiv (Exklusiver Outbound für Tor-UID 136, DNS-Port 5353).
2026-09-06 05:28:53,010 [INFO] [Verarbeitung] Starte gehärteten Privoxy-Proxy...
2026-09-06 05:28:53,019 [INFO] [+] Privoxy user.action (Härtung) in RAM-Disk erzeugt: /mnt/tor_ramdisk/user.action
2026-09-06 05:28:53,019 [INFO] [+] Gehärtete Privoxy-Config in RAM-Disk erzeugt: /mnt/tor_ramdisk/privoxy.conf
2026-09-06 05:28:53,020 [INFO] Starte Privoxy als direkten Prozess mit RAM-Disk-Config...
2026-09-06 05:28:56,676 [INFO] [+] Privoxy erfolgreich gestartet (Hört auf 0.0.0.0:8118).
2026-09-06 05:28:56,677 [INFO] [Ausgabe] Aktiviere Windows-Systemproxy...
2026-09-06 05:28:56,678 [INFO] Setze Windows-Systemproxy auf 172.23.220.58:8118...
2026-09-06 05:28:56,945 [INFO] [+] Windows-Systemproxy erfolgreich aktiviert (172.23.220.58:8118).
2026-09-06 05:28:56,947 [INFO] [SUCCESS] Tor Suite ist aktiv!
2026-09-06 05:28:56,949 [INFO]  - Privoxy Proxy: 172.23.220.58:8118
2026-09-06 05:28:56,950 [INFO]  - Tor Relay ORPort: 8443
2026-09-06 05:28:56,951 [INFO]  - IP-Rotation: Alle 120 Sekunden
2026-09-06 05:28:56,952 [INFO]  - Spurenschutz: Aktive 256MB RAM-Disk (tmpfs) + nftables Kill-Switch
2026-09-06 05:30:55,178 [INFO] [+] Signal NEWNYM gesendet: Tor Exit-IP gewechselt.
2026-09-06 05:32:55,203 [INFO] [+] Signal NEWNYM gesendet: Tor Exit-IP gewechselt.
2026-09-06 05:34:55,226 [INFO] [+] Signal NEWNYM gesendet: Tor Exit-IP gewechselt.
2026-09-06 05:36:55,248 [INFO] [+] Signal NEWNYM gesendet: Tor Exit-IP gewechselt.
2026-09-06 05:38:57,430 [INFO] [+] Signal NEWNYM gesendet: Tor Exit-IP gewechselt.
2026-09-06 05:40:57,460 [INFO] [+] Signal NEWNYM gesendet: Tor Exit-IP gewechselt.
2026-09-06 05:42:57,496 [INFO] [+] Signal NEWNYM gesendet: Tor Exit-IP gewechselt.
2026-09-06 05:44:59,473 [INFO] [+] Signal NEWNYM gesendet: Tor Exit-IP gewechselt.
2026-09-06 05:46:59,499 [INFO] [+] Signal NEWNYM gesendet: Tor Exit-IP gewechselt.
2026-09-06 05:48:59,521 [INFO] [+] Signal NEWNYM gesendet: Tor Exit-IP gewechselt.
2026-09-06 05:50:47,490 [INFO] [Cleanup] Fahre Cyberdeck Tor Suite herunter...
2026-09-06 05:50:47,492 [INFO] Deaktiviere Windows-Systemproxy...
2026-09-06 05:50:47,744 [INFO] [+] Windows-Systemproxy erfolgreich deaktiviert.
2026-09-06 05:50:47,745 [INFO] Entferne temporäre Windows-Firewall-Regeln...
2026-09-06 05:50:49,466 [INFO] [+] Windows-Firewall-Regeln sauber gelöscht.
2026-09-06 05:50:49,491 [INFO] [+] DNS-Redirect-Tabelle erfolgreich entfernt.
2026-09-06 05:50:49,515 [INFO] [+] nftables Kill-Switch Tabelle erfolgreich gelöscht.
2026-09-06 05:50:49,520 [INFO] [+] Ursprüngliche /etc/resolv.conf wiederhergestellt.
2026-09-06 05:50:49,521 [INFO] Stoppe Privoxy-Dienst...
2026-09-06 05:50:49,523 [INFO] [+] Privoxy sauber beendet.
2026-09-06 05:50:49,524 [INFO] Stoppe Tor-Prozess und IP-Changer...
2026-09-06 05:50:52,804 [INFO] [+] Tor-Prozess sauber beendet.
2026-09-06 05:50:52,805 [INFO] Stoppe tor@default...
2026-09-06 05:50:52,812 [INFO] Prüfe auf verwaiste Tor-Prozesse und gebe Ports frei...
2026-09-06 05:50:53,322 [INFO] [+] tor@default beendet.
2026-09-06 05:50:53,323 [INFO] Unmounte RAM-Disk unter /mnt/tor_ramdisk...
2026-09-06 05:50:53,345 [INFO] [+] RAM-Disk sauber unmountet und Spuren beseitigt.
2026-09-06 05:50:53,346 [INFO] [+] Shutdown abgeschlossen. Sämtliche temporären Daten wurden aus dem RAM gelöscht.
2026-09-06 05:50:59,825 [INFO] [Vorbereitung] Entferne ggf. übrig gebliebenen Windows-Systemproxy (Stale-State)...
2026-09-06 05:50:59,826 [INFO] Deaktiviere Windows-Systemproxy...
2026-09-06 05:51:00,051 [INFO] [+] Windows-Systemproxy erfolgreich deaktiviert.
2026-09-06 05:51:00,052 [INFO] [Eingabe] Prüfe Systemvoraussetzungen...
2026-09-06 05:51:00,056 [INFO] [+] Systemcheck erfolgreich. WSL-IP ermittelt: 172.23.220.58
2026-09-06 05:51:00,057 [INFO] [Verarbeitung] Initialisiere 256MB RAM-Disk (tmpfs)...
2026-09-06 05:51:00,059 [INFO] Mounte 256MB tmpfs auf /mnt/tor_ramdisk...
2026-09-06 05:51:00,062 [INFO] [+] RAM-Disk erfolgreich gemountet.
2026-09-06 05:51:00,063 [INFO] [+] Unterstrukturen für Tor (/mnt/tor_ramdisk/tor_data) und Privoxy (/mnt/tor_ramdisk/privoxy) vorbereitet.
2026-09-06 05:51:00,064 [INFO] [Verarbeitung] Erzeuge dynamische Konfigurationsdateien in der RAM-Disk...
2026-09-06 05:51:00,307 [INFO] [+] Dynamische torrc erfolgreich in RAM-Disk erzeugt: /mnt/tor_ramdisk/torrc
2026-09-06 05:51:00,316 [INFO] [+] Privoxy user.action (Härtung) in RAM-Disk erzeugt: /mnt/tor_ramdisk/user.action
2026-09-06 05:51:00,317 [INFO] [+] Gehärtete Privoxy-Config in RAM-Disk erzeugt: /mnt/tor_ramdisk/privoxy.conf
2026-09-06 05:51:00,318 [INFO] [Verarbeitung] Wende strikte POSIX-Sicherheitsrechte an...
2026-09-06 05:51:00,319 [INFO] Setze strikte Dateirechte & erstelle Systempfade...
2026-09-06 05:51:00,319 [INFO] [+] Pfad /mnt/tor_ramdisk/torrc mit Rechte 0600 & User-UID 136 vorbereitet.
2026-09-06 05:51:00,320 [INFO] [Verarbeitung] Konfiguriere Windows Defender Firewall-Regeln...
2026-09-06 05:51:00,321 [INFO] Konfiguriere Windows-Firewall-Regeln für Ports 8118 (Privoxy) & 8443 (ORPort)...
2026-09-06 05:51:01,983 [INFO] [+] Firewall-Regeln erfolgreich gesetzt (8118 & 8443 TCP).
2026-09-06 05:51:01,985 [INFO] [Verarbeitung] Bereinige verwaiste Tor-Prozesse und aktiviere Tor-Dienst...
2026-09-06 05:51:01,985 [INFO] Stoppe System-Tor-Instanz (tor@default)...
2026-09-06 05:51:01,992 [INFO] Prüfe auf verwaiste Tor-Prozesse und gebe Ports frei...
2026-09-06 05:51:02,502 [INFO] [+] System-Tor gestoppt – Ports frei für den Suite-eigenen Tor (RAM-Disk).
2026-09-06 05:51:02,503 [INFO] [Verarbeitung] Starte Tor-Dienst und Stealth-Relay (warte auf Bootstrap 100%)...
2026-09-06 05:51:02,508 [INFO] [+] Dynamische torrc erfolgreich in RAM-Disk erzeugt: /mnt/tor_ramdisk/torrc
2026-09-06 05:51:02,510 [INFO] Starte Tor als direkten Prozess: tor -f /mnt/tor_ramdisk/torrc
2026-09-06 05:51:04,511 [INFO] Warte auf Tor-Bootstrap (kann bei europäischen Exit-Nodes einen Moment dauern)...
2026-09-06 05:51:17,192 [INFO] [+] Tor erfolgreich gestartet und zu 100% bootstrapped.
2026-09-06 05:51:17,193 [INFO] [*] IP-Changer gestartet (Rotation alle 120 Sekunden).
2026-09-06 05:51:17,198 [INFO] [Verarbeitung] Tor bootstrapped (100%) – aktiviere DNS-Leak-Schutz & Kill-Switch...
2026-09-06 05:51:17,203 [INFO] [+] /etc/resolv.conf gehärtet und auf lokalen Tor-DNS umgeleitet.
2026-09-06 05:51:17,207 [INFO] [+] DNS-Redirect aktiv: jeder Port-53-Aufruf -> Tor-DNSPort 5353 (kein DNS-Leak).
2026-09-06 05:51:17,212 [INFO] [+] nftables Kill-Switch aktiv (Exklusiver Outbound für Tor-UID 136, DNS-Port 5353).
2026-09-06 05:51:17,213 [INFO] [Verarbeitung] Starte gehärteten Privoxy-Proxy...
2026-09-06 05:51:17,221 [INFO] [+] Privoxy user.action (Härtung) in RAM-Disk erzeugt: /mnt/tor_ramdisk/user.action
2026-09-06 05:51:17,222 [INFO] [+] Gehärtete Privoxy-Config in RAM-Disk erzeugt: /mnt/tor_ramdisk/privoxy.conf
2026-09-06 05:51:17,223 [INFO] Starte Privoxy als direkten Prozess mit RAM-Disk-Config...
2026-09-06 05:51:18,726 [INFO] [+] Privoxy erfolgreich gestartet (Hört auf 0.0.0.0:8118).
2026-09-06 05:51:18,727 [INFO] [Ausgabe] Aktiviere Windows-Systemproxy...
2026-09-06 05:51:18,728 [INFO] Setze Windows-Systemproxy auf 172.23.220.58:8118...
2026-09-06 05:51:18,985 [INFO] [+] Windows-Systemproxy erfolgreich aktiviert (172.23.220.58:8118).
2026-09-06 05:51:18,986 [INFO] [SUCCESS] Tor Suite ist aktiv!
2026-09-06 05:51:18,988 [INFO]  - Privoxy Proxy: 172.23.220.58:8118
2026-09-06 05:51:18,989 [INFO]  - Tor Relay ORPort: 8443
2026-09-06 05:51:18,990 [INFO]  - IP-Rotation: Alle 120 Sekunden
2026-09-06 05:51:18,991 [INFO]  - Spurenschutz: Aktive 256MB RAM-Disk (tmpfs) + nftables Kill-Switch
2026-09-06 05:53:17,221 [INFO] [+] Signal NEWNYM gesendet: Tor Exit-IP gewechselt.
2026-09-06 05:55:17,245 [INFO] [+] Signal NEWNYM gesendet: Tor Exit-IP gewechselt.
2026-09-06 05:57:19,443 [INFO] [+] Signal NEWNYM gesendet: Tor Exit-IP gewechselt.
2026-09-06 05:59:19,465 [INFO] [+] Signal NEWNYM gesendet: Tor Exit-IP gewechselt.
2026-09-06 06:01:19,487 [INFO] [+] Signal NEWNYM gesendet: Tor Exit-IP gewechselt.
2026-09-06 06:03:19,517 [INFO] [+] Signal NEWNYM gesendet: Tor Exit-IP gewechselt.
2026-09-06 06:05:19,539 [INFO] [+] Signal NEWNYM gesendet: Tor Exit-IP gewechselt.
2026-09-06 06:07:21,476 [INFO] [+] Signal NEWNYM gesendet: Tor Exit-IP gewechselt.
2026-09-06 06:09:21,497 [INFO] [+] Signal NEWNYM gesendet: Tor Exit-IP gewechselt.
2026-09-06 06:11:21,520 [INFO] [+] Signal NEWNYM gesendet: Tor Exit-IP gewechselt.
2026-09-06 06:13:26,539 [ERROR] [-] Fehler beim Verbinden mit ControlPort (9051): timed out
2026-09-06 06:15:28,070 [INFO] [+] Signal NEWNYM gesendet: Tor Exit-IP gewechselt.
2026-09-06 06:17:30,291 [INFO] [+] Signal NEWNYM gesendet: Tor Exit-IP gewechselt.
2026-09-06 06:19:30,327 [INFO] [+] Signal NEWNYM gesendet: Tor Exit-IP gewechselt.
2026-09-06 06:21:30,352 [INFO] [+] Signal NEWNYM gesendet: Tor Exit-IP gewechselt.
2026-09-06 06:23:30,382 [INFO] [+] Signal NEWNYM gesendet: Tor Exit-IP gewechselt.
2026-09-06 06:25:32,458 [INFO] [+] Signal NEWNYM gesendet: Tor Exit-IP gewechselt.
2026-09-06 06:27:32,486 [INFO] [+] Signal NEWNYM gesendet: Tor Exit-IP gewechselt.
2026-09-06 06:29:32,512 [INFO] [+] Signal NEWNYM gesendet: Tor Exit-IP gewechselt.
2026-09-06 06:31:32,540 [INFO] [+] Signal NEWNYM gesendet: Tor Exit-IP gewechselt.
2026-09-06 06:33:30,417 [INFO] [Cleanup] Fahre Cyberdeck Tor Suite herunter...
2026-09-06 06:33:30,419 [INFO] Deaktiviere Windows-Systemproxy...
2026-09-06 06:33:30,679 [INFO] [+] Windows-Systemproxy erfolgreich deaktiviert.
2026-09-06 06:33:30,680 [INFO] Entferne temporäre Windows-Firewall-Regeln...
2026-09-06 06:33:32,462 [INFO] [+] Windows-Firewall-Regeln sauber gelöscht.
2026-09-06 06:33:32,499 [INFO] [+] DNS-Redirect-Tabelle erfolgreich entfernt.
2026-09-06 06:33:32,519 [INFO] [+] nftables Kill-Switch Tabelle erfolgreich gelöscht.
2026-09-06 06:33:32,524 [INFO] [+] Ursprüngliche /etc/resolv.conf wiederhergestellt.
2026-09-06 06:33:32,525 [INFO] Stoppe Privoxy-Dienst...
2026-09-06 06:33:32,531 [INFO] [+] Privoxy sauber beendet.
2026-09-06 06:33:32,532 [INFO] Stoppe Tor-Prozess und IP-Changer...
2026-09-06 06:33:35,207 [INFO] [+] Tor-Prozess sauber beendet.
2026-09-06 06:33:35,209 [INFO] Stoppe tor@default...
2026-09-06 06:33:35,216 [INFO] Prüfe auf verwaiste Tor-Prozesse und gebe Ports frei...
2026-09-06 06:33:35,725 [INFO] [+] tor@default beendet.
2026-09-06 06:33:35,727 [INFO] Unmounte RAM-Disk unter /mnt/tor_ramdisk...
2026-09-06 06:33:35,750 [INFO] [+] RAM-Disk sauber unmountet und Spuren beseitigt.
2026-09-06 06:33:35,751 [INFO] [+] Shutdown abgeschlossen. Sämtliche temporären Daten wurden aus dem RAM gelöscht.
2026-09-06 09:18:57,457 [INFO] [Vorbereitung] Entferne ggf. übrig gebliebenen Windows-Systemproxy (Stale-State)...
2026-09-06 09:18:57,458 [INFO] Deaktiviere Windows-Systemproxy...
2026-09-06 09:18:57,705 [INFO] [+] Windows-Systemproxy erfolgreich deaktiviert.
2026-09-06 09:18:57,706 [INFO] [Eingabe] Prüfe Systemvoraussetzungen...
2026-09-06 09:18:57,709 [INFO] [+] Systemcheck erfolgreich. WSL-IP ermittelt: 172.23.220.58
2026-09-06 09:18:57,711 [INFO] [Verarbeitung] Initialisiere 256MB RAM-Disk (tmpfs)...
2026-09-06 09:18:57,713 [INFO] Mounte 256MB tmpfs auf /mnt/tor_ramdisk...
2026-09-06 09:18:57,716 [INFO] [+] RAM-Disk erfolgreich gemountet.
2026-09-06 09:18:57,717 [INFO] [+] Unterstrukturen für Tor (/mnt/tor_ramdisk/tor_data) und Privoxy (/mnt/tor_ramdisk/privoxy) vorbereitet.
2026-09-06 09:18:57,718 [INFO] [Verarbeitung] Erzeuge dynamische Konfigurationsdateien in der RAM-Disk...
2026-09-06 09:18:57,990 [INFO] [+] Dynamische torrc erfolgreich in RAM-Disk erzeugt: /mnt/tor_ramdisk/torrc
2026-09-06 09:18:57,999 [INFO] [+] Privoxy user.action (Härtung) in RAM-Disk erzeugt: /mnt/tor_ramdisk/user.action
2026-09-06 09:18:58,000 [INFO] [+] Gehärtete Privoxy-Config in RAM-Disk erzeugt: /mnt/tor_ramdisk/privoxy.conf
2026-09-06 09:18:58,001 [INFO] [Verarbeitung] Wende strikte POSIX-Sicherheitsrechte an...
2026-09-06 09:18:58,002 [INFO] Setze strikte Dateirechte & erstelle Systempfade...
2026-09-06 09:18:58,003 [INFO] [+] Pfad /mnt/tor_ramdisk/torrc mit Rechte 0600 & User-UID 136 vorbereitet.
2026-09-06 09:18:58,004 [INFO] [Verarbeitung] Konfiguriere Windows Defender Firewall-Regeln...
2026-09-06 09:18:58,005 [INFO] Konfiguriere Windows-Firewall-Regeln für Ports 8118 (Privoxy) & 8443 (ORPort)...
2026-09-06 09:18:59,901 [ERROR] [-] PowerShell-Firewall-Fehler: New-NetFirewallRule : Zugriff verweigert 
In Zeile:1 Zeichen:97
+ ... lyContinue; New-NetFirewallRule -DisplayName "Cyberdeck_TorSuite_Priv ...
+                 ~~~~~~~~~~~~~~~~~~~~~~~~~~~~~~~~~~~~~~~~~~~~~~~~~~~~~~~~~
    + CategoryInfo          : PermissionDenied: (MSFT_NetFirewallRule:root/standardcimv2/MSFT_NetFirewallRule) [New-Ne 
   tFirewallRule], CimException
    + FullyQualifiedErrorId : Windows System Error 5,New-NetFirewallRule
 
New-NetFirewallRule : Zugriff verweigert 
In Zeile:1 Zeichen:390
+ ... lyContinue; New-NetFirewallRule -DisplayName "Cyberdeck_TorSuite_ORPo ...
+                 ~~~~~~~~~~~~~~~~~~~~~~~~~~~~~~~~~~~~~~~~~~~~~~~~~~~~~~~~~
    + CategoryInfo          : PermissionDenied: (MSFT_NetFirewallRule:root/standardcimv2/MSFT_NetFirewallRule) [New-Ne 
   tFirewallRule], CimException
    + FullyQualifiedErrorId : Windows System Error 5,New-NetFirewallRule
2026-09-06 09:18:59,903 [WARNING] [!] Firewall-Regeln konnten teilweise nicht gesetzt werden (Elevated Admin-Rechte unter Windows erforderlich).
2026-09-06 09:18:59,904 [INFO] [Verarbeitung] Bereinige verwaiste Tor-Prozesse und aktiviere Tor-Dienst...
2026-09-06 09:18:59,905 [INFO] Stoppe System-Tor-Instanz (tor@default)...
2026-09-06 09:18:59,912 [INFO] Prüfe auf verwaiste Tor-Prozesse und gebe Ports frei...
2026-09-06 09:19:00,424 [INFO] [+] System-Tor gestoppt – Ports frei für den Suite-eigenen Tor (RAM-Disk).
2026-09-06 09:19:00,425 [INFO] [Verarbeitung] Starte Tor-Dienst und Stealth-Relay (warte auf Bootstrap 100%)...
2026-09-06 09:19:00,430 [INFO] [+] Dynamische torrc erfolgreich in RAM-Disk erzeugt: /mnt/tor_ramdisk/torrc
2026-09-06 09:19:00,432 [INFO] Starte Tor als direkten Prozess: tor -f /mnt/tor_ramdisk/torrc
2026-09-06 09:19:02,434 [INFO] Warte auf Tor-Bootstrap (kann bei europäischen Exit-Nodes einen Moment dauern)...
2026-09-06 09:19:28,878 [INFO] [+] Tor erfolgreich gestartet und zu 100% bootstrapped.
2026-09-06 09:19:28,879 [INFO] [*] IP-Changer gestartet (Rotation alle 120 Sekunden).
2026-09-06 09:19:28,885 [INFO] [Verarbeitung] Tor bootstrapped (100%) – aktiviere DNS-Leak-Schutz & Kill-Switch...
2026-09-06 09:19:28,890 [INFO] [+] /etc/resolv.conf gehärtet und auf lokalen Tor-DNS umgeleitet.
2026-09-06 09:19:28,934 [INFO] [+] DNS-Redirect aktiv: jeder Port-53-Aufruf -> Tor-DNSPort 5353 (kein DNS-Leak).
2026-09-06 09:19:28,939 [INFO] [+] nftables Kill-Switch aktiv (Exklusiver Outbound für Tor-UID 136, DNS-Port 5353).
2026-09-06 09:19:28,941 [INFO] [Verarbeitung] Starte gehärteten Privoxy-Proxy...
2026-09-06 09:19:28,953 [INFO] [+] Privoxy user.action (Härtung) in RAM-Disk erzeugt: /mnt/tor_ramdisk/user.action
2026-09-06 09:19:28,954 [INFO] [+] Gehärtete Privoxy-Config in RAM-Disk erzeugt: /mnt/tor_ramdisk/privoxy.conf
2026-09-06 09:19:28,955 [INFO] Starte Privoxy als direkten Prozess mit RAM-Disk-Config...
2026-09-06 09:19:30,460 [INFO] [+] Privoxy erfolgreich gestartet (Hört auf 0.0.0.0:8118).
2026-09-06 09:19:30,461 [INFO] [Ausgabe] Aktiviere Windows-Systemproxy...
2026-09-06 09:19:30,462 [INFO] Setze Windows-Systemproxy auf 172.23.220.58:8118...
2026-09-06 09:19:30,713 [INFO] [+] Windows-Systemproxy erfolgreich aktiviert (172.23.220.58:8118).
2026-09-06 09:19:30,715 [INFO] [SUCCESS] Tor Suite ist aktiv!
2026-09-06 09:19:30,716 [INFO]  - Privoxy Proxy: 172.23.220.58:8118
2026-09-06 09:19:30,717 [INFO]  - Tor Relay ORPort: 8443
2026-09-06 09:19:30,718 [INFO]  - IP-Rotation: Alle 120 Sekunden
2026-09-06 09:19:30,719 [INFO]  - Spurenschutz: Aktive 256MB RAM-Disk (tmpfs) + nftables Kill-Switch
2026-09-06 09:21:26,366 [INFO] [+] Signal NEWNYM gesendet: Tor Exit-IP gewechselt.
2026-09-06 09:23:26,388 [INFO] [+] Signal NEWNYM gesendet: Tor Exit-IP gewechselt.
2026-09-06 09:25:26,417 [INFO] [+] Signal NEWNYM gesendet: Tor Exit-IP gewechselt.
2026-09-06 09:27:28,782 [INFO] [+] Signal NEWNYM gesendet: Tor Exit-IP gewechselt.
2026-09-06 09:29:28,807 [INFO] [+] Signal NEWNYM gesendet: Tor Exit-IP gewechselt.
2026-09-06 09:31:28,832 [INFO] [+] Signal NEWNYM gesendet: Tor Exit-IP gewechselt.
2026-09-06 09:33:31,130 [INFO] [+] Signal NEWNYM gesendet: Tor Exit-IP gewechselt.
2026-09-06 09:35:31,153 [INFO] [+] Signal NEWNYM gesendet: Tor Exit-IP gewechselt.
2026-09-06 09:37:31,176 [INFO] [+] Signal NEWNYM gesendet: Tor Exit-IP gewechselt.
2026-09-06 09:39:31,202 [INFO] [+] Signal NEWNYM gesendet: Tor Exit-IP gewechselt.
2026-09-06 09:41:33,446 [INFO] [+] Signal NEWNYM gesendet: Tor Exit-IP gewechselt.
2026-09-06 09:43:33,476 [INFO] [+] Signal NEWNYM gesendet: Tor Exit-IP gewechselt.
2026-09-06 09:45:33,507 [INFO] [+] Signal NEWNYM gesendet: Tor Exit-IP gewechselt.
2026-09-06 09:47:33,536 [INFO] [+] Signal NEWNYM gesendet: Tor Exit-IP gewechselt.
2026-09-06 09:49:35,926 [INFO] [+] Signal NEWNYM gesendet: Tor Exit-IP gewechselt.
2026-09-06 09:51:35,965 [INFO] [+] Signal NEWNYM gesendet: Tor Exit-IP gewechselt.
2026-09-06 09:53:36,007 [INFO] [+] Signal NEWNYM gesendet: Tor Exit-IP gewechselt.
2026-09-06 09:55:38,016 [INFO] [+] Signal NEWNYM gesendet: Tor Exit-IP gewechselt.
2026-09-06 09:57:38,045 [INFO] [+] Signal NEWNYM gesendet: Tor Exit-IP gewechselt.
2026-09-06 09:59:38,073 [INFO] [+] Signal NEWNYM gesendet: Tor Exit-IP gewechselt.
2026-09-06 10:01:38,102 [INFO] [+] Signal NEWNYM gesendet: Tor Exit-IP gewechselt.
2026-09-06 10:03:40,491 [INFO] [+] Signal NEWNYM gesendet: Tor Exit-IP gewechselt.
2026-09-06 10:05:40,518 [INFO] [+] Signal NEWNYM gesendet: Tor Exit-IP gewechselt.
2026-09-06 10:07:40,545 [INFO] [+] Signal NEWNYM gesendet: Tor Exit-IP gewechselt.
2026-09-06 10:09:40,575 [INFO] [+] Signal NEWNYM gesendet: Tor Exit-IP gewechselt.
2026-09-06 10:11:42,593 [INFO] [+] Signal NEWNYM gesendet: Tor Exit-IP gewechselt.
2026-09-06 10:13:42,623 [INFO] [+] Signal NEWNYM gesendet: Tor Exit-IP gewechselt.
2026-09-06 10:15:42,656 [INFO] [+] Signal NEWNYM gesendet: Tor Exit-IP gewechselt.
2026-09-06 10:17:42,686 [INFO] [+] Signal NEWNYM gesendet: Tor Exit-IP gewechselt.
2026-09-06 10:19:45,102 [INFO] [+] Signal NEWNYM gesendet: Tor Exit-IP gewechselt.
2026-09-06 10:21:45,132 [INFO] [+] Signal NEWNYM gesendet: Tor Exit-IP gewechselt.
2026-09-06 10:23:45,161 [INFO] [+] Signal NEWNYM gesendet: Tor Exit-IP gewechselt.
2026-09-06 10:25:45,193 [INFO] [+] Signal NEWNYM gesendet: Tor Exit-IP gewechselt.
2026-09-06 10:27:47,617 [INFO] [+] Signal NEWNYM gesendet: Tor Exit-IP gewechselt.
2026-09-06 10:29:47,647 [INFO] [+] Signal NEWNYM gesendet: Tor Exit-IP gewechselt.
2026-09-06 10:31:47,677 [INFO] [+] Signal NEWNYM gesendet: Tor Exit-IP gewechselt.
2026-09-06 10:33:47,707 [INFO] [+] Signal NEWNYM gesendet: Tor Exit-IP gewechselt.
2026-09-06 10:35:47,737 [INFO] [+] Signal NEWNYM gesendet: Tor Exit-IP gewechselt.
2026-09-06 10:37:47,768 [INFO] [+] Signal NEWNYM gesendet: Tor Exit-IP gewechselt.
2026-09-06 10:38:05,302 [INFO] [Cleanup] Fahre Cyberdeck Tor Suite herunter...
2026-09-06 10:38:05,303 [INFO] Deaktiviere Windows-Systemproxy...
2026-09-06 10:38:05,547 [INFO] [+] Windows-Systemproxy erfolgreich deaktiviert.
2026-09-06 10:38:05,548 [INFO] Entferne temporäre Windows-Firewall-Regeln...
2026-09-06 10:38:07,316 [ERROR] [-] PowerShell-Firewall-Fehler: 
2026-09-06 10:38:07,318 [ERROR] [-] Fehler beim Löschen der Firewall-Regeln.
2026-09-06 10:38:07,338 [INFO] [+] DNS-Redirect-Tabelle erfolgreich entfernt.
2026-09-06 10:38:07,358 [INFO] [+] nftables Kill-Switch Tabelle erfolgreich gelöscht.
2026-09-06 10:38:07,363 [INFO] [+] Ursprüngliche /etc/resolv.conf wiederhergestellt.
2026-09-06 10:38:07,363 [INFO] Stoppe Privoxy-Dienst...
2026-09-06 10:38:07,368 [INFO] [+] Privoxy sauber beendet.
2026-09-06 10:38:07,370 [INFO] Stoppe Tor-Prozess und IP-Changer...
2026-09-06 10:38:07,543 [INFO] [+] Tor-Prozess sauber beendet.
2026-09-06 10:38:07,544 [INFO] Stoppe tor@default...
2026-09-06 10:38:07,551 [INFO] Prüfe auf verwaiste Tor-Prozesse und gebe Ports frei...
2026-09-06 10:38:08,063 [INFO] [+] tor@default beendet.
2026-09-06 10:38:08,064 [INFO] Unmounte RAM-Disk unter /mnt/tor_ramdisk...
2026-09-06 10:38:08,087 [INFO] [+] RAM-Disk sauber unmountet und Spuren beseitigt.
2026-09-06 10:38:08,088 [INFO] [+] Shutdown abgeschlossen. Sämtliche temporären Daten wurden aus dem RAM gelöscht.
2026-09-06 16:58:15,512 [INFO] [Vorbereitung] Entferne ggf. übrig gebliebenen Windows-Systemproxy (Stale-State)...
2026-09-06 16:58:15,513 [INFO] Deaktiviere Windows-Systemproxy...
2026-09-06 16:58:15,772 [INFO] [+] Windows-Systemproxy erfolgreich deaktiviert.
2026-09-06 16:58:15,773 [INFO] [Eingabe] Prüfe Systemvoraussetzungen...
2026-09-06 16:58:15,776 [INFO] [+] Systemcheck erfolgreich. WSL-IP ermittelt: 172.23.220.58
2026-09-06 16:58:15,777 [INFO] [Verarbeitung] Initialisiere 256MB RAM-Disk (tmpfs)...
2026-09-06 16:58:15,779 [INFO] Mounte 256MB tmpfs auf /mnt/tor_ramdisk...
2026-09-06 16:58:15,782 [INFO] [+] RAM-Disk erfolgreich gemountet.
2026-09-06 16:58:15,784 [INFO] [+] Unterstrukturen für Tor (/mnt/tor_ramdisk/tor_data) und Privoxy (/mnt/tor_ramdisk/privoxy) vorbereitet.
2026-09-06 16:58:15,785 [INFO] [Verarbeitung] Erzeuge dynamische Konfigurationsdateien in der RAM-Disk...
2026-09-06 16:58:16,113 [INFO] [+] Dynamische torrc erfolgreich in RAM-Disk erzeugt: /mnt/tor_ramdisk/torrc
2026-09-06 16:58:16,128 [INFO] [+] Privoxy user.action (Härtung) in RAM-Disk erzeugt: /mnt/tor_ramdisk/user.action
2026-09-06 16:58:16,129 [INFO] [+] Gehärtete Privoxy-Config in RAM-Disk erzeugt: /mnt/tor_ramdisk/privoxy.conf
2026-09-06 16:58:16,130 [INFO] [Verarbeitung] Wende strikte POSIX-Sicherheitsrechte an...
2026-09-06 16:58:16,131 [INFO] Setze strikte Dateirechte & erstelle Systempfade...
2026-09-06 16:58:16,132 [INFO] [+] Pfad /mnt/tor_ramdisk/torrc mit Rechte 0600 & User-UID 136 vorbereitet.
2026-09-06 16:58:16,134 [INFO] [Verarbeitung] Konfiguriere Windows Defender Firewall-Regeln...
2026-09-06 16:58:16,135 [INFO] Konfiguriere Windows-Firewall-Regeln für Ports 8118 (Privoxy) & 8443 (ORPort)...
2026-09-06 16:58:19,921 [ERROR] [-] PowerShell-Firewall-Fehler: New-NetFirewallRule : Zugriff verweigert 
In Zeile:1 Zeichen:97
+ ... lyContinue; New-NetFirewallRule -DisplayName "Cyberdeck_TorSuite_Priv ...
+                 ~~~~~~~~~~~~~~~~~~~~~~~~~~~~~~~~~~~~~~~~~~~~~~~~~~~~~~~~~
    + CategoryInfo          : PermissionDenied: (MSFT_NetFirewallRule:root/standardcimv2/MSFT_NetFirewallRule) [New-Ne 
   tFirewallRule], CimException
    + FullyQualifiedErrorId : Windows System Error 5,New-NetFirewallRule
 
New-NetFirewallRule : Zugriff verweigert 
In Zeile:1 Zeichen:390
+ ... lyContinue; New-NetFirewallRule -DisplayName "Cyberdeck_TorSuite_ORPo ...
+                 ~~~~~~~~~~~~~~~~~~~~~~~~~~~~~~~~~~~~~~~~~~~~~~~~~~~~~~~~~
    + CategoryInfo          : PermissionDenied: (MSFT_NetFirewallRule:root/standardcimv2/MSFT_NetFirewallRule) [New-Ne 
   tFirewallRule], CimException
    + FullyQualifiedErrorId : Windows System Error 5,New-NetFirewallRule
2026-09-06 16:58:19,947 [WARNING] [!] Firewall-Regeln konnten teilweise nicht gesetzt werden (Elevated Admin-Rechte unter Windows erforderlich).
2026-09-06 16:58:19,950 [INFO] [Verarbeitung] Bereinige verwaiste Tor-Prozesse und aktiviere Tor-Dienst...
2026-09-06 16:58:19,952 [INFO] Stoppe System-Tor-Instanz (tor@default)...
2026-09-06 16:58:20,031 [INFO] Prüfe auf verwaiste Tor-Prozesse und gebe Ports frei...
2026-09-06 16:58:20,563 [INFO] [+] System-Tor gestoppt – Ports frei für den Suite-eigenen Tor (RAM-Disk).
2026-09-06 16:58:20,570 [INFO] [Verarbeitung] Starte Tor-Dienst und Stealth-Relay (warte auf Bootstrap 100%)...
2026-09-06 16:58:20,593 [INFO] [+] Dynamische torrc erfolgreich in RAM-Disk erzeugt: /mnt/tor_ramdisk/torrc
2026-09-06 16:58:20,617 [INFO] Starte Tor als direkten Prozess: tor -f /mnt/tor_ramdisk/torrc
2026-09-06 16:58:22,619 [INFO] Warte auf Tor-Bootstrap (kann bei europäischen Exit-Nodes einen Moment dauern)...
2026-09-06 16:58:41,975 [INFO] [+] Tor erfolgreich gestartet und zu 100% bootstrapped.
2026-09-06 16:58:41,976 [INFO] [*] IP-Changer gestartet (Rotation alle 120 Sekunden).
2026-09-06 16:58:41,982 [INFO] [Verarbeitung] Tor bootstrapped (100%) – aktiviere DNS-Leak-Schutz & Kill-Switch...
2026-09-06 16:58:41,987 [INFO] [+] /etc/resolv.conf gehärtet und auf lokalen Tor-DNS umgeleitet.
2026-09-06 16:58:42,043 [INFO] [+] DNS-Redirect aktiv: jeder Port-53-Aufruf -> Tor-DNSPort 5353 (kein DNS-Leak).
2026-09-06 16:58:42,049 [INFO] [+] nftables Kill-Switch aktiv (Exklusiver Outbound für Tor-UID 136, DNS-Port 5353).
2026-09-06 16:58:42,050 [INFO] [Verarbeitung] Starte gehärteten Privoxy-Proxy...
2026-09-06 16:58:42,060 [INFO] [+] Privoxy user.action (Härtung) in RAM-Disk erzeugt: /mnt/tor_ramdisk/user.action
2026-09-06 16:58:42,061 [INFO] [+] Gehärtete Privoxy-Config in RAM-Disk erzeugt: /mnt/tor_ramdisk/privoxy.conf
2026-09-06 16:58:42,062 [INFO] Starte Privoxy als direkten Prozess mit RAM-Disk-Config...
2026-09-06 16:58:43,567 [INFO] [+] Privoxy erfolgreich gestartet (Hört auf 0.0.0.0:8118).
2026-09-06 16:58:43,568 [INFO] [Ausgabe] Aktiviere Windows-Systemproxy...
2026-09-06 16:58:43,569 [INFO] Setze Windows-Systemproxy auf 172.23.220.58:8118...
2026-09-06 16:58:43,843 [INFO] [+] Windows-Systemproxy erfolgreich aktiviert (172.23.220.58:8118).
2026-09-06 16:58:43,846 [INFO] [SUCCESS] Tor Suite ist aktiv!
2026-09-06 16:58:43,847 [INFO]  - Privoxy Proxy: 172.23.220.58:8118
2026-09-06 16:58:43,848 [INFO]  - Tor Relay ORPort: 8443
2026-09-06 16:58:43,849 [INFO]  - IP-Rotation: Alle 120 Sekunden
2026-09-06 16:58:43,849 [INFO]  - Spurenschutz: Aktive 256MB RAM-Disk (tmpfs) + nftables Kill-Switch
2026-09-06 17:00:42,019 [INFO] [+] Signal NEWNYM gesendet: Tor Exit-IP gewechselt.
2026-09-06 17:02:42,047 [INFO] [+] Signal NEWNYM gesendet: Tor Exit-IP gewechselt.
2026-09-06 17:04:44,460 [INFO] [+] Signal NEWNYM gesendet: Tor Exit-IP gewechselt.
2026-09-06 17:06:44,482 [INFO] [+] Signal NEWNYM gesendet: Tor Exit-IP gewechselt.
2026-09-06 17:08:44,503 [INFO] [+] Signal NEWNYM gesendet: Tor Exit-IP gewechselt.
2026-09-06 17:10:46,904 [INFO] [+] Signal NEWNYM gesendet: Tor Exit-IP gewechselt.
2026-09-06 17:12:46,929 [INFO] [+] Signal NEWNYM gesendet: Tor Exit-IP gewechselt.
2026-09-06 17:14:46,951 [INFO] [+] Signal NEWNYM gesendet: Tor Exit-IP gewechselt.
2026-09-06 17:16:46,980 [INFO] [+] Signal NEWNYM gesendet: Tor Exit-IP gewechselt.
2026-09-06 17:18:47,005 [INFO] [+] Signal NEWNYM gesendet: Tor Exit-IP gewechselt.
2026-09-06 17:20:50,611 [INFO] [+] Signal NEWNYM gesendet: Tor Exit-IP gewechselt.
2026-09-06 17:22:50,639 [INFO] [+] Signal NEWNYM gesendet: Tor Exit-IP gewechselt.
2026-09-06 17:24:50,677 [INFO] [+] Signal NEWNYM gesendet: Tor Exit-IP gewechselt.
2026-09-06 17:26:50,711 [INFO] [+] Signal NEWNYM gesendet: Tor Exit-IP gewechselt.
2026-09-06 17:28:50,738 [INFO] [+] Signal NEWNYM gesendet: Tor Exit-IP gewechselt.
2026-09-06 17:30:53,152 [INFO] [+] Signal NEWNYM gesendet: Tor Exit-IP gewechselt.
2026-09-06 17:32:53,176 [INFO] [+] Signal NEWNYM gesendet: Tor Exit-IP gewechselt.
2026-09-06 17:34:53,204 [INFO] [+] Signal NEWNYM gesendet: Tor Exit-IP gewechselt.
2026-09-06 17:35:29,576 [INFO] [Cleanup] Fahre Cyberdeck Tor Suite herunter...
2026-09-06 17:35:29,577 [INFO] Deaktiviere Windows-Systemproxy...
2026-09-06 17:35:29,812 [INFO] [+] Windows-Systemproxy erfolgreich deaktiviert.
2026-09-06 17:35:29,813 [INFO] Entferne temporäre Windows-Firewall-Regeln...
2026-09-06 17:35:31,507 [ERROR] [-] PowerShell-Firewall-Fehler: 
2026-09-06 17:35:31,508 [ERROR] [-] Fehler beim Löschen der Firewall-Regeln.
2026-09-06 17:35:31,529 [INFO] [+] DNS-Redirect-Tabelle erfolgreich entfernt.
2026-09-06 17:35:31,545 [INFO] [+] nftables Kill-Switch Tabelle erfolgreich gelöscht.
2026-09-06 17:35:31,550 [INFO] [+] Ursprüngliche /etc/resolv.conf wiederhergestellt.
2026-09-06 17:35:31,551 [INFO] Stoppe Privoxy-Dienst...
2026-09-06 17:35:31,554 [INFO] [+] Privoxy sauber beendet.
2026-09-06 17:35:31,555 [INFO] Stoppe Tor-Prozess und IP-Changer...
2026-09-06 17:35:31,677 [INFO] [+] Tor-Prozess sauber beendet.
2026-09-06 17:35:31,678 [INFO] Stoppe tor@default...
2026-09-06 17:35:31,685 [INFO] Prüfe auf verwaiste Tor-Prozesse und gebe Ports frei...
2026-09-06 17:35:32,195 [INFO] [+] tor@default beendet.
2026-09-06 17:35:32,197 [INFO] Unmounte RAM-Disk unter /mnt/tor_ramdisk...
2026-09-06 17:35:32,219 [INFO] [+] RAM-Disk sauber unmountet und Spuren beseitigt.
2026-09-06 17:35:32,220 [INFO] [+] Shutdown abgeschlossen. Sämtliche temporären Daten wurden aus dem RAM gelöscht.
2026-09-06 20:03:04,305 [INFO] [Vorbereitung] Entferne ggf. übrig gebliebenen Windows-Systemproxy (Stale-State)...
2026-09-06 20:03:04,306 [INFO] Deaktiviere Windows-Systemproxy...
2026-09-06 20:03:04,555 [INFO] [+] Windows-Systemproxy erfolgreich deaktiviert.
2026-09-06 20:03:04,556 [INFO] [Eingabe] Prüfe Systemvoraussetzungen...
2026-09-06 20:03:04,560 [INFO] [+] Systemcheck erfolgreich. WSL-IP ermittelt: 172.23.220.58
2026-09-06 20:03:04,561 [INFO] [Verarbeitung] Initialisiere 256MB RAM-Disk (tmpfs)...
2026-09-06 20:03:04,562 [INFO] Mounte 256MB tmpfs auf /mnt/tor_ramdisk...
2026-09-06 20:03:04,565 [INFO] [+] RAM-Disk erfolgreich gemountet.
2026-09-06 20:03:04,566 [INFO] [+] Unterstrukturen für Tor (/mnt/tor_ramdisk/tor_data) und Privoxy (/mnt/tor_ramdisk/privoxy) vorbereitet.
2026-09-06 20:03:04,568 [INFO] [Verarbeitung] Erzeuge dynamische Konfigurationsdateien in der RAM-Disk...
2026-09-06 20:03:04,832 [INFO] [+] Dynamische torrc erfolgreich in RAM-Disk erzeugt: /mnt/tor_ramdisk/torrc
2026-09-06 20:03:04,842 [INFO] [+] Privoxy user.action (Härtung) in RAM-Disk erzeugt: /mnt/tor_ramdisk/user.action
2026-09-06 20:03:04,843 [INFO] [+] Gehärtete Privoxy-Config in RAM-Disk erzeugt: /mnt/tor_ramdisk/privoxy.conf
2026-09-06 20:03:04,844 [INFO] [Verarbeitung] Wende strikte POSIX-Sicherheitsrechte an...
2026-09-06 20:03:04,845 [INFO] Setze strikte Dateirechte & erstelle Systempfade...
2026-09-06 20:03:04,846 [INFO] [+] Pfad /mnt/tor_ramdisk/torrc mit Rechte 0600 & User-UID 136 vorbereitet.
2026-09-06 20:03:04,847 [INFO] [Verarbeitung] Konfiguriere Windows Defender Firewall-Regeln...
2026-09-06 20:03:04,847 [INFO] Konfiguriere Windows-Firewall-Regeln für Ports 8118 (Privoxy) & 8443 (ORPort)...
2026-09-06 20:03:06,852 [ERROR] [-] PowerShell-Firewall-Fehler: New-NetFirewallRule : Zugriff verweigert 
In Zeile:1 Zeichen:97
+ ... lyContinue; New-NetFirewallRule -DisplayName "Cyberdeck_TorSuite_Priv ...
+                 ~~~~~~~~~~~~~~~~~~~~~~~~~~~~~~~~~~~~~~~~~~~~~~~~~~~~~~~~~
    + CategoryInfo          : PermissionDenied: (MSFT_NetFirewallRule:root/standardcimv2/MSFT_NetFirewallRule) [New-Ne 
   tFirewallRule], CimException
    + FullyQualifiedErrorId : Windows System Error 5,New-NetFirewallRule
 
New-NetFirewallRule : Zugriff verweigert 
In Zeile:1 Zeichen:390
+ ... lyContinue; New-NetFirewallRule -DisplayName "Cyberdeck_TorSuite_ORPo ...
+                 ~~~~~~~~~~~~~~~~~~~~~~~~~~~~~~~~~~~~~~~~~~~~~~~~~~~~~~~~~
    + CategoryInfo          : PermissionDenied: (MSFT_NetFirewallRule:root/standardcimv2/MSFT_NetFirewallRule) [New-Ne 
   tFirewallRule], CimException
    + FullyQualifiedErrorId : Windows System Error 5,New-NetFirewallRule
2026-09-06 20:03:06,853 [WARNING] [!] Firewall-Regeln konnten teilweise nicht gesetzt werden (Elevated Admin-Rechte unter Windows erforderlich).
2026-09-06 20:03:06,854 [INFO] [Verarbeitung] Bereinige verwaiste Tor-Prozesse und aktiviere Tor-Dienst...
2026-09-06 20:03:06,855 [INFO] Stoppe System-Tor-Instanz (tor@default)...
2026-09-06 20:03:06,862 [INFO] Prüfe auf verwaiste Tor-Prozesse und gebe Ports frei...
2026-09-06 20:03:07,376 [INFO] [+] System-Tor gestoppt – Ports frei für den Suite-eigenen Tor (RAM-Disk).
2026-09-06 20:03:07,377 [INFO] [Verarbeitung] Starte Tor-Dienst und Stealth-Relay (warte auf Bootstrap 100%)...
2026-09-06 20:03:07,382 [INFO] [+] Dynamische torrc erfolgreich in RAM-Disk erzeugt: /mnt/tor_ramdisk/torrc
2026-09-06 20:03:07,386 [INFO] Starte Tor als direkten Prozess: tor -f /mnt/tor_ramdisk/torrc
2026-09-06 20:03:09,387 [INFO] Warte auf Tor-Bootstrap (kann bei europäischen Exit-Nodes einen Moment dauern)...
2026-09-06 20:03:27,256 [INFO] [+] Tor erfolgreich gestartet und zu 100% bootstrapped.
2026-09-06 20:03:27,257 [INFO] [*] IP-Changer gestartet (Rotation alle 120 Sekunden).
2026-09-06 20:03:27,263 [INFO] [Verarbeitung] Tor bootstrapped (100%) – aktiviere DNS-Leak-Schutz & Kill-Switch...
2026-09-06 20:03:27,268 [INFO] [+] /etc/resolv.conf gehärtet und auf lokalen Tor-DNS umgeleitet.
2026-09-06 20:03:27,308 [INFO] [+] DNS-Redirect aktiv: jeder Port-53-Aufruf -> Tor-DNSPort 5353 (kein DNS-Leak).
2026-09-06 20:03:27,312 [INFO] [+] nftables Kill-Switch aktiv (Exklusiver Outbound für Tor-UID 136, DNS-Port 5353).
2026-09-06 20:03:27,314 [INFO] [Verarbeitung] Starte gehärteten Privoxy-Proxy...
2026-09-06 20:03:27,323 [INFO] [+] Privoxy user.action (Härtung) in RAM-Disk erzeugt: /mnt/tor_ramdisk/user.action
2026-09-06 20:03:27,324 [INFO] [+] Gehärtete Privoxy-Config in RAM-Disk erzeugt: /mnt/tor_ramdisk/privoxy.conf
2026-09-06 20:03:27,325 [INFO] Starte Privoxy als direkten Prozess mit RAM-Disk-Config...
2026-09-06 20:03:28,828 [INFO] [+] Privoxy erfolgreich gestartet (Hört auf 0.0.0.0:8118).
2026-09-06 20:03:28,829 [INFO] [Ausgabe] Aktiviere Windows-Systemproxy...
2026-09-06 20:03:28,830 [INFO] Setze Windows-Systemproxy auf 172.23.220.58:8118...
2026-09-06 20:03:29,070 [INFO] [+] Windows-Systemproxy erfolgreich aktiviert (172.23.220.58:8118).
2026-09-06 20:03:29,071 [INFO] [SUCCESS] Tor Suite ist aktiv!
2026-09-06 20:03:29,072 [INFO]  - Privoxy Proxy: 172.23.220.58:8118
2026-09-06 20:03:29,073 [INFO]  - Tor Relay ORPort: 8443
2026-09-06 20:03:29,074 [INFO]  - IP-Rotation: Alle 120 Sekunden
2026-09-06 20:03:29,075 [INFO]  - Spurenschutz: Aktive 256MB RAM-Disk (tmpfs) + nftables Kill-Switch
2026-09-06 20:05:27,283 [INFO] [+] Signal NEWNYM gesendet: Tor Exit-IP gewechselt.
2026-09-06 20:07:27,306 [INFO] [+] Signal NEWNYM gesendet: Tor Exit-IP gewechselt.
2026-09-06 20:09:27,329 [INFO] [+] Signal NEWNYM gesendet: Tor Exit-IP gewechselt.
2026-09-06 20:11:27,353 [INFO] [+] Signal NEWNYM gesendet: Tor Exit-IP gewechselt.
2026-09-06 20:13:27,374 [INFO] [+] Signal NEWNYM gesendet: Tor Exit-IP gewechselt.
2026-09-06 20:15:27,396 [INFO] [+] Signal NEWNYM gesendet: Tor Exit-IP gewechselt.
2026-09-06 20:17:29,980 [INFO] [+] Signal NEWNYM gesendet: Tor Exit-IP gewechselt.
2026-09-06 20:19:30,001 [INFO] [+] Signal NEWNYM gesendet: Tor Exit-IP gewechselt.
2026-09-06 20:21:30,025 [INFO] [+] Signal NEWNYM gesendet: Tor Exit-IP gewechselt.
2026-09-06 20:23:30,047 [INFO] [+] Signal NEWNYM gesendet: Tor Exit-IP gewechselt.
2026-09-06 20:24:04,997 [INFO] [Cleanup] Fahre Cyberdeck Tor Suite herunter...
2026-09-06 20:24:04,998 [INFO] Deaktiviere Windows-Systemproxy...
2026-09-06 20:24:05,233 [INFO] [+] Windows-Systemproxy erfolgreich deaktiviert.
2026-09-06 20:24:05,234 [INFO] Entferne temporäre Windows-Firewall-Regeln...
2026-09-06 20:24:06,931 [ERROR] [-] PowerShell-Firewall-Fehler: 
2026-09-06 20:24:06,932 [ERROR] [-] Fehler beim Löschen der Firewall-Regeln.
2026-09-06 20:24:06,958 [INFO] [+] DNS-Redirect-Tabelle erfolgreich entfernt.
2026-09-06 20:24:06,970 [INFO] [+] nftables Kill-Switch Tabelle erfolgreich gelöscht.
2026-09-06 20:24:06,975 [INFO] [+] Ursprüngliche /etc/resolv.conf wiederhergestellt.
2026-09-06 20:24:06,976 [INFO] Stoppe Privoxy-Dienst...
2026-09-06 20:24:06,981 [INFO] [+] Privoxy sauber beendet.
2026-09-06 20:24:06,983 [INFO] Stoppe Tor-Prozess und IP-Changer...
2026-09-06 20:24:07,105 [INFO] [+] Tor-Prozess sauber beendet.
2026-09-06 20:24:07,106 [INFO] Stoppe tor@default...
2026-09-06 20:24:07,113 [INFO] Prüfe auf verwaiste Tor-Prozesse und gebe Ports frei...
2026-09-06 20:24:07,624 [INFO] [+] tor@default beendet.
2026-09-06 20:24:07,625 [INFO] Unmounte RAM-Disk unter /mnt/tor_ramdisk...
2026-09-06 20:24:07,648 [INFO] [+] RAM-Disk sauber unmountet und Spuren beseitigt.
2026-09-06 20:24:07,649 [INFO] [+] Shutdown abgeschlossen. Sämtliche temporären Daten wurden aus dem RAM gelöscht.
2026-09-07 07:41:37,538 [INFO] [Vorbereitung] Entferne ggf. übrig gebliebenen Windows-Systemproxy (Stale-State)...
2026-09-07 07:41:37,539 [INFO] Deaktiviere Windows-Systemproxy...
2026-09-07 07:41:37,817 [INFO] [+] Windows-Systemproxy erfolgreich deaktiviert.
2026-09-07 07:41:37,818 [INFO] [Eingabe] Prüfe Systemvoraussetzungen...
2026-09-07 07:41:37,822 [INFO] [+] Systemcheck erfolgreich. WSL-IP ermittelt: 172.23.220.58
2026-09-07 07:41:37,823 [INFO] [Verarbeitung] Initialisiere 256MB RAM-Disk (tmpfs)...
2026-09-07 07:41:37,824 [INFO] Mounte 256MB tmpfs auf /mnt/tor_ramdisk...
2026-09-07 07:41:37,828 [INFO] [+] RAM-Disk erfolgreich gemountet.
2026-09-07 07:41:37,829 [INFO] [+] Unterstrukturen für Tor (/mnt/tor_ramdisk/tor_data) und Privoxy (/mnt/tor_ramdisk/privoxy) vorbereitet.
2026-09-07 07:41:37,830 [INFO] [Verarbeitung] Erzeuge dynamische Konfigurationsdateien in der RAM-Disk...
2026-09-07 07:41:38,177 [INFO] [+] Dynamische torrc erfolgreich in RAM-Disk erzeugt: /mnt/tor_ramdisk/torrc
2026-09-07 07:41:38,193 [INFO] [+] Privoxy user.action (Härtung) in RAM-Disk erzeugt: /mnt/tor_ramdisk/user.action
2026-09-07 07:41:38,194 [INFO] [+] Gehärtete Privoxy-Config in RAM-Disk erzeugt: /mnt/tor_ramdisk/privoxy.conf
2026-09-07 07:41:38,196 [INFO] [Verarbeitung] Wende strikte POSIX-Sicherheitsrechte an...
2026-09-07 07:41:38,197 [INFO] Setze strikte Dateirechte & erstelle Systempfade...
2026-09-07 07:41:38,198 [INFO] [+] Pfad /mnt/tor_ramdisk/torrc mit Rechte 0600 & User-UID 136 vorbereitet.
2026-09-07 07:41:38,199 [INFO] [Verarbeitung] Konfiguriere Windows Defender Firewall-Regeln...
2026-09-07 07:41:38,201 [INFO] Konfiguriere Windows-Firewall-Regeln für Ports 8118 (Privoxy) & 8443 (ORPort)...
2026-09-07 07:41:40,457 [ERROR] [-] PowerShell-Firewall-Fehler: New-NetFirewallRule : Zugriff verweigert 
In Zeile:1 Zeichen:97
+ ... lyContinue; New-NetFirewallRule -DisplayName "Cyberdeck_TorSuite_Priv ...
+                 ~~~~~~~~~~~~~~~~~~~~~~~~~~~~~~~~~~~~~~~~~~~~~~~~~~~~~~~~~
    + CategoryInfo          : PermissionDenied: (MSFT_NetFirewallRule:root/standardcimv2/MSFT_NetFirewallRule) [New-Ne 
   tFirewallRule], CimException
    + FullyQualifiedErrorId : Windows System Error 5,New-NetFirewallRule
 
New-NetFirewallRule : Zugriff verweigert 
In Zeile:1 Zeichen:390
+ ... lyContinue; New-NetFirewallRule -DisplayName "Cyberdeck_TorSuite_ORPo ...
+                 ~~~~~~~~~~~~~~~~~~~~~~~~~~~~~~~~~~~~~~~~~~~~~~~~~~~~~~~~~
    + CategoryInfo          : PermissionDenied: (MSFT_NetFirewallRule:root/standardcimv2/MSFT_NetFirewallRule) [New-Ne 
   tFirewallRule], CimException
    + FullyQualifiedErrorId : Windows System Error 5,New-NetFirewallRule
2026-09-07 07:41:40,463 [WARNING] [!] Firewall-Regeln konnten teilweise nicht gesetzt werden (Elevated Admin-Rechte unter Windows erforderlich).
2026-09-07 07:41:40,464 [INFO] [Verarbeitung] Bereinige verwaiste Tor-Prozesse und aktiviere Tor-Dienst...
2026-09-07 07:41:40,465 [INFO] Stoppe System-Tor-Instanz (tor@default)...
2026-09-07 07:41:40,472 [INFO] Prüfe auf verwaiste Tor-Prozesse und gebe Ports frei...
2026-09-07 07:41:40,986 [INFO] [+] System-Tor gestoppt – Ports frei für den Suite-eigenen Tor (RAM-Disk).
2026-09-07 07:41:40,987 [INFO] [Verarbeitung] Starte Tor-Dienst und Stealth-Relay (warte auf Bootstrap 100%)...
2026-09-07 07:41:40,992 [INFO] [+] Dynamische torrc erfolgreich in RAM-Disk erzeugt: /mnt/tor_ramdisk/torrc
2026-09-07 07:41:40,996 [INFO] Starte Tor als direkten Prozess: tor -f /mnt/tor_ramdisk/torrc
2026-09-07 07:41:42,997 [INFO] Warte auf Tor-Bootstrap (kann bei europäischen Exit-Nodes einen Moment dauern)...
2026-09-07 07:41:59,479 [INFO] [+] Tor erfolgreich gestartet und zu 100% bootstrapped.
2026-09-07 07:41:59,480 [INFO] [*] IP-Changer gestartet (Rotation alle 120 Sekunden).
2026-09-07 07:41:59,486 [INFO] [Verarbeitung] Tor bootstrapped (100%) – aktiviere DNS-Leak-Schutz & Kill-Switch...
2026-09-07 07:41:59,490 [INFO] [+] /etc/resolv.conf gehärtet und auf lokalen Tor-DNS umgeleitet.
2026-09-07 07:41:59,556 [INFO] [+] DNS-Redirect aktiv: jeder Port-53-Aufruf -> Tor-DNSPort 5353 (kein DNS-Leak).
2026-09-07 07:41:59,564 [INFO] [+] nftables Kill-Switch aktiv (Exklusiver Outbound für Tor-UID 136, DNS-Port 5353).
2026-09-07 07:41:59,566 [INFO] [Verarbeitung] Starte gehärteten Privoxy-Proxy...
2026-09-07 07:41:59,576 [INFO] [+] Privoxy user.action (Härtung) in RAM-Disk erzeugt: /mnt/tor_ramdisk/user.action
2026-09-07 07:41:59,577 [INFO] [+] Gehärtete Privoxy-Config in RAM-Disk erzeugt: /mnt/tor_ramdisk/privoxy.conf
2026-09-07 07:41:59,578 [INFO] Starte Privoxy als direkten Prozess mit RAM-Disk-Config...
2026-09-07 07:42:01,082 [INFO] [+] Privoxy erfolgreich gestartet (Hört auf 0.0.0.0:8118).
2026-09-07 07:42:01,083 [INFO] [Ausgabe] Aktiviere Windows-Systemproxy...
2026-09-07 07:42:01,084 [INFO] Setze Windows-Systemproxy auf 172.23.220.58:8118...
2026-09-07 07:42:01,344 [INFO] [+] Windows-Systemproxy erfolgreich aktiviert (172.23.220.58:8118).
2026-09-07 07:42:01,346 [INFO] [SUCCESS] Tor Suite ist aktiv!
2026-09-07 07:42:01,348 [INFO]  - Privoxy Proxy: 172.23.220.58:8118
2026-09-07 07:42:01,349 [INFO]  - Tor Relay ORPort: 8443
2026-09-07 07:42:01,350 [INFO]  - IP-Rotation: Alle 120 Sekunden
2026-09-07 07:42:01,351 [INFO]  - Spurenschutz: Aktive 256MB RAM-Disk (tmpfs) + nftables Kill-Switch
2026-09-07 07:43:59,512 [INFO] [+] Signal NEWNYM gesendet: Tor Exit-IP gewechselt.
2026-09-07 07:45:59,541 [INFO] [+] Signal NEWNYM gesendet: Tor Exit-IP gewechselt.
2026-09-07 07:47:59,567 [INFO] [+] Signal NEWNYM gesendet: Tor Exit-IP gewechselt.
2026-09-07 07:49:59,468 [INFO] [+] Signal NEWNYM gesendet: Tor Exit-IP gewechselt.
2026-09-07 07:51:59,490 [INFO] [+] Signal NEWNYM gesendet: Tor Exit-IP gewechselt.
2026-09-07 07:53:59,513 [INFO] [+] Signal NEWNYM gesendet: Tor Exit-IP gewechselt.
2026-09-07 07:55:59,404 [INFO] [+] Signal NEWNYM gesendet: Tor Exit-IP gewechselt.
2026-09-07 07:57:59,428 [INFO] [+] Signal NEWNYM gesendet: Tor Exit-IP gewechselt.
2026-09-07 07:59:59,450 [INFO] [+] Signal NEWNYM gesendet: Tor Exit-IP gewechselt.
2026-09-07 08:01:59,474 [INFO] [+] Signal NEWNYM gesendet: Tor Exit-IP gewechselt.
2026-09-07 08:04:02,121 [INFO] [+] Signal NEWNYM gesendet: Tor Exit-IP gewechselt.
2026-09-07 08:06:02,150 [INFO] [+] Signal NEWNYM gesendet: Tor Exit-IP gewechselt.
2026-09-07 08:08:02,179 [INFO] [+] Signal NEWNYM gesendet: Tor Exit-IP gewechselt.
2026-09-07 08:10:02,211 [INFO] [+] Signal NEWNYM gesendet: Tor Exit-IP gewechselt.
2026-09-07 08:12:02,237 [INFO] [+] Signal NEWNYM gesendet: Tor Exit-IP gewechselt.
2026-09-07 08:14:02,263 [INFO] [+] Signal NEWNYM gesendet: Tor Exit-IP gewechselt.
2026-09-07 08:16:02,289 [INFO] [+] Signal NEWNYM gesendet: Tor Exit-IP gewechselt.
2026-09-07 08:17:12,904 [INFO] [Cleanup] Fahre Cyberdeck Tor Suite herunter...
2026-09-07 08:17:12,905 [INFO] Deaktiviere Windows-Systemproxy...
2026-09-07 08:17:13,150 [INFO] [+] Windows-Systemproxy erfolgreich deaktiviert.
2026-09-07 08:17:13,151 [INFO] Entferne temporäre Windows-Firewall-Regeln...
2026-09-07 08:17:14,853 [ERROR] [-] PowerShell-Firewall-Fehler: 
2026-09-07 08:17:14,854 [ERROR] [-] Fehler beim Löschen der Firewall-Regeln.
2026-09-07 08:17:14,893 [INFO] [+] DNS-Redirect-Tabelle erfolgreich entfernt.
2026-09-07 08:17:14,913 [INFO] [+] nftables Kill-Switch Tabelle erfolgreich gelöscht.
2026-09-07 08:17:14,918 [INFO] [+] Ursprüngliche /etc/resolv.conf wiederhergestellt.
2026-09-07 08:17:14,919 [INFO] Stoppe Privoxy-Dienst...
2026-09-07 08:17:14,925 [INFO] [+] Privoxy sauber beendet.
2026-09-07 08:17:14,926 [INFO] Stoppe Tor-Prozess und IP-Changer...
2026-09-07 08:17:15,099 [INFO] [+] Tor-Prozess sauber beendet.
2026-09-07 08:17:15,100 [INFO] Stoppe tor@default...
2026-09-07 08:17:15,107 [INFO] Prüfe auf verwaiste Tor-Prozesse und gebe Ports frei...
2026-09-07 08:17:15,617 [INFO] [+] tor@default beendet.
2026-09-07 08:17:15,619 [INFO] Unmounte RAM-Disk unter /mnt/tor_ramdisk...
2026-09-07 08:17:15,643 [INFO] [+] RAM-Disk sauber unmountet und Spuren beseitigt.
2026-09-07 08:17:15,645 [INFO] [+] Shutdown abgeschlossen. Sämtliche temporären Daten wurden aus dem RAM gelöscht.
2026-09-07 11:01:12,786 [INFO] [Vorbereitung] Entferne ggf. übrig gebliebenen Windows-Systemproxy (Stale-State)...
2026-09-07 11:01:12,787 [INFO] Deaktiviere Windows-Systemproxy...
2026-09-07 11:01:13,026 [INFO] [+] Windows-Systemproxy erfolgreich deaktiviert.
2026-09-07 11:01:13,027 [INFO] [Eingabe] Prüfe Systemvoraussetzungen...
2026-09-07 11:01:13,030 [INFO] [+] Systemcheck erfolgreich. WSL-IP ermittelt: 172.23.220.58
2026-09-07 11:01:13,031 [INFO] [Verarbeitung] Initialisiere 256MB RAM-Disk (tmpfs)...
2026-09-07 11:01:13,033 [INFO] Mounte 256MB tmpfs auf /mnt/tor_ramdisk...
2026-09-07 11:01:13,036 [INFO] [+] RAM-Disk erfolgreich gemountet.
2026-09-07 11:01:13,038 [INFO] [+] Unterstrukturen für Tor (/mnt/tor_ramdisk/tor_data) und Privoxy (/mnt/tor_ramdisk/privoxy) vorbereitet.
2026-09-07 11:01:13,038 [INFO] [Verarbeitung] Erzeuge dynamische Konfigurationsdateien in der RAM-Disk...
2026-09-07 11:01:13,307 [INFO] [+] Dynamische torrc erfolgreich in RAM-Disk erzeugt: /mnt/tor_ramdisk/torrc
2026-09-07 11:01:13,318 [INFO] [+] Privoxy user.action (Härtung) in RAM-Disk erzeugt: /mnt/tor_ramdisk/user.action
2026-09-07 11:01:13,319 [INFO] [+] Gehärtete Privoxy-Config in RAM-Disk erzeugt: /mnt/tor_ramdisk/privoxy.conf
2026-09-07 11:01:13,320 [INFO] [Verarbeitung] Wende strikte POSIX-Sicherheitsrechte an...
2026-09-07 11:01:13,320 [INFO] Setze strikte Dateirechte & erstelle Systempfade...
2026-09-07 11:01:13,321 [INFO] [+] Pfad /mnt/tor_ramdisk/torrc mit Rechte 0600 & User-UID 136 vorbereitet.
2026-09-07 11:01:13,322 [INFO] [Verarbeitung] Konfiguriere Windows Defender Firewall-Regeln...
2026-09-07 11:01:13,323 [INFO] Konfiguriere Windows-Firewall-Regeln für Ports 8118 (Privoxy) & 8443 (ORPort)...
2026-09-07 11:01:15,253 [ERROR] [-] PowerShell-Firewall-Fehler: New-NetFirewallRule : Zugriff verweigert 
In Zeile:1 Zeichen:97
+ ... lyContinue; New-NetFirewallRule -DisplayName "Cyberdeck_TorSuite_Priv ...
+                 ~~~~~~~~~~~~~~~~~~~~~~~~~~~~~~~~~~~~~~~~~~~~~~~~~~~~~~~~~
    + CategoryInfo          : PermissionDenied: (MSFT_NetFirewallRule:root/standardcimv2/MSFT_NetFirewallRule) [New-Ne 
   tFirewallRule], CimException
    + FullyQualifiedErrorId : Windows System Error 5,New-NetFirewallRule
 
New-NetFirewallRule : Zugriff verweigert 
In Zeile:1 Zeichen:390
+ ... lyContinue; New-NetFirewallRule -DisplayName "Cyberdeck_TorSuite_ORPo ...
+                 ~~~~~~~~~~~~~~~~~~~~~~~~~~~~~~~~~~~~~~~~~~~~~~~~~~~~~~~~~
    + CategoryInfo          : PermissionDenied: (MSFT_NetFirewallRule:root/standardcimv2/MSFT_NetFirewallRule) [New-Ne 
   tFirewallRule], CimException
    + FullyQualifiedErrorId : Windows System Error 5,New-NetFirewallRule
2026-09-07 11:01:15,254 [WARNING] [!] Firewall-Regeln konnten teilweise nicht gesetzt werden (Elevated Admin-Rechte unter Windows erforderlich).
2026-09-07 11:01:15,255 [INFO] [Verarbeitung] Bereinige verwaiste Tor-Prozesse und aktiviere Tor-Dienst...
2026-09-07 11:01:15,256 [INFO] Stoppe System-Tor-Instanz (tor@default)...
2026-09-07 11:01:15,263 [INFO] Prüfe auf verwaiste Tor-Prozesse und gebe Ports frei...
2026-09-07 11:01:15,774 [INFO] [+] System-Tor gestoppt – Ports frei für den Suite-eigenen Tor (RAM-Disk).
2026-09-07 11:01:15,776 [INFO] [Verarbeitung] Starte Tor-Dienst und Stealth-Relay (warte auf Bootstrap 100%)...
2026-09-07 11:01:15,780 [INFO] [+] Dynamische torrc erfolgreich in RAM-Disk erzeugt: /mnt/tor_ramdisk/torrc
2026-09-07 11:01:15,784 [INFO] Starte Tor als direkten Prozess: tor -f /mnt/tor_ramdisk/torrc
2026-09-07 11:01:17,785 [INFO] Warte auf Tor-Bootstrap (kann bei europäischen Exit-Nodes einen Moment dauern)...
2026-09-07 11:01:47,014 [INFO] [+] Tor erfolgreich gestartet und zu 100% bootstrapped.
2026-09-07 11:01:47,015 [INFO] [*] IP-Changer gestartet (Rotation alle 120 Sekunden).
2026-09-07 11:01:47,021 [INFO] [Verarbeitung] Tor bootstrapped (100%) – aktiviere DNS-Leak-Schutz & Kill-Switch...
2026-09-07 11:01:47,025 [INFO] [+] /etc/resolv.conf gehärtet und auf lokalen Tor-DNS umgeleitet.
2026-09-07 11:01:47,067 [INFO] [+] DNS-Redirect aktiv: jeder Port-53-Aufruf -> Tor-DNSPort 5353 (kein DNS-Leak).
2026-09-07 11:01:47,075 [INFO] [+] nftables Kill-Switch aktiv (Exklusiver Outbound für Tor-UID 136, DNS-Port 5353).
2026-09-07 11:01:47,077 [INFO] [Verarbeitung] Starte gehärteten Privoxy-Proxy...
2026-09-07 11:01:47,087 [INFO] [+] Privoxy user.action (Härtung) in RAM-Disk erzeugt: /mnt/tor_ramdisk/user.action
2026-09-07 11:01:47,088 [INFO] [+] Gehärtete Privoxy-Config in RAM-Disk erzeugt: /mnt/tor_ramdisk/privoxy.conf
2026-09-07 11:01:47,089 [INFO] Starte Privoxy als direkten Prozess mit RAM-Disk-Config...
2026-09-07 11:01:48,594 [INFO] [+] Privoxy erfolgreich gestartet (Hört auf 0.0.0.0:8118).
2026-09-07 11:01:48,595 [INFO] [Ausgabe] Aktiviere Windows-Systemproxy...
2026-09-07 11:01:48,596 [INFO] Setze Windows-Systemproxy auf 172.23.220.58:8118...
2026-09-07 11:01:48,838 [INFO] [+] Windows-Systemproxy erfolgreich aktiviert (172.23.220.58:8118).
2026-09-07 11:01:48,839 [INFO] [SUCCESS] Tor Suite ist aktiv!
2026-09-07 11:01:48,840 [INFO]  - Privoxy Proxy: 172.23.220.58:8118
2026-09-07 11:01:48,841 [INFO]  - Tor Relay ORPort: 8443
2026-09-07 11:01:48,842 [INFO]  - IP-Rotation: Alle 120 Sekunden
2026-09-07 11:01:48,842 [INFO]  - Spurenschutz: Aktive 256MB RAM-Disk (tmpfs) + nftables Kill-Switch
2026-09-07 11:03:47,042 [INFO] [+] Signal NEWNYM gesendet: Tor Exit-IP gewechselt.
2026-09-07 11:05:20,225 [INFO] [Cleanup] Fahre Cyberdeck Tor Suite herunter...
2026-09-07 11:05:20,226 [INFO] Deaktiviere Windows-Systemproxy...
2026-09-07 11:05:20,483 [INFO] [+] Windows-Systemproxy erfolgreich deaktiviert.
2026-09-07 11:05:20,485 [INFO] Entferne temporäre Windows-Firewall-Regeln...
2026-09-07 11:05:22,375 [ERROR] [-] PowerShell-Firewall-Fehler: 
2026-09-07 11:05:22,377 [ERROR] [-] Fehler beim Löschen der Firewall-Regeln.
2026-09-07 11:05:22,399 [INFO] [+] DNS-Redirect-Tabelle erfolgreich entfernt.
2026-09-07 11:05:22,419 [INFO] [+] nftables Kill-Switch Tabelle erfolgreich gelöscht.
2026-09-07 11:05:22,421 [INFO] [+] Ursprüngliche /etc/resolv.conf wiederhergestellt.
2026-09-07 11:05:22,422 [INFO] Stoppe Privoxy-Dienst...
2026-09-07 11:05:22,427 [INFO] [+] Privoxy sauber beendet.
2026-09-07 11:05:22,428 [INFO] Stoppe Tor-Prozess und IP-Changer...
2026-09-07 11:05:27,365 [INFO] [+] Tor-Prozess sauber beendet.
2026-09-07 11:05:27,366 [INFO] Stoppe tor@default...
2026-09-07 11:05:27,374 [INFO] Prüfe auf verwaiste Tor-Prozesse und gebe Ports frei...
2026-09-07 11:05:27,888 [INFO] [+] tor@default beendet.
2026-09-07 11:05:27,891 [INFO] Unmounte RAM-Disk unter /mnt/tor_ramdisk...
2026-09-07 11:05:27,916 [INFO] [+] RAM-Disk sauber unmountet und Spuren beseitigt.
2026-09-07 11:05:27,917 [INFO] [+] Shutdown abgeschlossen. Sämtliche temporären Daten wurden aus dem RAM gelöscht.
2026-09-07 18:44:24,800 [INFO] [Vorbereitung] Entferne ggf. übrig gebliebenen Windows-Systemproxy (Stale-State)...
2026-09-07 18:44:24,801 [INFO] Deaktiviere Windows-Systemproxy...
2026-09-07 18:44:25,052 [INFO] [+] Windows-Systemproxy erfolgreich deaktiviert.
2026-09-07 18:44:25,054 [INFO] [Eingabe] Prüfe Systemvoraussetzungen...
2026-09-07 18:44:25,057 [INFO] [+] Systemcheck erfolgreich. WSL-IP ermittelt: 172.23.220.58
2026-09-07 18:44:25,058 [INFO] [Verarbeitung] Initialisiere 256MB RAM-Disk (tmpfs)...
2026-09-07 18:44:25,060 [INFO] Mounte 256MB tmpfs auf /mnt/tor_ramdisk...
2026-09-07 18:44:25,063 [INFO] [+] RAM-Disk erfolgreich gemountet.
2026-09-07 18:44:25,065 [INFO] [+] Unterstrukturen für Tor (/mnt/tor_ramdisk/tor_data) und Privoxy (/mnt/tor_ramdisk/privoxy) vorbereitet.
2026-09-07 18:44:25,066 [INFO] [Verarbeitung] Erzeuge dynamische Konfigurationsdateien in der RAM-Disk...
2026-09-07 18:44:25,349 [INFO] [+] Dynamische torrc erfolgreich in RAM-Disk erzeugt: /mnt/tor_ramdisk/torrc
2026-09-07 18:44:25,361 [INFO] [+] Privoxy user.action (Härtung) in RAM-Disk erzeugt: /mnt/tor_ramdisk/user.action
2026-09-07 18:44:25,362 [INFO] [+] Gehärtete Privoxy-Config in RAM-Disk erzeugt: /mnt/tor_ramdisk/privoxy.conf
2026-09-07 18:44:25,363 [INFO] [Verarbeitung] Wende strikte POSIX-Sicherheitsrechte an...
2026-09-07 18:44:25,364 [INFO] Setze strikte Dateirechte & erstelle Systempfade...
2026-09-07 18:44:25,365 [INFO] [+] Pfad /mnt/tor_ramdisk/torrc mit Rechte 0600 & User-UID 136 vorbereitet.
2026-09-07 18:44:25,366 [INFO] [Verarbeitung] Konfiguriere Windows Defender Firewall-Regeln...
2026-09-07 18:44:25,367 [INFO] Konfiguriere Windows-Firewall-Regeln für Ports 8118 (Privoxy) & 8443 (ORPort)...
2026-09-07 18:44:27,560 [ERROR] [-] PowerShell-Firewall-Fehler: New-NetFirewallRule : Zugriff verweigert 
In Zeile:1 Zeichen:97
+ ... lyContinue; New-NetFirewallRule -DisplayName "Cyberdeck_TorSuite_Priv ...
+                 ~~~~~~~~~~~~~~~~~~~~~~~~~~~~~~~~~~~~~~~~~~~~~~~~~~~~~~~~~
    + CategoryInfo          : PermissionDenied: (MSFT_NetFirewallRule:root/standardcimv2/MSFT_NetFirewallRule) [New-Ne 
   tFirewallRule], CimException
    + FullyQualifiedErrorId : Windows System Error 5,New-NetFirewallRule
 
New-NetFirewallRule : Zugriff verweigert 
In Zeile:1 Zeichen:390
+ ... lyContinue; New-NetFirewallRule -DisplayName "Cyberdeck_TorSuite_ORPo ...
+                 ~~~~~~~~~~~~~~~~~~~~~~~~~~~~~~~~~~~~~~~~~~~~~~~~~~~~~~~~~
    + CategoryInfo          : PermissionDenied: (MSFT_NetFirewallRule:root/standardcimv2/MSFT_NetFirewallRule) [New-Ne 
   tFirewallRule], CimException
    + FullyQualifiedErrorId : Windows System Error 5,New-NetFirewallRule
2026-09-07 18:44:27,561 [WARNING] [!] Firewall-Regeln konnten teilweise nicht gesetzt werden (Elevated Admin-Rechte unter Windows erforderlich).
2026-09-07 18:44:27,562 [INFO] [Verarbeitung] Bereinige verwaiste Tor-Prozesse und aktiviere Tor-Dienst...
2026-09-07 18:44:27,563 [INFO] Stoppe System-Tor-Instanz (tor@default)...
2026-09-07 18:44:27,570 [INFO] Prüfe auf verwaiste Tor-Prozesse und gebe Ports frei...
2026-09-07 18:44:28,083 [INFO] [+] System-Tor gestoppt – Ports frei für den Suite-eigenen Tor (RAM-Disk).
2026-09-07 18:44:28,084 [INFO] [Verarbeitung] Starte Tor-Dienst und Stealth-Relay (warte auf Bootstrap 100%)...
2026-09-07 18:44:28,089 [INFO] [+] Dynamische torrc erfolgreich in RAM-Disk erzeugt: /mnt/tor_ramdisk/torrc
2026-09-07 18:44:28,093 [INFO] Starte Tor als direkten Prozess: tor -f /mnt/tor_ramdisk/torrc
2026-09-07 18:44:30,094 [INFO] Warte auf Tor-Bootstrap (kann bei europäischen Exit-Nodes einen Moment dauern)...
2026-09-07 18:45:15,978 [INFO] [Cleanup] Fahre Cyberdeck Tor Suite herunter...
2026-09-07 18:45:15,979 [INFO] Deaktiviere Windows-Systemproxy...
2026-09-07 18:45:16,242 [INFO] [+] Windows-Systemproxy erfolgreich deaktiviert.
2026-09-07 18:45:16,244 [INFO] Entferne temporäre Windows-Firewall-Regeln...
2026-09-07 18:45:18,027 [ERROR] [-] PowerShell-Firewall-Fehler: 
2026-09-07 18:45:18,028 [ERROR] [-] Fehler beim Löschen der Firewall-Regeln.
2026-09-07 18:45:18,055 [INFO] [*] Keine aktive DNS-Redirect-Tabelle vorhanden (übersprungen).
2026-09-07 18:45:18,083 [INFO] [+] Keine aktive Kill-Switch-Tabelle zum Löschen gefunden.
2026-09-07 18:45:18,087 [INFO] Stoppe Privoxy-Dienst...
2026-09-07 18:45:18,088 [INFO] [+] Privoxy sauber beendet.
2026-09-07 18:45:18,089 [INFO] Stoppe Tor-Prozess und IP-Changer...
2026-09-07 18:45:18,269 [INFO] [+] Tor-Prozess sauber beendet.
2026-09-07 18:45:18,270 [INFO] Stoppe tor@default...
2026-09-07 18:45:18,277 [INFO] Prüfe auf verwaiste Tor-Prozesse und gebe Ports frei...
2026-09-07 18:45:18,788 [INFO] [+] tor@default beendet.
2026-09-07 18:45:18,789 [INFO] Unmounte RAM-Disk unter /mnt/tor_ramdisk...
2026-09-07 18:45:18,810 [INFO] [+] RAM-Disk sauber unmountet und Spuren beseitigt.
2026-09-07 18:45:18,811 [INFO] [+] Shutdown abgeschlossen. Sämtliche temporären Daten wurden aus dem RAM gelöscht.
2026-09-08 06:22:53,264 [INFO] [Vorbereitung] Entferne ggf. übrig gebliebenen Windows-Systemproxy (Stale-State)...
2026-09-08 06:22:53,266 [INFO] Deaktiviere Windows-Systemproxy...
2026-09-08 06:22:53,523 [INFO] [+] Windows-Systemproxy erfolgreich deaktiviert.
2026-09-08 06:22:53,525 [INFO] [Eingabe] Prüfe Systemvoraussetzungen...
2026-09-08 06:22:53,528 [INFO] [+] Systemcheck erfolgreich. WSL-IP ermittelt: 172.23.220.58
2026-09-08 06:22:53,529 [INFO] [Verarbeitung] Initialisiere 256MB RAM-Disk (tmpfs)...
2026-09-08 06:22:53,531 [INFO] Mounte 256MB tmpfs auf /mnt/tor_ramdisk...
2026-09-08 06:22:53,534 [INFO] [+] RAM-Disk erfolgreich gemountet.
2026-09-08 06:22:53,535 [INFO] [+] Unterstrukturen für Tor (/mnt/tor_ramdisk/tor_data) und Privoxy (/mnt/tor_ramdisk/privoxy) vorbereitet.
2026-09-08 06:22:53,536 [INFO] [Verarbeitung] Erzeuge dynamische Konfigurationsdateien in der RAM-Disk...
2026-09-08 06:22:53,821 [INFO] [+] Dynamische torrc erfolgreich in RAM-Disk erzeugt: /mnt/tor_ramdisk/torrc
2026-09-08 06:22:53,833 [INFO] [+] Privoxy user.action (Härtung) in RAM-Disk erzeugt: /mnt/tor_ramdisk/user.action
2026-09-08 06:22:53,834 [INFO] [+] Gehärtete Privoxy-Config in RAM-Disk erzeugt: /mnt/tor_ramdisk/privoxy.conf
2026-09-08 06:22:53,835 [INFO] [Verarbeitung] Wende strikte POSIX-Sicherheitsrechte an...
2026-09-08 06:22:53,836 [INFO] Setze strikte Dateirechte & erstelle Systempfade...
2026-09-08 06:22:53,837 [INFO] [+] Pfad /mnt/tor_ramdisk/torrc mit Rechte 0600 & User-UID 136 vorbereitet.
2026-09-08 06:22:53,838 [INFO] [Verarbeitung] Konfiguriere Windows Defender Firewall-Regeln...
2026-09-08 06:22:53,839 [INFO] Konfiguriere Windows-Firewall-Regeln für Ports 8118 (Privoxy) & 8443 (ORPort)...
2026-09-08 06:22:55,968 [ERROR] [-] PowerShell-Firewall-Fehler: New-NetFirewallRule : Zugriff verweigert 
In Zeile:1 Zeichen:97
+ ... lyContinue; New-NetFirewallRule -DisplayName "Cyberdeck_TorSuite_Priv ...
+                 ~~~~~~~~~~~~~~~~~~~~~~~~~~~~~~~~~~~~~~~~~~~~~~~~~~~~~~~~~
    + CategoryInfo          : PermissionDenied: (MSFT_NetFirewallRule:root/standardcimv2/MSFT_NetFirewallRule) [New-Ne 
   tFirewallRule], CimException
    + FullyQualifiedErrorId : Windows System Error 5,New-NetFirewallRule
 
New-NetFirewallRule : Zugriff verweigert 
In Zeile:1 Zeichen:390
+ ... lyContinue; New-NetFirewallRule -DisplayName "Cyberdeck_TorSuite_ORPo ...
+                 ~~~~~~~~~~~~~~~~~~~~~~~~~~~~~~~~~~~~~~~~~~~~~~~~~~~~~~~~~
    + CategoryInfo          : PermissionDenied: (MSFT_NetFirewallRule:root/standardcimv2/MSFT_NetFirewallRule) [New-Ne 
   tFirewallRule], CimException
    + FullyQualifiedErrorId : Windows System Error 5,New-NetFirewallRule
2026-09-08 06:22:55,971 [WARNING] [!] Firewall-Regeln konnten teilweise nicht gesetzt werden (Elevated Admin-Rechte unter Windows erforderlich).
2026-09-08 06:22:55,971 [INFO] [Verarbeitung] Bereinige verwaiste Tor-Prozesse und aktiviere Tor-Dienst...
2026-09-08 06:22:55,972 [INFO] Stoppe System-Tor-Instanz (tor@default)...
2026-09-08 06:22:55,979 [INFO] Prüfe auf verwaiste Tor-Prozesse und gebe Ports frei...
2026-09-08 06:22:56,494 [INFO] [+] System-Tor gestoppt – Ports frei für den Suite-eigenen Tor (RAM-Disk).
2026-09-08 06:22:56,495 [INFO] [Verarbeitung] Starte Tor-Dienst und Stealth-Relay (warte auf Bootstrap 100%)...
2026-09-08 06:22:56,501 [INFO] [+] Dynamische torrc erfolgreich in RAM-Disk erzeugt: /mnt/tor_ramdisk/torrc
2026-09-08 06:22:56,505 [INFO] Starte Tor als direkten Prozess: tor -f /mnt/tor_ramdisk/torrc
2026-09-08 06:22:58,506 [INFO] Warte auf Tor-Bootstrap (kann bei europäischen Exit-Nodes einen Moment dauern)...
2026-09-08 06:23:22,294 [INFO] [+] Tor erfolgreich gestartet und zu 100% bootstrapped.
2026-09-08 06:23:22,296 [INFO] [*] IP-Changer gestartet (Rotation alle 120 Sekunden).
2026-09-08 06:23:22,301 [INFO] [Verarbeitung] Tor bootstrapped (100%) – aktiviere DNS-Leak-Schutz & Kill-Switch...
2026-09-08 06:23:22,306 [INFO] [+] /etc/resolv.conf gehärtet und auf lokalen Tor-DNS umgeleitet.
2026-09-08 06:23:22,368 [INFO] [+] DNS-Redirect aktiv: jeder Port-53-Aufruf -> Tor-DNSPort 5353 (kein DNS-Leak).
2026-09-08 06:23:22,374 [INFO] [+] nftables Kill-Switch aktiv (Exklusiver Outbound für Tor-UID 136, DNS-Port 5353).
2026-09-08 06:23:22,375 [INFO] [Verarbeitung] Starte gehärteten Privoxy-Proxy...
2026-09-08 06:23:22,383 [INFO] [+] Privoxy user.action (Härtung) in RAM-Disk erzeugt: /mnt/tor_ramdisk/user.action
2026-09-08 06:23:22,384 [INFO] [+] Gehärtete Privoxy-Config in RAM-Disk erzeugt: /mnt/tor_ramdisk/privoxy.conf
2026-09-08 06:23:22,385 [INFO] Starte Privoxy als direkten Prozess mit RAM-Disk-Config...
2026-09-08 06:23:23,889 [INFO] [+] Privoxy erfolgreich gestartet (Hört auf 0.0.0.0:8118).
2026-09-08 06:23:23,890 [INFO] [Ausgabe] Aktiviere Windows-Systemproxy...
2026-09-08 06:23:23,890 [INFO] Setze Windows-Systemproxy auf 172.23.220.58:8118...
2026-09-08 06:23:24,145 [INFO] [+] Windows-Systemproxy erfolgreich aktiviert (172.23.220.58:8118).
2026-09-08 06:23:24,146 [INFO] [SUCCESS] Tor Suite ist aktiv!
2026-09-08 06:23:24,147 [INFO]  - Privoxy Proxy: 172.23.220.58:8118
2026-09-08 06:23:24,148 [INFO]  - Tor Relay ORPort: 8443
2026-09-08 06:23:24,149 [INFO]  - IP-Rotation: Alle 120 Sekunden
2026-09-08 06:23:24,149 [INFO]  - Spurenschutz: Aktive 256MB RAM-Disk (tmpfs) + nftables Kill-Switch
2026-09-08 06:25:22,326 [INFO] [+] Signal NEWNYM gesendet: Tor Exit-IP gewechselt.
2026-09-08 06:27:22,353 [INFO] [+] Signal NEWNYM gesendet: Tor Exit-IP gewechselt.
2026-09-08 06:29:22,378 [INFO] [+] Signal NEWNYM gesendet: Tor Exit-IP gewechselt.
2026-09-08 06:31:23,532 [INFO] [+] Signal NEWNYM gesendet: Tor Exit-IP gewechselt.
2026-09-08 06:33:23,553 [INFO] [+] Signal NEWNYM gesendet: Tor Exit-IP gewechselt.
2026-09-08 06:35:23,578 [INFO] [+] Signal NEWNYM gesendet: Tor Exit-IP gewechselt.
2026-09-08 06:37:25,185 [INFO] [+] Signal NEWNYM gesendet: Tor Exit-IP gewechselt.
2026-09-08 06:39:25,212 [INFO] [+] Signal NEWNYM gesendet: Tor Exit-IP gewechselt.
2026-09-08 06:41:25,236 [INFO] [+] Signal NEWNYM gesendet: Tor Exit-IP gewechselt.
2026-09-08 06:43:25,259 [INFO] [+] Signal NEWNYM gesendet: Tor Exit-IP gewechselt.
2026-09-08 06:45:27,020 [INFO] [+] Signal NEWNYM gesendet: Tor Exit-IP gewechselt.
2026-09-08 06:47:27,057 [INFO] [+] Signal NEWNYM gesendet: Tor Exit-IP gewechselt.
2026-09-08 06:49:27,083 [INFO] [+] Signal NEWNYM gesendet: Tor Exit-IP gewechselt.
2026-09-08 06:51:28,850 [INFO] [+] Signal NEWNYM gesendet: Tor Exit-IP gewechselt.
2026-09-08 06:53:28,879 [INFO] [+] Signal NEWNYM gesendet: Tor Exit-IP gewechselt.
2026-09-08 06:55:28,909 [INFO] [+] Signal NEWNYM gesendet: Tor Exit-IP gewechselt.
2026-09-08 06:57:28,937 [INFO] [+] Signal NEWNYM gesendet: Tor Exit-IP gewechselt.
2026-09-08 06:59:30,713 [INFO] [+] Signal NEWNYM gesendet: Tor Exit-IP gewechselt.
2026-09-08 07:01:30,739 [INFO] [+] Signal NEWNYM gesendet: Tor Exit-IP gewechselt.
2026-09-08 07:03:30,767 [INFO] [+] Signal NEWNYM gesendet: Tor Exit-IP gewechselt.
2026-09-08 07:05:30,795 [INFO] [+] Signal NEWNYM gesendet: Tor Exit-IP gewechselt.
2026-09-08 07:07:30,822 [INFO] [+] Signal NEWNYM gesendet: Tor Exit-IP gewechselt.
2026-09-08 07:09:32,604 [INFO] [+] Signal NEWNYM gesendet: Tor Exit-IP gewechselt.
2026-09-08 07:11:32,632 [INFO] [+] Signal NEWNYM gesendet: Tor Exit-IP gewechselt.
2026-09-08 07:13:32,661 [INFO] [+] Signal NEWNYM gesendet: Tor Exit-IP gewechselt.
2026-09-08 07:15:34,446 [INFO] [+] Signal NEWNYM gesendet: Tor Exit-IP gewechselt.
2026-09-08 07:17:34,495 [INFO] [+] Signal NEWNYM gesendet: Tor Exit-IP gewechselt.
2026-09-08 07:19:34,524 [INFO] [+] Signal NEWNYM gesendet: Tor Exit-IP gewechselt.
2026-09-08 07:21:34,552 [INFO] [+] Signal NEWNYM gesendet: Tor Exit-IP gewechselt.
2026-09-08 07:23:34,581 [INFO] [+] Signal NEWNYM gesendet: Tor Exit-IP gewechselt.
2026-09-08 07:25:36,392 [INFO] [+] Signal NEWNYM gesendet: Tor Exit-IP gewechselt.
2026-09-08 07:27:36,422 [INFO] [+] Signal NEWNYM gesendet: Tor Exit-IP gewechselt.
2026-09-08 07:29:36,455 [INFO] [+] Signal NEWNYM gesendet: Tor Exit-IP gewechselt.
2026-09-08 07:31:36,481 [INFO] [+] Signal NEWNYM gesendet: Tor Exit-IP gewechselt.
2026-09-08 07:33:38,168 [INFO] [+] Signal NEWNYM gesendet: Tor Exit-IP gewechselt.
2026-09-08 16:45:52,816 [INFO] [Vorbereitung] Entferne ggf. übrig gebliebenen Windows-Systemproxy (Stale-State)...
2026-09-08 16:45:52,817 [INFO] Deaktiviere Windows-Systemproxy...
2026-09-08 16:45:53,073 [INFO] [+] Windows-Systemproxy erfolgreich deaktiviert.
2026-09-08 16:45:53,075 [INFO] [Eingabe] Prüfe Systemvoraussetzungen...
2026-09-08 16:45:53,079 [INFO] [+] Systemcheck erfolgreich. WSL-IP ermittelt: 172.23.220.58
2026-09-08 16:45:53,080 [INFO] [Verarbeitung] Initialisiere 256MB RAM-Disk (tmpfs)...
2026-09-08 16:45:53,081 [INFO] Mounte 256MB tmpfs auf /mnt/tor_ramdisk...
2026-09-08 16:45:53,084 [INFO] [+] RAM-Disk erfolgreich gemountet.
2026-09-08 16:45:53,086 [INFO] [+] Unterstrukturen für Tor (/mnt/tor_ramdisk/tor_data) und Privoxy (/mnt/tor_ramdisk/privoxy) vorbereitet.
2026-09-08 16:45:53,087 [INFO] [Verarbeitung] Erzeuge dynamische Konfigurationsdateien in der RAM-Disk...
2026-09-08 16:45:53,398 [INFO] [+] Dynamische torrc erfolgreich in RAM-Disk erzeugt: /mnt/tor_ramdisk/torrc
2026-09-08 16:45:53,410 [INFO] [+] Privoxy user.action (Härtung) in RAM-Disk erzeugt: /mnt/tor_ramdisk/user.action
2026-09-08 16:45:53,411 [INFO] [+] Gehärtete Privoxy-Config in RAM-Disk erzeugt: /mnt/tor_ramdisk/privoxy.conf
2026-09-08 16:45:53,412 [INFO] [Verarbeitung] Wende strikte POSIX-Sicherheitsrechte an...
2026-09-08 16:45:53,413 [INFO] Setze strikte Dateirechte & erstelle Systempfade...
2026-09-08 16:45:53,414 [INFO] [+] Pfad /mnt/tor_ramdisk/torrc mit Rechte 0600 & User-UID 136 vorbereitet.
2026-09-08 16:45:53,415 [INFO] [Verarbeitung] Konfiguriere Windows Defender Firewall-Regeln...
2026-09-08 16:45:53,416 [INFO] Konfiguriere Windows-Firewall-Regeln für Ports 8118 (Privoxy) & 8443 (ORPort)...
2026-09-08 16:45:55,814 [ERROR] [-] PowerShell-Firewall-Fehler: New-NetFirewallRule : Zugriff verweigert 
In Zeile:1 Zeichen:97
+ ... lyContinue; New-NetFirewallRule -DisplayName "Cyberdeck_TorSuite_Priv ...
+                 ~~~~~~~~~~~~~~~~~~~~~~~~~~~~~~~~~~~~~~~~~~~~~~~~~~~~~~~~~
    + CategoryInfo          : PermissionDenied: (MSFT_NetFirewallRule:root/standardcimv2/MSFT_NetFirewallRule) [New-Ne 
   tFirewallRule], CimException
    + FullyQualifiedErrorId : Windows System Error 5,New-NetFirewallRule
 
New-NetFirewallRule : Zugriff verweigert 
In Zeile:1 Zeichen:390
+ ... lyContinue; New-NetFirewallRule -DisplayName "Cyberdeck_TorSuite_ORPo ...
+                 ~~~~~~~~~~~~~~~~~~~~~~~~~~~~~~~~~~~~~~~~~~~~~~~~~~~~~~~~~
    + CategoryInfo          : PermissionDenied: (MSFT_NetFirewallRule:root/standardcimv2/MSFT_NetFirewallRule) [New-Ne 
   tFirewallRule], CimException
    + FullyQualifiedErrorId : Windows System Error 5,New-NetFirewallRule
2026-09-08 16:45:55,817 [WARNING] [!] Firewall-Regeln konnten teilweise nicht gesetzt werden (Elevated Admin-Rechte unter Windows erforderlich).
2026-09-08 16:45:55,818 [INFO] [Verarbeitung] Bereinige verwaiste Tor-Prozesse und aktiviere Tor-Dienst...
2026-09-08 16:45:55,820 [INFO] Stoppe System-Tor-Instanz (tor@default)...
2026-09-08 16:45:55,829 [INFO] Prüfe auf verwaiste Tor-Prozesse und gebe Ports frei...
2026-09-08 16:45:56,346 [INFO] [+] System-Tor gestoppt – Ports frei für den Suite-eigenen Tor (RAM-Disk).
2026-09-08 16:45:56,347 [INFO] [Verarbeitung] Starte Tor-Dienst und Stealth-Relay (warte auf Bootstrap 100%)...
2026-09-08 16:45:56,354 [INFO] [+] Dynamische torrc erfolgreich in RAM-Disk erzeugt: /mnt/tor_ramdisk/torrc
2026-09-08 16:45:56,359 [INFO] Starte Tor als direkten Prozess: tor -f /mnt/tor_ramdisk/torrc
2026-09-08 16:45:58,362 [INFO] Warte auf Tor-Bootstrap (kann bei europäischen Exit-Nodes einen Moment dauern)...
2026-09-08 16:46:12,678 [INFO] [Cleanup] Fahre Cyberdeck Tor Suite herunter...
2026-09-08 16:46:12,679 [INFO] Deaktiviere Windows-Systemproxy...
2026-09-08 16:46:12,976 [INFO] [+] Windows-Systemproxy erfolgreich deaktiviert.
2026-09-08 16:46:12,979 [INFO] Entferne temporäre Windows-Firewall-Regeln...
2026-09-08 16:46:14,891 [ERROR] [-] PowerShell-Firewall-Fehler: 
2026-09-08 16:46:14,893 [ERROR] [-] Fehler beim Löschen der Firewall-Regeln.
2026-09-08 16:46:14,918 [INFO] [*] Keine aktive DNS-Redirect-Tabelle vorhanden (übersprungen).
2026-09-08 16:46:14,938 [INFO] [+] Keine aktive Kill-Switch-Tabelle zum Löschen gefunden.
2026-09-08 16:46:14,943 [INFO] [+] Ursprüngliche /etc/resolv.conf wiederhergestellt.
2026-09-08 16:46:14,944 [INFO] Stoppe Privoxy-Dienst...
2026-09-08 16:46:14,945 [INFO] [+] Privoxy sauber beendet.
2026-09-08 16:46:14,946 [INFO] Stoppe Tor-Prozess und IP-Changer...
2026-09-08 16:46:15,469 [INFO] [+] Tor-Prozess sauber beendet.
2026-09-08 16:46:15,471 [INFO] Stoppe tor@default...
2026-09-08 16:46:15,478 [INFO] Prüfe auf verwaiste Tor-Prozesse und gebe Ports frei...
2026-09-08 16:46:15,988 [INFO] [+] tor@default beendet.
2026-09-08 16:46:15,990 [INFO] Unmounte RAM-Disk unter /mnt/tor_ramdisk...
2026-09-08 16:46:16,010 [INFO] [+] RAM-Disk sauber unmountet und Spuren beseitigt.
2026-09-08 16:46:16,012 [INFO] [+] Shutdown abgeschlossen. Sämtliche temporären Daten wurden aus dem RAM gelöscht.
2026-09-08 20:11:36,447 [INFO] [Vorbereitung] Entferne ggf. übrig gebliebenen Windows-Systemproxy (Stale-State)...
2026-09-08 20:11:36,448 [INFO] Deaktiviere Windows-Systemproxy...
2026-09-08 20:11:36,715 [INFO] [+] Windows-Systemproxy erfolgreich deaktiviert.
2026-09-08 20:11:36,716 [INFO] [Eingabe] Prüfe Systemvoraussetzungen...
2026-09-08 20:11:36,719 [INFO] [+] Systemcheck erfolgreich. WSL-IP ermittelt: 172.23.220.58
2026-09-08 20:11:36,721 [INFO] [Verarbeitung] Initialisiere 256MB RAM-Disk (tmpfs)...
2026-09-08 20:11:36,722 [INFO] Mounte 256MB tmpfs auf /mnt/tor_ramdisk...
2026-09-08 20:11:36,726 [INFO] [+] RAM-Disk erfolgreich gemountet.
2026-09-08 20:11:36,727 [INFO] [+] Unterstrukturen für Tor (/mnt/tor_ramdisk/tor_data) und Privoxy (/mnt/tor_ramdisk/privoxy) vorbereitet.
2026-09-08 20:11:36,728 [INFO] [Verarbeitung] Erzeuge dynamische Konfigurationsdateien in der RAM-Disk...
2026-09-08 20:11:37,002 [INFO] [+] Dynamische torrc erfolgreich in RAM-Disk erzeugt: /mnt/tor_ramdisk/torrc
2026-09-08 20:11:37,014 [INFO] [+] Privoxy user.action (Härtung) in RAM-Disk erzeugt: /mnt/tor_ramdisk/user.action
2026-09-08 20:11:37,015 [INFO] [+] Gehärtete Privoxy-Config in RAM-Disk erzeugt: /mnt/tor_ramdisk/privoxy.conf
2026-09-08 20:11:37,016 [INFO] [Verarbeitung] Wende strikte POSIX-Sicherheitsrechte an...
2026-09-08 20:11:37,017 [INFO] Setze strikte Dateirechte & erstelle Systempfade...
2026-09-08 20:11:37,018 [INFO] [+] Pfad /mnt/tor_ramdisk/torrc mit Rechte 0600 & User-UID 136 vorbereitet.
2026-09-08 20:11:37,019 [INFO] [Verarbeitung] Konfiguriere Windows Defender Firewall-Regeln...
2026-09-08 20:11:37,020 [INFO] Konfiguriere Windows-Firewall-Regeln für Ports 8118 (Privoxy) & 8443 (ORPort)...
2026-09-08 20:11:39,193 [ERROR] [-] PowerShell-Firewall-Fehler: New-NetFirewallRule : Zugriff verweigert 
In Zeile:1 Zeichen:97
+ ... lyContinue; New-NetFirewallRule -DisplayName "Cyberdeck_TorSuite_Priv ...
+                 ~~~~~~~~~~~~~~~~~~~~~~~~~~~~~~~~~~~~~~~~~~~~~~~~~~~~~~~~~
    + CategoryInfo          : PermissionDenied: (MSFT_NetFirewallRule:root/standardcimv2/MSFT_NetFirewallRule) [New-Ne 
   tFirewallRule], CimException
    + FullyQualifiedErrorId : Windows System Error 5,New-NetFirewallRule
 
New-NetFirewallRule : Zugriff verweigert 
In Zeile:1 Zeichen:390
+ ... lyContinue; New-NetFirewallRule -DisplayName "Cyberdeck_TorSuite_ORPo ...
+                 ~~~~~~~~~~~~~~~~~~~~~~~~~~~~~~~~~~~~~~~~~~~~~~~~~~~~~~~~~
    + CategoryInfo          : PermissionDenied: (MSFT_NetFirewallRule:root/standardcimv2/MSFT_NetFirewallRule) [New-Ne 
   tFirewallRule], CimException
    + FullyQualifiedErrorId : Windows System Error 5,New-NetFirewallRule
2026-09-08 20:11:39,193 [WARNING] [!] Firewall-Regeln konnten teilweise nicht gesetzt werden (Elevated Admin-Rechte unter Windows erforderlich).
2026-09-08 20:11:39,194 [INFO] [Verarbeitung] Bereinige verwaiste Tor-Prozesse und aktiviere Tor-Dienst...
2026-09-08 20:11:39,195 [INFO] Stoppe System-Tor-Instanz (tor@default)...
2026-09-08 20:11:39,201 [INFO] Prüfe auf verwaiste Tor-Prozesse und gebe Ports frei...
2026-09-08 20:11:39,714 [INFO] [+] System-Tor gestoppt – Ports frei für den Suite-eigenen Tor (RAM-Disk).
2026-09-08 20:11:39,715 [INFO] [Verarbeitung] Starte Tor-Dienst und Stealth-Relay (warte auf Bootstrap 100%)...
2026-09-08 20:11:39,720 [INFO] [+] Dynamische torrc erfolgreich in RAM-Disk erzeugt: /mnt/tor_ramdisk/torrc
2026-09-08 20:11:39,724 [INFO] Starte Tor als direkten Prozess: tor -f /mnt/tor_ramdisk/torrc
2026-09-08 20:11:41,725 [INFO] Warte auf Tor-Bootstrap (kann bei europäischen Exit-Nodes einen Moment dauern)...
2026-09-08 20:12:07,718 [INFO] [+] Tor erfolgreich gestartet und zu 100% bootstrapped.
2026-09-08 20:12:07,719 [INFO] [*] IP-Changer gestartet (Rotation alle 120 Sekunden).
2026-09-08 20:12:07,725 [INFO] [Verarbeitung] Tor bootstrapped (100%) – aktiviere DNS-Leak-Schutz & Kill-Switch...
2026-09-08 20:12:07,731 [INFO] [+] /etc/resolv.conf gehärtet und auf lokalen Tor-DNS umgeleitet.
2026-09-08 20:12:07,773 [INFO] [+] DNS-Redirect aktiv: jeder Port-53-Aufruf -> Tor-DNSPort 5353 (kein DNS-Leak).
2026-09-08 20:12:07,782 [INFO] [+] nftables Kill-Switch aktiv (Exklusiver Outbound für Tor-UID 136, DNS-Port 5353).
2026-09-08 20:12:07,783 [INFO] [Verarbeitung] Starte gehärteten Privoxy-Proxy...
2026-09-08 20:12:07,794 [INFO] [+] Privoxy user.action (Härtung) in RAM-Disk erzeugt: /mnt/tor_ramdisk/user.action
2026-09-08 20:12:07,795 [INFO] [+] Gehärtete Privoxy-Config in RAM-Disk erzeugt: /mnt/tor_ramdisk/privoxy.conf
2026-09-08 20:12:07,796 [INFO] Starte Privoxy als direkten Prozess mit RAM-Disk-Config...
2026-09-08 20:12:09,301 [INFO] [+] Privoxy erfolgreich gestartet (Hört auf 0.0.0.0:8118).
2026-09-08 20:12:09,302 [INFO] [Ausgabe] Aktiviere Windows-Systemproxy...
2026-09-08 20:12:09,303 [INFO] Setze Windows-Systemproxy auf 172.23.220.58:8118...
2026-09-08 20:12:09,572 [INFO] [+] Windows-Systemproxy erfolgreich aktiviert (172.23.220.58:8118).
2026-09-08 20:12:09,573 [INFO] [SUCCESS] Tor Suite ist aktiv!
2026-09-08 20:12:09,575 [INFO]  - Privoxy Proxy: 172.23.220.58:8118
2026-09-08 20:12:09,577 [INFO]  - Tor Relay ORPort: 8443
2026-09-08 20:12:09,578 [INFO]  - IP-Rotation: Alle 120 Sekunden
2026-09-08 20:12:09,579 [INFO]  - Spurenschutz: Aktive 256MB RAM-Disk (tmpfs) + nftables Kill-Switch
2026-09-08 20:12:34,883 [INFO] [Cleanup] Fahre Cyberdeck Tor Suite herunter...
2026-09-08 20:12:34,885 [INFO] Deaktiviere Windows-Systemproxy...
2026-09-08 20:12:35,132 [INFO] [+] Windows-Systemproxy erfolgreich deaktiviert.
2026-09-08 20:12:35,133 [INFO] Entferne temporäre Windows-Firewall-Regeln...
2026-09-08 20:12:37,171 [ERROR] [-] PowerShell-Firewall-Fehler: 
2026-09-08 20:12:37,172 [ERROR] [-] Fehler beim Löschen der Firewall-Regeln.
2026-09-08 20:12:37,198 [INFO] [+] DNS-Redirect-Tabelle erfolgreich entfernt.
2026-09-08 20:12:37,230 [INFO] [+] nftables Kill-Switch Tabelle erfolgreich gelöscht.
2026-09-08 20:12:37,234 [INFO] [+] Ursprüngliche /etc/resolv.conf wiederhergestellt.
2026-09-08 20:12:37,235 [INFO] Stoppe Privoxy-Dienst...
2026-09-08 20:12:37,240 [INFO] [+] Privoxy sauber beendet.
2026-09-08 20:12:37,243 [INFO] Stoppe Tor-Prozess und IP-Changer...
2026-09-08 20:12:37,417 [INFO] [+] Tor-Prozess sauber beendet.
2026-09-08 20:12:37,420 [INFO] Stoppe tor@default...
2026-09-08 20:12:37,427 [INFO] Prüfe auf verwaiste Tor-Prozesse und gebe Ports frei...
2026-09-08 20:12:37,938 [INFO] [+] tor@default beendet.
2026-09-08 20:12:37,939 [INFO] Unmounte RAM-Disk unter /mnt/tor_ramdisk...
2026-09-08 20:12:37,959 [INFO] [+] RAM-Disk sauber unmountet und Spuren beseitigt.
2026-09-08 20:12:37,960 [INFO] [+] Shutdown abgeschlossen. Sämtliche temporären Daten wurden aus dem RAM gelöscht.
2026-09-08 20:18:57,476 [INFO] [Vorbereitung] Entferne ggf. übrig gebliebenen Windows-Systemproxy (Stale-State)...
2026-09-08 20:18:57,477 [INFO] Deaktiviere Windows-Systemproxy...
2026-09-08 20:18:57,715 [INFO] [+] Windows-Systemproxy erfolgreich deaktiviert.
2026-09-08 20:18:57,716 [INFO] [Eingabe] Prüfe Systemvoraussetzungen...
2026-09-08 20:18:57,719 [INFO] [+] Systemcheck erfolgreich. WSL-IP ermittelt: 172.23.220.58
2026-09-08 20:18:57,720 [INFO] [Verarbeitung] Initialisiere 256MB RAM-Disk (tmpfs)...
2026-09-08 20:18:57,721 [INFO] Mounte 256MB tmpfs auf /mnt/tor_ramdisk...
2026-09-08 20:18:57,724 [INFO] [+] RAM-Disk erfolgreich gemountet.
2026-09-08 20:18:57,725 [INFO] [+] Unterstrukturen für Tor (/mnt/tor_ramdisk/tor_data) und Privoxy (/mnt/tor_ramdisk/privoxy) vorbereitet.
2026-09-08 20:18:57,726 [INFO] [Verarbeitung] Erzeuge dynamische Konfigurationsdateien in der RAM-Disk...
2026-09-08 20:18:57,979 [INFO] [+] Dynamische torrc erfolgreich in RAM-Disk erzeugt: /mnt/tor_ramdisk/torrc
2026-09-08 20:18:57,989 [INFO] [+] Privoxy user.action (Härtung) in RAM-Disk erzeugt: /mnt/tor_ramdisk/user.action
2026-09-08 20:18:57,990 [INFO] [+] Gehärtete Privoxy-Config in RAM-Disk erzeugt: /mnt/tor_ramdisk/privoxy.conf
2026-09-08 20:18:57,991 [INFO] [Verarbeitung] Wende strikte POSIX-Sicherheitsrechte an...
2026-09-08 20:18:57,991 [INFO] Setze strikte Dateirechte & erstelle Systempfade...
2026-09-08 20:18:57,992 [INFO] [+] Pfad /mnt/tor_ramdisk/torrc mit Rechte 0600 & User-UID 136 vorbereitet.
2026-09-08 20:18:57,993 [INFO] [Verarbeitung] Konfiguriere Windows Defender Firewall-Regeln...
2026-09-08 20:18:57,994 [INFO] Konfiguriere Windows-Firewall-Regeln für Ports 8118 (Privoxy) & 8443 (ORPort)...
2026-09-08 20:18:59,830 [ERROR] [-] PowerShell-Firewall-Fehler: New-NetFirewallRule : Zugriff verweigert 
In Zeile:1 Zeichen:97
+ ... lyContinue; New-NetFirewallRule -DisplayName "Cyberdeck_TorSuite_Priv ...
+                 ~~~~~~~~~~~~~~~~~~~~~~~~~~~~~~~~~~~~~~~~~~~~~~~~~~~~~~~~~
    + CategoryInfo          : PermissionDenied: (MSFT_NetFirewallRule:root/standardcimv2/MSFT_NetFirewallRule) [New-Ne 
   tFirewallRule], CimException
    + FullyQualifiedErrorId : Windows System Error 5,New-NetFirewallRule
 
New-NetFirewallRule : Zugriff verweigert 
In Zeile:1 Zeichen:390
+ ... lyContinue; New-NetFirewallRule -DisplayName "Cyberdeck_TorSuite_ORPo ...
+                 ~~~~~~~~~~~~~~~~~~~~~~~~~~~~~~~~~~~~~~~~~~~~~~~~~~~~~~~~~
    + CategoryInfo          : PermissionDenied: (MSFT_NetFirewallRule:root/standardcimv2/MSFT_NetFirewallRule) [New-Ne 
   tFirewallRule], CimException
    + FullyQualifiedErrorId : Windows System Error 5,New-NetFirewallRule
2026-09-08 20:18:59,831 [WARNING] [!] Firewall-Regeln konnten teilweise nicht gesetzt werden (Elevated Admin-Rechte unter Windows erforderlich).
2026-09-08 20:18:59,832 [INFO] [Verarbeitung] Bereinige verwaiste Tor-Prozesse und aktiviere Tor-Dienst...
2026-09-08 20:18:59,833 [INFO] Stoppe System-Tor-Instanz (tor@default)...
2026-09-08 20:18:59,839 [INFO] Prüfe auf verwaiste Tor-Prozesse und gebe Ports frei...
2026-09-08 20:19:00,349 [INFO] [+] System-Tor gestoppt – Ports frei für den Suite-eigenen Tor (RAM-Disk).
2026-09-08 20:19:00,350 [INFO] [Verarbeitung] Starte Tor-Dienst und Stealth-Relay (warte auf Bootstrap 100%)...
2026-09-08 20:19:00,354 [INFO] [+] Dynamische torrc erfolgreich in RAM-Disk erzeugt: /mnt/tor_ramdisk/torrc
2026-09-08 20:19:00,358 [INFO] Starte Tor als direkten Prozess: tor -f /mnt/tor_ramdisk/torrc
2026-09-08 20:19:02,359 [INFO] Warte auf Tor-Bootstrap (kann bei europäischen Exit-Nodes einen Moment dauern)...
2026-09-08 20:19:26,399 [INFO] [+] Tor erfolgreich gestartet und zu 100% bootstrapped.
2026-09-08 20:19:26,400 [INFO] [*] IP-Changer gestartet (Rotation alle 120 Sekunden).
2026-09-08 20:19:26,406 [INFO] [Verarbeitung] Tor bootstrapped (100%) – aktiviere DNS-Leak-Schutz & Kill-Switch...
2026-09-08 20:19:26,410 [INFO] [+] /etc/resolv.conf gehärtet und auf lokalen Tor-DNS umgeleitet.
2026-09-08 20:19:26,459 [INFO] [+] DNS-Redirect aktiv: jeder Port-53-Aufruf -> Tor-DNSPort 5353 (kein DNS-Leak).
2026-09-08 20:19:26,463 [INFO] [+] nftables Kill-Switch aktiv (Exklusiver Outbound für Tor-UID 136, DNS-Port 5353).
2026-09-08 20:19:26,464 [INFO] [Verarbeitung] Starte gehärteten Privoxy-Proxy...
2026-09-08 20:19:26,472 [INFO] [+] Privoxy user.action (Härtung) in RAM-Disk erzeugt: /mnt/tor_ramdisk/user.action
2026-09-08 20:19:26,473 [INFO] [+] Gehärtete Privoxy-Config in RAM-Disk erzeugt: /mnt/tor_ramdisk/privoxy.conf
2026-09-08 20:19:26,474 [INFO] Starte Privoxy als direkten Prozess mit RAM-Disk-Config...
2026-09-08 20:19:27,978 [INFO] [+] Privoxy erfolgreich gestartet (Hört auf 0.0.0.0:8118).
2026-09-08 20:19:27,979 [INFO] [Ausgabe] Aktiviere Windows-Systemproxy...
2026-09-08 20:19:27,980 [INFO] Setze Windows-Systemproxy auf 172.23.220.58:8118...
2026-09-08 20:19:28,221 [INFO] [+] Windows-Systemproxy erfolgreich aktiviert (172.23.220.58:8118).
2026-09-08 20:19:28,222 [INFO] [SUCCESS] Tor Suite ist aktiv!
2026-09-08 20:19:28,224 [INFO]  - Privoxy Proxy: 172.23.220.58:8118
2026-09-08 20:19:28,224 [INFO]  - Tor Relay ORPort: 8443
2026-09-08 20:19:28,225 [INFO]  - IP-Rotation: Alle 120 Sekunden
2026-09-08 20:19:28,226 [INFO]  - Spurenschutz: Aktive 256MB RAM-Disk (tmpfs) + nftables Kill-Switch
2026-09-08 20:21:26,488 [INFO] [+] Signal NEWNYM gesendet: Tor Exit-IP gewechselt.
2026-09-08 20:21:33,806 [INFO] [Cleanup] Fahre Cyberdeck Tor Suite herunter...
2026-09-08 20:21:33,807 [INFO] Deaktiviere Windows-Systemproxy...
2026-09-08 20:21:34,040 [INFO] [+] Windows-Systemproxy erfolgreich deaktiviert.
2026-09-08 20:21:34,042 [INFO] Entferne temporäre Windows-Firewall-Regeln...
2026-09-08 20:21:35,751 [ERROR] [-] PowerShell-Firewall-Fehler: 
2026-09-08 20:21:35,753 [ERROR] [-] Fehler beim Löschen der Firewall-Regeln.
2026-09-08 20:21:35,771 [INFO] [+] DNS-Redirect-Tabelle erfolgreich entfernt.
2026-09-08 20:21:35,783 [INFO] [+] nftables Kill-Switch Tabelle erfolgreich gelöscht.
2026-09-08 20:21:35,785 [INFO] [+] Ursprüngliche /etc/resolv.conf wiederhergestellt.
2026-09-08 20:21:35,786 [INFO] Stoppe Privoxy-Dienst...
2026-09-08 20:21:35,791 [INFO] [+] Privoxy sauber beendet.
2026-09-08 20:21:35,792 [INFO] Stoppe Tor-Prozess und IP-Changer...
2026-09-08 20:21:35,965 [INFO] [+] Tor-Prozess sauber beendet.
2026-09-08 20:21:35,966 [INFO] Stoppe tor@default...
2026-09-08 20:21:35,972 [INFO] Prüfe auf verwaiste Tor-Prozesse und gebe Ports frei...
2026-09-08 20:21:36,482 [INFO] [+] tor@default beendet.
2026-09-08 20:21:36,483 [INFO] Unmounte RAM-Disk unter /mnt/tor_ramdisk...
2026-09-08 20:21:36,504 [INFO] [+] RAM-Disk sauber unmountet und Spuren beseitigt.
2026-09-08 20:21:36,505 [INFO] [+] Shutdown abgeschlossen. Sämtliche temporären Daten wurden aus dem RAM gelöscht.
2026-09-08 20:59:29,843 [INFO] [Vorbereitung] Entferne ggf. übrig gebliebenen Windows-Systemproxy (Stale-State)...
2026-09-08 20:59:29,844 [INFO] Deaktiviere Windows-Systemproxy...
2026-09-08 20:59:30,085 [INFO] [+] Windows-Systemproxy erfolgreich deaktiviert.
2026-09-08 20:59:30,087 [INFO] [Eingabe] Prüfe Systemvoraussetzungen...
2026-09-08 20:59:30,090 [INFO] [+] Systemcheck erfolgreich. WSL-IP ermittelt: 172.23.220.58
2026-09-08 20:59:30,091 [INFO] [Verarbeitung] Initialisiere 256MB RAM-Disk (tmpfs)...
2026-09-08 20:59:30,093 [INFO] Mounte 256MB tmpfs auf /mnt/tor_ramdisk...
2026-09-08 20:59:30,096 [INFO] [+] RAM-Disk erfolgreich gemountet.
2026-09-08 20:59:30,097 [INFO] [+] Unterstrukturen für Tor (/mnt/tor_ramdisk/tor_data) und Privoxy (/mnt/tor_ramdisk/privoxy) vorbereitet.
2026-09-08 20:59:30,098 [INFO] [Verarbeitung] Erzeuge dynamische Konfigurationsdateien in der RAM-Disk...
2026-09-08 20:59:30,364 [INFO] [+] Dynamische torrc erfolgreich in RAM-Disk erzeugt: /mnt/tor_ramdisk/torrc
2026-09-08 20:59:30,374 [INFO] [+] Privoxy user.action (Härtung) in RAM-Disk erzeugt: /mnt/tor_ramdisk/user.action
2026-09-08 20:59:30,375 [INFO] [+] Gehärtete Privoxy-Config in RAM-Disk erzeugt: /mnt/tor_ramdisk/privoxy.conf
2026-09-08 20:59:30,376 [INFO] [Verarbeitung] Wende strikte POSIX-Sicherheitsrechte an...
2026-09-08 20:59:30,376 [INFO] Setze strikte Dateirechte & erstelle Systempfade...
2026-09-08 20:59:30,377 [INFO] [+] Pfad /mnt/tor_ramdisk/torrc mit Rechte 0600 & User-UID 136 vorbereitet.
2026-09-08 20:59:30,378 [INFO] [Verarbeitung] Konfiguriere Windows Defender Firewall-Regeln...
2026-09-08 20:59:30,379 [INFO] Konfiguriere Windows-Firewall-Regeln für Ports 8118 (Privoxy) & 8443 (ORPort)...
2026-09-08 20:59:32,165 [ERROR] [-] PowerShell-Firewall-Fehler: New-NetFirewallRule : Zugriff verweigert 
In Zeile:1 Zeichen:97
+ ... lyContinue; New-NetFirewallRule -DisplayName "Cyberdeck_TorSuite_Priv ...
+                 ~~~~~~~~~~~~~~~~~~~~~~~~~~~~~~~~~~~~~~~~~~~~~~~~~~~~~~~~~
    + CategoryInfo          : PermissionDenied: (MSFT_NetFirewallRule:root/standardcimv2/MSFT_NetFirewallRule) [New-Ne 
   tFirewallRule], CimException
    + FullyQualifiedErrorId : Windows System Error 5,New-NetFirewallRule
 
New-NetFirewallRule : Zugriff verweigert 
In Zeile:1 Zeichen:390
+ ... lyContinue; New-NetFirewallRule -DisplayName "Cyberdeck_TorSuite_ORPo ...
+                 ~~~~~~~~~~~~~~~~~~~~~~~~~~~~~~~~~~~~~~~~~~~~~~~~~~~~~~~~~
    + CategoryInfo          : PermissionDenied: (MSFT_NetFirewallRule:root/standardcimv2/MSFT_NetFirewallRule) [New-Ne 
   tFirewallRule], CimException
    + FullyQualifiedErrorId : Windows System Error 5,New-NetFirewallRule
2026-09-08 20:59:32,167 [WARNING] [!] Firewall-Regeln konnten teilweise nicht gesetzt werden (Elevated Admin-Rechte unter Windows erforderlich).
2026-09-08 20:59:32,168 [INFO] [Verarbeitung] Bereinige verwaiste Tor-Prozesse und aktiviere Tor-Dienst...
2026-09-08 20:59:32,169 [INFO] Stoppe System-Tor-Instanz (tor@default)...
2026-09-08 20:59:32,175 [INFO] Prüfe auf verwaiste Tor-Prozesse und gebe Ports frei...
2026-09-08 20:59:32,687 [INFO] [+] System-Tor gestoppt – Ports frei für den Suite-eigenen Tor (RAM-Disk).
2026-09-08 20:59:32,688 [INFO] [Verarbeitung] Starte Tor-Dienst und Stealth-Relay (warte auf Bootstrap 100%)...
2026-09-08 20:59:32,693 [INFO] [+] Dynamische torrc erfolgreich in RAM-Disk erzeugt: /mnt/tor_ramdisk/torrc
2026-09-08 20:59:32,695 [INFO] Starte Tor als direkten Prozess: tor -f /mnt/tor_ramdisk/torrc
2026-09-08 20:59:34,696 [INFO] Warte auf Tor-Bootstrap (kann bei europäischen Exit-Nodes einen Moment dauern)...
2026-09-08 20:59:58,290 [INFO] [+] Tor erfolgreich gestartet und zu 100% bootstrapped.
2026-09-08 20:59:58,292 [INFO] [*] IP-Changer gestartet (Rotation alle 120 Sekunden).
2026-09-08 20:59:58,297 [INFO] [Verarbeitung] Tor bootstrapped (100%) – aktiviere DNS-Leak-Schutz & Kill-Switch...
2026-09-08 20:59:58,302 [INFO] [+] /etc/resolv.conf gehärtet und auf lokalen Tor-DNS umgeleitet.
2026-09-08 20:59:58,355 [INFO] [+] DNS-Redirect aktiv: jeder Port-53-Aufruf -> Tor-DNSPort 5353 (kein DNS-Leak).
2026-09-08 20:59:58,363 [INFO] [+] nftables Kill-Switch aktiv (Exklusiver Outbound für Tor-UID 136, DNS-Port 5353).
2026-09-08 20:59:58,364 [INFO] [Verarbeitung] Starte gehärteten Privoxy-Proxy...
2026-09-08 20:59:58,373 [INFO] [+] Privoxy user.action (Härtung) in RAM-Disk erzeugt: /mnt/tor_ramdisk/user.action
2026-09-08 20:59:58,374 [INFO] [+] Gehärtete Privoxy-Config in RAM-Disk erzeugt: /mnt/tor_ramdisk/privoxy.conf
2026-09-08 20:59:58,374 [INFO] Starte Privoxy als direkten Prozess mit RAM-Disk-Config...
2026-09-08 20:59:59,878 [INFO] [+] Privoxy erfolgreich gestartet (Hört auf 0.0.0.0:8118).
2026-09-08 20:59:59,879 [INFO] [Ausgabe] Aktiviere Windows-Systemproxy...
2026-09-08 20:59:59,880 [INFO] Setze Windows-Systemproxy auf 172.23.220.58:8118...
2026-09-08 21:00:00,130 [INFO] [+] Windows-Systemproxy erfolgreich aktiviert (172.23.220.58:8118).
2026-09-08 21:00:00,132 [INFO] [SUCCESS] Tor Suite ist aktiv!
2026-09-08 21:00:00,133 [INFO]  - Privoxy Proxy: 172.23.220.58:8118
2026-09-08 21:00:00,134 [INFO]  - Tor Relay ORPort: 8443
2026-09-08 21:00:00,135 [INFO]  - IP-Rotation: Alle 120 Sekunden
2026-09-08 21:00:00,136 [INFO]  - Spurenschutz: Aktive 256MB RAM-Disk (tmpfs) + nftables Kill-Switch
2026-09-08 21:01:56,180 [INFO] [+] Signal NEWNYM gesendet: Tor Exit-IP gewechselt.
2026-09-08 21:03:56,202 [INFO] [+] Signal NEWNYM gesendet: Tor Exit-IP gewechselt.
2026-09-08 21:05:58,190 [INFO] [+] Signal NEWNYM gesendet: Tor Exit-IP gewechselt.
2026-09-08 21:07:58,224 [INFO] [+] Signal NEWNYM gesendet: Tor Exit-IP gewechselt.
2026-09-08 21:07:58,759 [INFO] [Cleanup] Fahre Cyberdeck Tor Suite herunter...
2026-09-08 21:07:58,760 [INFO] Deaktiviere Windows-Systemproxy...
2026-09-08 21:07:58,998 [INFO] [+] Windows-Systemproxy erfolgreich deaktiviert.
2026-09-08 21:07:59,000 [INFO] Entferne temporäre Windows-Firewall-Regeln...
2026-09-08 21:08:00,634 [ERROR] [-] PowerShell-Firewall-Fehler: 
2026-09-08 21:08:00,636 [ERROR] [-] Fehler beim Löschen der Firewall-Regeln.
2026-09-08 21:08:00,659 [INFO] [+] DNS-Redirect-Tabelle erfolgreich entfernt.
2026-09-08 21:08:00,683 [INFO] [+] nftables Kill-Switch Tabelle erfolgreich gelöscht.
2026-09-08 21:08:00,685 [INFO] [+] Ursprüngliche /etc/resolv.conf wiederhergestellt.
2026-09-08 21:08:00,686 [INFO] Stoppe Privoxy-Dienst...
2026-09-08 21:08:00,688 [INFO] [+] Privoxy sauber beendet.
2026-09-08 21:08:00,689 [INFO] Stoppe Tor-Prozess und IP-Changer...
2026-09-08 21:08:00,860 [INFO] [+] Tor-Prozess sauber beendet.
2026-09-08 21:08:00,861 [INFO] Stoppe tor@default...
2026-09-08 21:08:00,867 [INFO] Prüfe auf verwaiste Tor-Prozesse und gebe Ports frei...
2026-09-08 21:08:01,377 [INFO] [+] tor@default beendet.
2026-09-08 21:08:01,378 [INFO] Unmounte RAM-Disk unter /mnt/tor_ramdisk...
2026-09-08 21:08:01,399 [INFO] [+] RAM-Disk sauber unmountet und Spuren beseitigt.
2026-09-08 21:08:01,400 [INFO] [+] Shutdown abgeschlossen. Sämtliche temporären Daten wurden aus dem RAM gelöscht.
2026-09-09 06:42:12,675 [INFO] [Vorbereitung] Entferne ggf. übrig gebliebenen Windows-Systemproxy (Stale-State)...
2026-09-09 06:42:12,677 [INFO] Deaktiviere Windows-Systemproxy...
2026-09-09 06:42:12,976 [INFO] [+] Windows-Systemproxy erfolgreich deaktiviert.
2026-09-09 06:42:12,977 [INFO] [Eingabe] Prüfe Systemvoraussetzungen...
2026-09-09 06:42:12,981 [INFO] [+] Systemcheck erfolgreich. WSL-IP ermittelt: 172.23.220.58
2026-09-09 06:42:12,982 [INFO] [Verarbeitung] Initialisiere 256MB RAM-Disk (tmpfs)...
2026-09-09 06:42:12,984 [INFO] Mounte 256MB tmpfs auf /mnt/tor_ramdisk...
2026-09-09 06:42:12,987 [INFO] [+] RAM-Disk erfolgreich gemountet.
2026-09-09 06:42:12,989 [INFO] [+] Unterstrukturen für Tor (/mnt/tor_ramdisk/tor_data) und Privoxy (/mnt/tor_ramdisk/privoxy) vorbereitet.
2026-09-09 06:42:12,990 [INFO] [Verarbeitung] Erzeuge dynamische Konfigurationsdateien in der RAM-Disk...
2026-09-09 06:42:13,333 [INFO] [+] Dynamische torrc erfolgreich in RAM-Disk erzeugt: /mnt/tor_ramdisk/torrc
2026-09-09 06:42:13,346 [INFO] [+] Privoxy user.action (Härtung) in RAM-Disk erzeugt: /mnt/tor_ramdisk/user.action
2026-09-09 06:42:13,347 [INFO] [+] Gehärtete Privoxy-Config in RAM-Disk erzeugt: /mnt/tor_ramdisk/privoxy.conf
2026-09-09 06:42:13,348 [INFO] [Verarbeitung] Wende strikte POSIX-Sicherheitsrechte an...
2026-09-09 06:42:13,349 [INFO] Setze strikte Dateirechte & erstelle Systempfade...
2026-09-09 06:42:13,350 [INFO] [+] Pfad /mnt/tor_ramdisk/torrc mit Rechte 0600 & User-UID 136 vorbereitet.
2026-09-09 06:42:13,351 [INFO] [Verarbeitung] Konfiguriere Windows Defender Firewall-Regeln...
2026-09-09 06:42:13,352 [INFO] Konfiguriere Windows-Firewall-Regeln für Ports 8118 (Privoxy) & 8443 (ORPort)...
2026-09-09 06:42:15,604 [ERROR] [-] PowerShell-Firewall-Fehler: New-NetFirewallRule : Zugriff verweigert 
In Zeile:1 Zeichen:97
+ ... lyContinue; New-NetFirewallRule -DisplayName "Cyberdeck_TorSuite_Priv ...
+                 ~~~~~~~~~~~~~~~~~~~~~~~~~~~~~~~~~~~~~~~~~~~~~~~~~~~~~~~~~
    + CategoryInfo          : PermissionDenied: (MSFT_NetFirewallRule:root/standardcimv2/MSFT_NetFirewallRule) [New-Ne 
   tFirewallRule], CimException
    + FullyQualifiedErrorId : Windows System Error 5,New-NetFirewallRule
 
New-NetFirewallRule : Zugriff verweigert 
In Zeile:1 Zeichen:390
+ ... lyContinue; New-NetFirewallRule -DisplayName "Cyberdeck_TorSuite_ORPo ...
+                 ~~~~~~~~~~~~~~~~~~~~~~~~~~~~~~~~~~~~~~~~~~~~~~~~~~~~~~~~~
    + CategoryInfo          : PermissionDenied: (MSFT_NetFirewallRule:root/standardcimv2/MSFT_NetFirewallRule) [New-Ne 
   tFirewallRule], CimException
    + FullyQualifiedErrorId : Windows System Error 5,New-NetFirewallRule
2026-09-09 06:42:15,606 [WARNING] [!] Firewall-Regeln konnten teilweise nicht gesetzt werden (Elevated Admin-Rechte unter Windows erforderlich).
2026-09-09 06:42:15,607 [INFO] [Verarbeitung] Bereinige verwaiste Tor-Prozesse und aktiviere Tor-Dienst...
2026-09-09 06:42:15,608 [INFO] Stoppe System-Tor-Instanz (tor@default)...
2026-09-09 06:42:15,616 [INFO] Prüfe auf verwaiste Tor-Prozesse und gebe Ports frei...
2026-09-09 06:42:16,128 [INFO] [+] System-Tor gestoppt – Ports frei für den Suite-eigenen Tor (RAM-Disk).
2026-09-09 06:42:16,130 [INFO] [Verarbeitung] Starte Tor-Dienst und Stealth-Relay (warte auf Bootstrap 100%)...
2026-09-09 06:42:16,135 [INFO] [+] Dynamische torrc erfolgreich in RAM-Disk erzeugt: /mnt/tor_ramdisk/torrc
2026-09-09 06:42:16,139 [INFO] Starte Tor als direkten Prozess: tor -f /mnt/tor_ramdisk/torrc
2026-09-09 06:42:18,141 [INFO] Warte auf Tor-Bootstrap (kann bei europäischen Exit-Nodes einen Moment dauern)...
2026-09-09 06:42:44,608 [INFO] [+] Tor erfolgreich gestartet und zu 100% bootstrapped.
2026-09-09 06:42:44,609 [INFO] [*] IP-Changer gestartet (Rotation alle 120 Sekunden).
2026-09-09 06:42:44,615 [INFO] [Verarbeitung] Tor bootstrapped (100%) – aktiviere DNS-Leak-Schutz & Kill-Switch...
2026-09-09 06:42:44,619 [INFO] [+] /etc/resolv.conf gehärtet und auf lokalen Tor-DNS umgeleitet.
2026-09-09 06:42:44,665 [INFO] [+] DNS-Redirect aktiv: jeder Port-53-Aufruf -> Tor-DNSPort 5353 (kein DNS-Leak).
2026-09-09 06:42:44,671 [INFO] [+] nftables Kill-Switch aktiv (Exklusiver Outbound für Tor-UID 136, DNS-Port 5353).
2026-09-09 06:42:44,672 [INFO] [Verarbeitung] Starte gehärteten Privoxy-Proxy...
2026-09-09 06:42:44,681 [INFO] [+] Privoxy user.action (Härtung) in RAM-Disk erzeugt: /mnt/tor_ramdisk/user.action
2026-09-09 06:42:44,682 [INFO] [+] Gehärtete Privoxy-Config in RAM-Disk erzeugt: /mnt/tor_ramdisk/privoxy.conf
2026-09-09 06:42:44,683 [INFO] Starte Privoxy als direkten Prozess mit RAM-Disk-Config...
2026-09-09 06:42:46,187 [INFO] [+] Privoxy erfolgreich gestartet (Hört auf 0.0.0.0:8118).
2026-09-09 06:42:46,188 [INFO] [Ausgabe] Aktiviere Windows-Systemproxy...
2026-09-09 06:42:46,188 [INFO] Setze Windows-Systemproxy auf 172.23.220.58:8118...
2026-09-09 06:42:46,438 [INFO] [+] Windows-Systemproxy erfolgreich aktiviert (172.23.220.58:8118).
2026-09-09 06:42:46,439 [INFO] [SUCCESS] Tor Suite ist aktiv!
2026-09-09 06:42:46,441 [INFO]  - Privoxy Proxy: 172.23.220.58:8118
2026-09-09 06:42:46,442 [INFO]  - Tor Relay ORPort: 8443
2026-09-09 06:42:46,442 [INFO]  - IP-Rotation: Alle 120 Sekunden
2026-09-09 06:42:46,443 [INFO]  - Spurenschutz: Aktive 256MB RAM-Disk (tmpfs) + nftables Kill-Switch
2026-09-09 06:42:57,804 [INFO] [Cleanup] Fahre Cyberdeck Tor Suite herunter...
2026-09-09 06:42:57,805 [INFO] Deaktiviere Windows-Systemproxy...
2026-09-09 06:42:58,063 [INFO] [+] Windows-Systemproxy erfolgreich deaktiviert.
2026-09-09 06:42:58,065 [INFO] Entferne temporäre Windows-Firewall-Regeln...
2026-09-09 06:42:59,619 [ERROR] [-] PowerShell-Firewall-Fehler: 
2026-09-09 06:42:59,621 [ERROR] [-] Fehler beim Löschen der Firewall-Regeln.
2026-09-09 06:42:59,646 [INFO] [+] DNS-Redirect-Tabelle erfolgreich entfernt.
2026-09-09 06:42:59,670 [INFO] [+] nftables Kill-Switch Tabelle erfolgreich gelöscht.
2026-09-09 06:42:59,672 [INFO] [+] Ursprüngliche /etc/resolv.conf wiederhergestellt.
2026-09-09 06:42:59,673 [INFO] Stoppe Privoxy-Dienst...
2026-09-09 06:42:59,676 [INFO] [+] Privoxy sauber beendet.
2026-09-09 06:42:59,677 [INFO] Stoppe Tor-Prozess und IP-Changer...
2026-09-09 06:42:59,798 [INFO] [+] Tor-Prozess sauber beendet.
2026-09-09 06:42:59,801 [INFO] Stoppe tor@default...
2026-09-09 06:42:59,809 [INFO] Prüfe auf verwaiste Tor-Prozesse und gebe Ports frei...
2026-09-09 06:43:00,322 [INFO] [+] tor@default beendet.
2026-09-09 06:43:00,323 [INFO] Unmounte RAM-Disk unter /mnt/tor_ramdisk...
2026-09-09 06:43:00,344 [INFO] [+] RAM-Disk sauber unmountet und Spuren beseitigt.
2026-09-09 06:43:00,345 [INFO] [+] Shutdown abgeschlossen. Sämtliche temporären Daten wurden aus dem RAM gelöscht.
2026-09-09 18:50:30,071 [INFO] [Vorbereitung] Entferne ggf. übrig gebliebenen Windows-Systemproxy (Stale-State)...
2026-09-09 18:50:30,072 [INFO] Deaktiviere Windows-Systemproxy...
2026-09-09 18:50:30,377 [INFO] [+] Windows-Systemproxy erfolgreich deaktiviert.
2026-09-09 18:50:30,379 [INFO] [Eingabe] Prüfe Systemvoraussetzungen...
2026-09-09 18:50:30,383 [INFO] [+] Systemcheck erfolgreich. WSL-IP ermittelt: 172.23.220.58
2026-09-09 18:50:30,385 [INFO] [Verarbeitung] Initialisiere 256MB RAM-Disk (tmpfs)...
2026-09-09 18:50:30,387 [INFO] Mounte 256MB tmpfs auf /mnt/tor_ramdisk...
2026-09-09 18:50:30,391 [INFO] [+] RAM-Disk erfolgreich gemountet.
2026-09-09 18:50:30,393 [INFO] [+] Unterstrukturen für Tor (/mnt/tor_ramdisk/tor_data) und Privoxy (/mnt/tor_ramdisk/privoxy) vorbereitet.
2026-09-09 18:50:30,394 [INFO] [Verarbeitung] Erzeuge dynamische Konfigurationsdateien in der RAM-Disk...
2026-09-09 18:50:30,794 [INFO] [+] Dynamische torrc erfolgreich in RAM-Disk erzeugt: /mnt/tor_ramdisk/torrc
2026-09-09 18:50:30,807 [INFO] [+] Privoxy user.action (Härtung) in RAM-Disk erzeugt: /mnt/tor_ramdisk/user.action
2026-09-09 18:50:30,808 [INFO] [+] Gehärtete Privoxy-Config in RAM-Disk erzeugt: /mnt/tor_ramdisk/privoxy.conf
2026-09-09 18:50:30,809 [INFO] [Verarbeitung] Wende strikte POSIX-Sicherheitsrechte an...
2026-09-09 18:50:30,810 [INFO] Setze strikte Dateirechte & erstelle Systempfade...
2026-09-09 18:50:30,811 [INFO] [+] Pfad /mnt/tor_ramdisk/torrc mit Rechte 0600 & User-UID 136 vorbereitet.
2026-09-09 18:50:30,812 [INFO] [Verarbeitung] Konfiguriere Windows Defender Firewall-Regeln...
2026-09-09 18:50:30,813 [INFO] Konfiguriere Windows-Firewall-Regeln für Ports 8118 (Privoxy) & 8443 (ORPort)...
2026-09-09 18:50:33,278 [ERROR] [-] PowerShell-Firewall-Fehler: New-NetFirewallRule : Zugriff verweigert 
In Zeile:1 Zeichen:97
+ ... lyContinue; New-NetFirewallRule -DisplayName "Cyberdeck_TorSuite_Priv ...
+                 ~~~~~~~~~~~~~~~~~~~~~~~~~~~~~~~~~~~~~~~~~~~~~~~~~~~~~~~~~
    + CategoryInfo          : PermissionDenied: (MSFT_NetFirewallRule:root/standardcimv2/MSFT_NetFirewallRule) [New-Ne 
   tFirewallRule], CimException
    + FullyQualifiedErrorId : Windows System Error 5,New-NetFirewallRule
 
New-NetFirewallRule : Zugriff verweigert 
In Zeile:1 Zeichen:390
+ ... lyContinue; New-NetFirewallRule -DisplayName "Cyberdeck_TorSuite_ORPo ...
+                 ~~~~~~~~~~~~~~~~~~~~~~~~~~~~~~~~~~~~~~~~~~~~~~~~~~~~~~~~~
    + CategoryInfo          : PermissionDenied: (MSFT_NetFirewallRule:root/standardcimv2/MSFT_NetFirewallRule) [New-Ne 
   tFirewallRule], CimException
    + FullyQualifiedErrorId : Windows System Error 5,New-NetFirewallRule
2026-09-09 18:50:33,279 [WARNING] [!] Firewall-Regeln konnten teilweise nicht gesetzt werden (Elevated Admin-Rechte unter Windows erforderlich).
2026-09-09 18:50:33,280 [INFO] [Verarbeitung] Bereinige verwaiste Tor-Prozesse und aktiviere Tor-Dienst...
2026-09-09 18:50:33,281 [INFO] Stoppe System-Tor-Instanz (tor@default)...
2026-09-09 18:50:33,288 [INFO] Prüfe auf verwaiste Tor-Prozesse und gebe Ports frei...
2026-09-09 18:50:33,800 [INFO] [+] System-Tor gestoppt – Ports frei für den Suite-eigenen Tor (RAM-Disk).
2026-09-09 18:50:33,802 [INFO] [Verarbeitung] Starte Tor-Dienst und Stealth-Relay (warte auf Bootstrap 100%)...
2026-09-09 18:50:33,807 [INFO] [+] Dynamische torrc erfolgreich in RAM-Disk erzeugt: /mnt/tor_ramdisk/torrc
2026-09-09 18:50:33,810 [INFO] Starte Tor als direkten Prozess: tor -f /mnt/tor_ramdisk/torrc
2026-09-09 18:50:35,812 [INFO] Warte auf Tor-Bootstrap (kann bei europäischen Exit-Nodes einen Moment dauern)...
2026-09-09 18:50:53,293 [INFO] [+] Tor erfolgreich gestartet und zu 100% bootstrapped.
2026-09-09 18:50:53,294 [INFO] [*] IP-Changer gestartet (Rotation alle 120 Sekunden).
2026-09-09 18:50:53,300 [INFO] [Verarbeitung] Tor bootstrapped (100%) – aktiviere DNS-Leak-Schutz & Kill-Switch...
2026-09-09 18:50:53,305 [INFO] [+] /etc/resolv.conf gehärtet und auf lokalen Tor-DNS umgeleitet.
2026-09-09 18:50:53,341 [INFO] [+] DNS-Redirect aktiv: jeder Port-53-Aufruf -> Tor-DNSPort 5353 (kein DNS-Leak).
2026-09-09 18:50:53,346 [INFO] [+] nftables Kill-Switch aktiv (Exklusiver Outbound für Tor-UID 136, DNS-Port 5353).
2026-09-09 18:50:53,347 [INFO] [Verarbeitung] Starte gehärteten Privoxy-Proxy...
2026-09-09 18:50:53,356 [INFO] [+] Privoxy user.action (Härtung) in RAM-Disk erzeugt: /mnt/tor_ramdisk/user.action
2026-09-09 18:50:53,357 [INFO] [+] Gehärtete Privoxy-Config in RAM-Disk erzeugt: /mnt/tor_ramdisk/privoxy.conf
2026-09-09 18:50:53,358 [INFO] Starte Privoxy als direkten Prozess mit RAM-Disk-Config...
2026-09-09 18:50:54,862 [INFO] [+] Privoxy erfolgreich gestartet (Hört auf 0.0.0.0:8118).
2026-09-09 18:50:54,863 [INFO] [Ausgabe] Aktiviere Windows-Systemproxy...
2026-09-09 18:50:54,864 [INFO] Setze Windows-Systemproxy auf 172.23.220.58:8118...
2026-09-09 18:50:55,121 [INFO] [+] Windows-Systemproxy erfolgreich aktiviert (172.23.220.58:8118).
2026-09-09 18:50:55,122 [INFO] [SUCCESS] Tor Suite ist aktiv!
2026-09-09 18:50:55,123 [INFO]  - Privoxy Proxy: 172.23.220.58:8118
2026-09-09 18:50:55,124 [INFO]  - Tor Relay ORPort: 8443
2026-09-09 18:50:55,124 [INFO]  - IP-Rotation: Alle 120 Sekunden
2026-09-09 18:50:55,125 [INFO]  - Spurenschutz: Aktive 256MB RAM-Disk (tmpfs) + nftables Kill-Switch
2026-09-09 18:51:16,887 [INFO] [Cleanup] Fahre Cyberdeck Tor Suite herunter...
2026-09-09 18:51:16,888 [INFO] Deaktiviere Windows-Systemproxy...
2026-09-09 18:51:17,141 [INFO] [+] Windows-Systemproxy erfolgreich deaktiviert.
2026-09-09 18:51:17,142 [INFO] Entferne temporäre Windows-Firewall-Regeln...
2026-09-09 18:51:18,723 [ERROR] [-] PowerShell-Firewall-Fehler: 
2026-09-09 18:51:18,724 [ERROR] [-] Fehler beim Löschen der Firewall-Regeln.
2026-09-09 18:51:18,754 [INFO] [+] DNS-Redirect-Tabelle erfolgreich entfernt.
2026-09-09 18:51:18,774 [INFO] [+] nftables Kill-Switch Tabelle erfolgreich gelöscht.
2026-09-09 18:51:18,776 [INFO] [+] Ursprüngliche /etc/resolv.conf wiederhergestellt.
2026-09-09 18:51:18,777 [INFO] Stoppe Privoxy-Dienst...
2026-09-09 18:51:18,779 [INFO] [+] Privoxy sauber beendet.
2026-09-09 18:51:18,780 [INFO] Stoppe Tor-Prozess und IP-Changer...
2026-09-09 18:51:18,851 [INFO] [+] Tor-Prozess sauber beendet.
2026-09-09 18:51:18,852 [INFO] Stoppe tor@default...
2026-09-09 18:51:18,859 [INFO] Prüfe auf verwaiste Tor-Prozesse und gebe Ports frei...
2026-09-09 18:51:19,369 [INFO] [+] tor@default beendet.
2026-09-09 18:51:19,371 [INFO] Unmounte RAM-Disk unter /mnt/tor_ramdisk...
2026-09-09 18:51:19,383 [INFO] [+] RAM-Disk sauber unmountet und Spuren beseitigt.
2026-09-09 18:51:19,385 [INFO] [+] Shutdown abgeschlossen. Sämtliche temporären Daten wurden aus dem RAM gelöscht.
2026-09-10 06:32:13,732 [INFO] [Vorbereitung] Entferne ggf. übrig gebliebenen Windows-Systemproxy (Stale-State)...
2026-09-10 06:32:13,733 [INFO] Deaktiviere Windows-Systemproxy...
2026-09-10 06:32:14,014 [INFO] [+] Windows-Systemproxy erfolgreich deaktiviert.
2026-09-10 06:32:14,015 [INFO] [Eingabe] Prüfe Systemvoraussetzungen...
2026-09-10 06:32:14,019 [INFO] [+] Systemcheck erfolgreich. WSL-IP ermittelt: 172.23.220.58
2026-09-10 06:32:14,020 [INFO] [Verarbeitung] Initialisiere 256MB RAM-Disk (tmpfs)...
2026-09-10 06:32:14,022 [INFO] Mounte 256MB tmpfs auf /mnt/tor_ramdisk...
2026-09-10 06:32:14,025 [INFO] [+] RAM-Disk erfolgreich gemountet.
2026-09-10 06:32:14,026 [INFO] [+] Unterstrukturen für Tor (/mnt/tor_ramdisk/tor_data) und Privoxy (/mnt/tor_ramdisk/privoxy) vorbereitet.
2026-09-10 06:32:14,027 [INFO] [Verarbeitung] Erzeuge dynamische Konfigurationsdateien in der RAM-Disk...
2026-09-10 06:32:14,331 [INFO] [+] Dynamische torrc erfolgreich in RAM-Disk erzeugt: /mnt/tor_ramdisk/torrc
2026-09-10 06:32:14,343 [INFO] [+] Privoxy user.action (Härtung) in RAM-Disk erzeugt: /mnt/tor_ramdisk/user.action
2026-09-10 06:32:14,344 [INFO] [+] Gehärtete Privoxy-Config in RAM-Disk erzeugt: /mnt/tor_ramdisk/privoxy.conf
2026-09-10 06:32:14,345 [INFO] [Verarbeitung] Wende strikte POSIX-Sicherheitsrechte an...
2026-09-10 06:32:14,346 [INFO] Setze strikte Dateirechte & erstelle Systempfade...
2026-09-10 06:32:14,347 [INFO] [+] Pfad /mnt/tor_ramdisk/torrc mit Rechte 0600 & User-UID 136 vorbereitet.
2026-09-10 06:32:14,348 [INFO] [Verarbeitung] Konfiguriere Windows Defender Firewall-Regeln...
2026-09-10 06:32:14,349 [INFO] Konfiguriere Windows-Firewall-Regeln für Ports 8118 (Privoxy) & 8443 (ORPort)...
2026-09-10 06:32:17,209 [ERROR] [-] PowerShell-Firewall-Fehler: New-NetFirewallRule : Zugriff verweigert 
In Zeile:1 Zeichen:97
+ ... lyContinue; New-NetFirewallRule -DisplayName "Cyberdeck_TorSuite_Priv ...
+                 ~~~~~~~~~~~~~~~~~~~~~~~~~~~~~~~~~~~~~~~~~~~~~~~~~~~~~~~~~
    + CategoryInfo          : PermissionDenied: (MSFT_NetFirewallRule:root/standardcimv2/MSFT_NetFirewallRule) [New-Ne 
   tFirewallRule], CimException
    + FullyQualifiedErrorId : Windows System Error 5,New-NetFirewallRule
 
New-NetFirewallRule : Zugriff verweigert 
In Zeile:1 Zeichen:390
+ ... lyContinue; New-NetFirewallRule -DisplayName "Cyberdeck_TorSuite_ORPo ...
+                 ~~~~~~~~~~~~~~~~~~~~~~~~~~~~~~~~~~~~~~~~~~~~~~~~~~~~~~~~~
    + CategoryInfo          : PermissionDenied: (MSFT_NetFirewallRule:root/standardcimv2/MSFT_NetFirewallRule) [New-Ne 
   tFirewallRule], CimException
    + FullyQualifiedErrorId : Windows System Error 5,New-NetFirewallRule
2026-09-10 06:32:17,210 [WARNING] [!] Firewall-Regeln konnten teilweise nicht gesetzt werden (Elevated Admin-Rechte unter Windows erforderlich).
2026-09-10 06:32:17,211 [INFO] [Verarbeitung] Bereinige verwaiste Tor-Prozesse und aktiviere Tor-Dienst...
2026-09-10 06:32:17,211 [INFO] Stoppe System-Tor-Instanz (tor@default)...
2026-09-10 06:32:17,218 [INFO] Prüfe auf verwaiste Tor-Prozesse und gebe Ports frei...
2026-09-10 06:32:17,732 [INFO] [+] System-Tor gestoppt – Ports frei für den Suite-eigenen Tor (RAM-Disk).
2026-09-10 06:32:17,734 [INFO] [Verarbeitung] Starte Tor-Dienst und Stealth-Relay (warte auf Bootstrap 100%)...
2026-09-10 06:32:17,739 [INFO] [+] Dynamische torrc erfolgreich in RAM-Disk erzeugt: /mnt/tor_ramdisk/torrc
2026-09-10 06:32:17,743 [INFO] Starte Tor als direkten Prozess: tor -f /mnt/tor_ramdisk/torrc
2026-09-10 06:32:19,744 [INFO] Warte auf Tor-Bootstrap (kann bei europäischen Exit-Nodes einen Moment dauern)...
2026-09-10 06:34:19,787 [ERROR] [-] Timeout beim Tor-Bootstrap erreicht.
2026-09-10 06:34:19,806 [ERROR]     Sep 10 06:32:17.753 [notice] Opening Socks listener on 127.0.0.1:9050
2026-09-10 06:34:19,807 [ERROR]     Sep 10 06:32:17.754 [notice] Opened Socks listener connection (ready) on 127.0.0.1:9050
2026-09-10 06:34:19,808 [ERROR]     Sep 10 06:32:17.754 [notice] Opening DNS listener on 127.0.0.1:5353
2026-09-10 06:34:19,809 [ERROR]     Sep 10 06:32:17.754 [notice] Opened DNS listener connection (ready) on 127.0.0.1:5353
2026-09-10 06:34:19,810 [ERROR]     Sep 10 06:32:17.755 [notice] Opening Control listener on 0.0.0.0:9051
2026-09-10 06:34:19,811 [ERROR]     Sep 10 06:32:17.755 [notice] Opened Control listener connection (ready) on 0.0.0.0:9051
2026-09-10 06:34:19,812 [ERROR]     Sep 10 06:32:17.756 [notice] Opening OR listener on 0.0.0.0:8443
2026-09-10 06:34:19,813 [ERROR]     Sep 10 06:32:17.756 [notice] Opened OR listener connection (ready) on 0.0.0.0:8443
2026-09-10 06:34:19,814 [ERROR]     Sep 10 06:32:17.756 [notice] Opening OR listener on [::]:8443
2026-09-10 06:34:19,814 [ERROR]     Sep 10 06:32:17.757 [notice] Opened OR listener connection (ready) on [::]:8443
2026-09-10 06:34:19,815 [INFO] [Cleanup] Fahre Cyberdeck Tor Suite herunter...
2026-09-10 06:34:19,816 [INFO] Deaktiviere Windows-Systemproxy...
2026-09-10 06:34:20,396 [INFO] [+] Windows-Systemproxy erfolgreich deaktiviert.
2026-09-10 06:34:20,398 [INFO] Entferne temporäre Windows-Firewall-Regeln...
2026-09-10 06:34:22,950 [ERROR] [-] PowerShell-Firewall-Fehler: 
2026-09-10 06:34:22,951 [ERROR] [-] Fehler beim Löschen der Firewall-Regeln.
2026-09-10 06:34:22,977 [INFO] [*] Keine aktive DNS-Redirect-Tabelle vorhanden (übersprungen).
2026-09-10 06:34:23,001 [INFO] [+] Keine aktive Kill-Switch-Tabelle zum Löschen gefunden.
2026-09-10 06:34:23,004 [INFO] Stoppe Privoxy-Dienst...
2026-09-10 06:34:23,005 [INFO] [+] Privoxy sauber beendet.
2026-09-10 06:34:23,006 [INFO] Stoppe Tor-Prozess und IP-Changer...
2026-09-10 06:34:28,013 [INFO] [+] Tor-Prozess sauber beendet.
2026-09-10 06:34:28,015 [INFO] Stoppe tor@default...
2026-09-10 06:34:28,021 [INFO] Prüfe auf verwaiste Tor-Prozesse und gebe Ports frei...
2026-09-10 06:34:28,532 [INFO] [+] tor@default beendet.
2026-09-10 06:34:28,533 [INFO] Unmounte RAM-Disk unter /mnt/tor_ramdisk...
2026-09-10 06:34:28,547 [INFO] [+] RAM-Disk sauber unmountet und Spuren beseitigt.
2026-09-10 06:34:28,548 [INFO] [+] Shutdown abgeschlossen. Sämtliche temporären Daten wurden aus dem RAM gelöscht.
2026-09-11 12:37:40,059 [INFO] [Vorbereitung] Entferne ggf. übrig gebliebenen Windows-Systemproxy (Stale-State)...
2026-09-11 12:37:40,060 [INFO] Deaktiviere Windows-Systemproxy...
2026-09-11 12:37:40,339 [INFO] [+] Windows-Systemproxy erfolgreich deaktiviert.
2026-09-11 12:37:40,341 [INFO] [Eingabe] Prüfe Systemvoraussetzungen...
2026-09-11 12:37:40,344 [INFO] [+] Systemcheck erfolgreich. WSL-IP ermittelt: 172.23.220.58
2026-09-11 12:37:40,345 [INFO] [Verarbeitung] Initialisiere 256MB RAM-Disk (tmpfs)...
2026-09-11 12:37:40,347 [INFO] Mounte 256MB tmpfs auf /mnt/tor_ramdisk...
2026-09-11 12:37:40,350 [INFO] [+] RAM-Disk erfolgreich gemountet.
2026-09-11 12:37:40,352 [INFO] [+] Unterstrukturen für Tor (/mnt/tor_ramdisk/tor_data) und Privoxy (/mnt/tor_ramdisk/privoxy) vorbereitet.
2026-09-11 12:37:40,353 [INFO] [Verarbeitung] Erzeuge dynamische Konfigurationsdateien in der RAM-Disk...
2026-09-11 12:37:40,648 [INFO] [+] Dynamische torrc erfolgreich in RAM-Disk erzeugt: /mnt/tor_ramdisk/torrc
2026-09-11 12:37:40,660 [INFO] [+] Privoxy user.action (Härtung) in RAM-Disk erzeugt: /mnt/tor_ramdisk/user.action
2026-09-11 12:37:40,661 [INFO] [+] Gehärtete Privoxy-Config in RAM-Disk erzeugt: /mnt/tor_ramdisk/privoxy.conf
2026-09-11 12:37:40,662 [INFO] [Verarbeitung] Wende strikte POSIX-Sicherheitsrechte an...
2026-09-11 12:37:40,663 [INFO] Setze strikte Dateirechte & erstelle Systempfade...
2026-09-11 12:37:40,664 [INFO] [+] Pfad /mnt/tor_ramdisk/torrc mit Rechte 0600 & User-UID 136 vorbereitet.
2026-09-11 12:37:40,665 [INFO] [Verarbeitung] Konfiguriere Windows Defender Firewall-Regeln...
2026-09-11 12:37:40,665 [INFO] Konfiguriere Windows-Firewall-Regeln für Ports 8118 (Privoxy) & 8443 (ORPort)...
2026-09-11 12:37:43,821 [ERROR] [-] PowerShell-Firewall-Fehler: New-NetFirewallRule : Zugriff verweigert 
In Zeile:1 Zeichen:97
+ ... lyContinue; New-NetFirewallRule -DisplayName "Cyberdeck_TorSuite_Priv ...
+                 ~~~~~~~~~~~~~~~~~~~~~~~~~~~~~~~~~~~~~~~~~~~~~~~~~~~~~~~~~
    + CategoryInfo          : PermissionDenied: (MSFT_NetFirewallRule:root/standardcimv2/MSFT_NetFirewallRule) [New-Ne 
   tFirewallRule], CimException
    + FullyQualifiedErrorId : Windows System Error 5,New-NetFirewallRule
 
New-NetFirewallRule : Zugriff verweigert 
In Zeile:1 Zeichen:390
+ ... lyContinue; New-NetFirewallRule -DisplayName "Cyberdeck_TorSuite_ORPo ...
+                 ~~~~~~~~~~~~~~~~~~~~~~~~~~~~~~~~~~~~~~~~~~~~~~~~~~~~~~~~~
    + CategoryInfo          : PermissionDenied: (MSFT_NetFirewallRule:root/standardcimv2/MSFT_NetFirewallRule) [New-Ne 
   tFirewallRule], CimException
    + FullyQualifiedErrorId : Windows System Error 5,New-NetFirewallRule
2026-09-11 12:37:43,823 [WARNING] [!] Firewall-Regeln konnten teilweise nicht gesetzt werden (Elevated Admin-Rechte unter Windows erforderlich).
2026-09-11 12:37:43,824 [INFO] [Verarbeitung] Bereinige verwaiste Tor-Prozesse und aktiviere Tor-Dienst...
2026-09-11 12:37:43,826 [INFO] Stoppe System-Tor-Instanz (tor@default)...
2026-09-11 12:37:43,834 [INFO] Prüfe auf verwaiste Tor-Prozesse und gebe Ports frei...
2026-09-11 12:37:44,346 [INFO] [+] System-Tor gestoppt – Ports frei für den Suite-eigenen Tor (RAM-Disk).
2026-09-11 12:37:44,347 [INFO] [Verarbeitung] Starte Tor-Dienst und Stealth-Relay (warte auf Bootstrap 100%)...
2026-09-11 12:37:44,352 [INFO] [+] Dynamische torrc erfolgreich in RAM-Disk erzeugt: /mnt/tor_ramdisk/torrc
2026-09-11 12:37:44,357 [INFO] Starte Tor als direkten Prozess: tor -f /mnt/tor_ramdisk/torrc
2026-09-11 12:37:46,358 [INFO] Warte auf Tor-Bootstrap (kann bei europäischen Exit-Nodes einen Moment dauern)...
2026-09-11 12:38:13,886 [INFO] [+] Tor erfolgreich gestartet und zu 100% bootstrapped.
2026-09-11 12:38:13,887 [INFO] [*] IP-Changer gestartet (Rotation alle 120 Sekunden).
2026-09-11 12:38:13,894 [INFO] [Verarbeitung] Tor bootstrapped (100%) – aktiviere DNS-Leak-Schutz & Kill-Switch...
2026-09-11 12:38:13,899 [INFO] [+] /etc/resolv.conf gehärtet und auf lokalen Tor-DNS umgeleitet.
2026-09-11 12:38:13,925 [INFO] [+] DNS-Redirect aktiv: jeder Port-53-Aufruf -> Tor-DNSPort 5353 (kein DNS-Leak).
2026-09-11 12:38:13,929 [INFO] [+] nftables Kill-Switch aktiv (Exklusiver Outbound für Tor-UID 136, DNS-Port 5353).
2026-09-11 12:38:13,930 [INFO] [Verarbeitung] Starte gehärteten Privoxy-Proxy...
2026-09-11 12:38:13,939 [INFO] [+] Privoxy user.action (Härtung) in RAM-Disk erzeugt: /mnt/tor_ramdisk/user.action
2026-09-11 12:38:13,940 [INFO] [+] Gehärtete Privoxy-Config in RAM-Disk erzeugt: /mnt/tor_ramdisk/privoxy.conf
2026-09-11 12:38:13,941 [INFO] Starte Privoxy als direkten Prozess mit RAM-Disk-Config...
2026-09-11 12:38:15,445 [INFO] [+] Privoxy erfolgreich gestartet (Hört auf 0.0.0.0:8118).
2026-09-11 12:38:15,449 [INFO] [Ausgabe] Aktiviere Windows-Systemproxy...
2026-09-11 12:38:15,450 [INFO] Setze Windows-Systemproxy auf 172.23.220.58:8118...
2026-09-11 12:38:15,698 [INFO] [+] Windows-Systemproxy erfolgreich aktiviert (172.23.220.58:8118).
2026-09-11 12:38:15,700 [INFO] [SUCCESS] Tor Suite ist aktiv!
2026-09-11 12:38:15,702 [INFO]  - Privoxy Proxy: 172.23.220.58:8118
2026-09-11 12:38:15,703 [INFO]  - Tor Relay ORPort: 8443
2026-09-11 12:38:15,705 [INFO]  - IP-Rotation: Alle 120 Sekunden
2026-09-11 12:38:15,706 [INFO]  - Spurenschutz: Aktive 256MB RAM-Disk (tmpfs) + nftables Kill-Switch
2026-09-11 12:40:13,920 [INFO] [+] Signal NEWNYM gesendet: Tor Exit-IP gewechselt.
2026-09-11 12:42:13,948 [INFO] [+] Signal NEWNYM gesendet: Tor Exit-IP gewechselt.
2026-09-11 12:42:17,250 [INFO] [Cleanup] Fahre Cyberdeck Tor Suite herunter...
2026-09-11 12:42:17,251 [INFO] Deaktiviere Windows-Systemproxy...
2026-09-11 12:42:17,513 [INFO] [+] Windows-Systemproxy erfolgreich deaktiviert.
2026-09-11 12:42:17,514 [INFO] Entferne temporäre Windows-Firewall-Regeln...
2026-09-11 12:42:19,961 [ERROR] [-] PowerShell-Firewall-Fehler: 
2026-09-11 12:42:19,963 [ERROR] [-] Fehler beim Löschen der Firewall-Regeln.
2026-09-11 12:42:19,977 [INFO] [+] DNS-Redirect-Tabelle erfolgreich entfernt.
2026-09-11 12:42:20,001 [INFO] [+] nftables Kill-Switch Tabelle erfolgreich gelöscht.
2026-09-11 12:42:20,004 [INFO] [+] Ursprüngliche /etc/resolv.conf wiederhergestellt.
2026-09-11 12:42:20,005 [INFO] Stoppe Privoxy-Dienst...
2026-09-11 12:42:20,010 [INFO] [+] Privoxy sauber beendet.
2026-09-11 12:42:20,011 [INFO] Stoppe Tor-Prozess und IP-Changer...
2026-09-11 12:42:20,184 [INFO] [+] Tor-Prozess sauber beendet.
2026-09-11 12:42:20,185 [INFO] Stoppe tor@default...
2026-09-11 12:42:20,192 [INFO] Prüfe auf verwaiste Tor-Prozesse und gebe Ports frei...
2026-09-11 12:42:20,704 [INFO] [+] tor@default beendet.
2026-09-11 12:42:20,706 [INFO] Unmounte RAM-Disk unter /mnt/tor_ramdisk...
2026-09-11 12:42:20,730 [INFO] [+] RAM-Disk sauber unmountet und Spuren beseitigt.
2026-09-11 12:42:20,731 [INFO] [+] Shutdown abgeschlossen. Sämtliche temporären Daten wurden aus dem RAM gelöscht.
2026-09-12 07:52:20,904 [INFO] [Vorbereitung] Entferne ggf. übrig gebliebenen Windows-Systemproxy (Stale-State)...
2026-09-12 07:52:20,905 [INFO] Deaktiviere Windows-Systemproxy...
2026-09-12 07:52:21,222 [INFO] [+] Windows-Systemproxy erfolgreich deaktiviert.
2026-09-12 07:52:21,225 [INFO] [Eingabe] Prüfe Systemvoraussetzungen...
2026-09-12 07:52:21,229 [INFO] [+] Systemcheck erfolgreich. WSL-IP ermittelt: 172.23.220.58
2026-09-12 07:52:21,230 [INFO] [Verarbeitung] Initialisiere 256MB RAM-Disk (tmpfs)...
2026-09-12 07:52:21,232 [INFO] Mounte 256MB tmpfs auf /mnt/tor_ramdisk...
2026-09-12 07:52:21,237 [INFO] [+] RAM-Disk erfolgreich gemountet.
2026-09-12 07:52:21,238 [INFO] [+] Unterstrukturen für Tor (/mnt/tor_ramdisk/tor_data) und Privoxy (/mnt/tor_ramdisk/privoxy) vorbereitet.
2026-09-12 07:52:21,239 [INFO] [Verarbeitung] Erzeuge dynamische Konfigurationsdateien in der RAM-Disk...
2026-09-12 07:52:21,602 [INFO] [+] Dynamische torrc erfolgreich in RAM-Disk erzeugt: /mnt/tor_ramdisk/torrc
2026-09-12 07:52:21,616 [INFO] [+] Privoxy user.action (Härtung) in RAM-Disk erzeugt: /mnt/tor_ramdisk/user.action
2026-09-12 07:52:21,617 [INFO] [+] Gehärtete Privoxy-Config in RAM-Disk erzeugt: /mnt/tor_ramdisk/privoxy.conf
2026-09-12 07:52:21,618 [INFO] [Verarbeitung] Wende strikte POSIX-Sicherheitsrechte an...
2026-09-12 07:52:21,619 [INFO] Setze strikte Dateirechte & erstelle Systempfade...
2026-09-12 07:52:21,621 [INFO] [+] Pfad /mnt/tor_ramdisk/torrc mit Rechte 0600 & User-UID 136 vorbereitet.
2026-09-12 07:52:21,622 [INFO] [Verarbeitung] Konfiguriere Windows Defender Firewall-Regeln...
2026-09-12 07:52:21,623 [INFO] Konfiguriere Windows-Firewall-Regeln für Ports 8118 (Privoxy) & 8443 (ORPort)...
2026-09-12 07:52:24,949 [ERROR] [-] PowerShell-Firewall-Fehler: New-NetFirewallRule : Zugriff verweigert 
In Zeile:1 Zeichen:97
+ ... lyContinue; New-NetFirewallRule -DisplayName "Cyberdeck_TorSuite_Priv ...
+                 ~~~~~~~~~~~~~~~~~~~~~~~~~~~~~~~~~~~~~~~~~~~~~~~~~~~~~~~~~
    + CategoryInfo          : PermissionDenied: (MSFT_NetFirewallRule:root/standardcimv2/MSFT_NetFirewallRule) [New-Ne 
   tFirewallRule], CimException
    + FullyQualifiedErrorId : Windows System Error 5,New-NetFirewallRule
 
New-NetFirewallRule : Zugriff verweigert 
In Zeile:1 Zeichen:390
+ ... lyContinue; New-NetFirewallRule -DisplayName "Cyberdeck_TorSuite_ORPo ...
+                 ~~~~~~~~~~~~~~~~~~~~~~~~~~~~~~~~~~~~~~~~~~~~~~~~~~~~~~~~~
    + CategoryInfo          : PermissionDenied: (MSFT_NetFirewallRule:root/standardcimv2/MSFT_NetFirewallRule) [New-Ne 
   tFirewallRule], CimException
    + FullyQualifiedErrorId : Windows System Error 5,New-NetFirewallRule
2026-09-12 07:52:24,951 [WARNING] [!] Firewall-Regeln konnten teilweise nicht gesetzt werden (Elevated Admin-Rechte unter Windows erforderlich).
2026-09-12 07:52:24,952 [INFO] [Verarbeitung] Bereinige verwaiste Tor-Prozesse und aktiviere Tor-Dienst...
2026-09-12 07:52:24,953 [INFO] Stoppe System-Tor-Instanz (tor@default)...
2026-09-12 07:52:24,960 [INFO] Prüfe auf verwaiste Tor-Prozesse und gebe Ports frei...
2026-09-12 07:52:25,472 [INFO] [+] System-Tor gestoppt – Ports frei für den Suite-eigenen Tor (RAM-Disk).
2026-09-12 07:52:25,473 [INFO] [Verarbeitung] Starte Tor-Dienst und Stealth-Relay (warte auf Bootstrap 100%)...
2026-09-12 07:52:25,478 [INFO] [+] Dynamische torrc erfolgreich in RAM-Disk erzeugt: /mnt/tor_ramdisk/torrc
2026-09-12 07:52:25,483 [INFO] Starte Tor als direkten Prozess: tor -f /mnt/tor_ramdisk/torrc
2026-09-12 07:52:27,484 [INFO] Warte auf Tor-Bootstrap (kann bei europäischen Exit-Nodes einen Moment dauern)...
2026-09-12 07:52:45,156 [INFO] [+] Tor erfolgreich gestartet und zu 100% bootstrapped.
2026-09-12 07:52:45,157 [INFO] [*] IP-Changer gestartet (Rotation alle 120 Sekunden).
2026-09-12 07:52:45,163 [INFO] [Verarbeitung] Tor bootstrapped (100%) – aktiviere DNS-Leak-Schutz & Kill-Switch...
2026-09-12 07:52:45,168 [INFO] [+] /etc/resolv.conf gehärtet und auf lokalen Tor-DNS umgeleitet.
2026-09-12 07:52:45,222 [INFO] [+] DNS-Redirect aktiv: jeder Port-53-Aufruf -> Tor-DNSPort 5353 (kein DNS-Leak).
2026-09-12 07:52:45,227 [INFO] [+] nftables Kill-Switch aktiv (Exklusiver Outbound für Tor-UID 136, DNS-Port 5353).
2026-09-12 07:52:45,228 [INFO] [Verarbeitung] Starte gehärteten Privoxy-Proxy...
2026-09-12 07:52:45,237 [INFO] [+] Privoxy user.action (Härtung) in RAM-Disk erzeugt: /mnt/tor_ramdisk/user.action
2026-09-12 07:52:45,238 [INFO] [+] Gehärtete Privoxy-Config in RAM-Disk erzeugt: /mnt/tor_ramdisk/privoxy.conf
2026-09-12 07:52:45,239 [INFO] Starte Privoxy als direkten Prozess mit RAM-Disk-Config...
2026-09-12 07:52:46,744 [INFO] [+] Privoxy erfolgreich gestartet (Hört auf 0.0.0.0:8118).
2026-09-12 07:52:46,745 [INFO] [Ausgabe] Aktiviere Windows-Systemproxy...
2026-09-12 07:52:46,746 [INFO] Setze Windows-Systemproxy auf 172.23.220.58:8118...
2026-09-12 07:52:46,997 [INFO] [+] Windows-Systemproxy erfolgreich aktiviert (172.23.220.58:8118).
2026-09-12 07:52:46,999 [INFO] [SUCCESS] Tor Suite ist aktiv!
2026-09-12 07:52:47,000 [INFO]  - Privoxy Proxy: 172.23.220.58:8118
2026-09-12 07:52:47,001 [INFO]  - Tor Relay ORPort: 8443
2026-09-12 07:52:47,002 [INFO]  - IP-Rotation: Alle 120 Sekunden
2026-09-12 07:52:47,002 [INFO]  - Spurenschutz: Aktive 256MB RAM-Disk (tmpfs) + nftables Kill-Switch
2026-09-12 07:53:20,299 [INFO] [Cleanup] Fahre Cyberdeck Tor Suite herunter...
2026-09-12 07:53:20,300 [INFO] Deaktiviere Windows-Systemproxy...
2026-09-12 07:53:20,549 [INFO] [+] Windows-Systemproxy erfolgreich deaktiviert.
2026-09-12 07:53:20,550 [INFO] Entferne temporäre Windows-Firewall-Regeln...
2026-09-12 07:53:22,675 [ERROR] [-] PowerShell-Firewall-Fehler: 
2026-09-12 07:53:22,679 [ERROR] [-] Fehler beim Löschen der Firewall-Regeln.
2026-09-12 07:53:22,694 [INFO] [+] DNS-Redirect-Tabelle erfolgreich entfernt.
2026-09-12 07:53:22,726 [INFO] [+] nftables Kill-Switch Tabelle erfolgreich gelöscht.
2026-09-12 07:53:22,728 [INFO] [+] Ursprüngliche /etc/resolv.conf wiederhergestellt.
2026-09-12 07:53:22,729 [INFO] Stoppe Privoxy-Dienst...
2026-09-12 07:53:22,733 [INFO] [+] Privoxy sauber beendet.
2026-09-12 07:53:22,735 [INFO] Stoppe Tor-Prozess und IP-Changer...
2026-09-12 07:53:22,855 [INFO] [+] Tor-Prozess sauber beendet.
2026-09-12 07:53:22,856 [INFO] Stoppe tor@default...
2026-09-12 07:53:22,863 [INFO] Prüfe auf verwaiste Tor-Prozesse und gebe Ports frei...
2026-09-12 07:53:23,376 [INFO] [+] tor@default beendet.
2026-09-12 07:53:23,377 [INFO] Unmounte RAM-Disk unter /mnt/tor_ramdisk...
2026-09-12 07:53:23,398 [INFO] [+] RAM-Disk sauber unmountet und Spuren beseitigt.
2026-09-12 07:53:23,400 [INFO] [+] Shutdown abgeschlossen. Sämtliche temporären Daten wurden aus dem RAM gelöscht.
2026-09-12 18:36:09,612 [INFO] [Vorbereitung] Entferne ggf. übrig gebliebenen Windows-Systemproxy (Stale-State)...
2026-09-12 18:36:09,613 [INFO] Deaktiviere Windows-Systemproxy...
2026-09-12 18:36:09,848 [INFO] [+] Windows-Systemproxy erfolgreich deaktiviert.
2026-09-12 18:36:09,849 [INFO] [Eingabe] Prüfe Systemvoraussetzungen...
2026-09-12 18:36:09,853 [INFO] [+] Systemcheck erfolgreich. WSL-IP ermittelt: 172.23.220.58
2026-09-12 18:36:09,854 [INFO] [Verarbeitung] Initialisiere 256MB RAM-Disk (tmpfs)...
2026-09-12 18:36:09,855 [INFO] Mounte 256MB tmpfs auf /mnt/tor_ramdisk...
2026-09-12 18:36:09,858 [INFO] [+] RAM-Disk erfolgreich gemountet.
2026-09-12 18:36:09,859 [INFO] [+] Unterstrukturen für Tor (/mnt/tor_ramdisk/tor_data) und Privoxy (/mnt/tor_ramdisk/privoxy) vorbereitet.
2026-09-12 18:36:09,860 [INFO] [Verarbeitung] Erzeuge dynamische Konfigurationsdateien in der RAM-Disk...
2026-09-12 18:36:10,130 [INFO] [+] Dynamische torrc erfolgreich in RAM-Disk erzeugt: /mnt/tor_ramdisk/torrc
2026-09-12 18:36:10,142 [INFO] [+] Privoxy user.action (Härtung) in RAM-Disk erzeugt: /mnt/tor_ramdisk/user.action
2026-09-12 18:36:10,143 [INFO] [+] Gehärtete Privoxy-Config in RAM-Disk erzeugt: /mnt/tor_ramdisk/privoxy.conf
2026-09-12 18:36:10,144 [INFO] [Verarbeitung] Wende strikte POSIX-Sicherheitsrechte an...
2026-09-12 18:36:10,145 [INFO] Setze strikte Dateirechte & erstelle Systempfade...
2026-09-12 18:36:10,146 [INFO] [+] Pfad /mnt/tor_ramdisk/torrc mit Rechte 0600 & User-UID 136 vorbereitet.
2026-09-12 18:36:10,147 [INFO] [Verarbeitung] Konfiguriere Windows Defender Firewall-Regeln...
2026-09-12 18:36:10,148 [INFO] Konfiguriere Windows-Firewall-Regeln für Ports 8118 (Privoxy) & 8443 (ORPort)...
2026-09-12 18:36:12,593 [ERROR] [-] PowerShell-Firewall-Fehler: New-NetFirewallRule : Zugriff verweigert 
In Zeile:1 Zeichen:97
+ ... lyContinue; New-NetFirewallRule -DisplayName "Cyberdeck_TorSuite_Priv ...
+                 ~~~~~~~~~~~~~~~~~~~~~~~~~~~~~~~~~~~~~~~~~~~~~~~~~~~~~~~~~
    + CategoryInfo          : PermissionDenied: (MSFT_NetFirewallRule:root/standardcimv2/MSFT_NetFirewallRule) [New-Ne 
   tFirewallRule], CimException
    + FullyQualifiedErrorId : Windows System Error 5,New-NetFirewallRule
 
New-NetFirewallRule : Zugriff verweigert 
In Zeile:1 Zeichen:390
+ ... lyContinue; New-NetFirewallRule -DisplayName "Cyberdeck_TorSuite_ORPo ...
+                 ~~~~~~~~~~~~~~~~~~~~~~~~~~~~~~~~~~~~~~~~~~~~~~~~~~~~~~~~~
    + CategoryInfo          : PermissionDenied: (MSFT_NetFirewallRule:root/standardcimv2/MSFT_NetFirewallRule) [New-Ne 
   tFirewallRule], CimException
    + FullyQualifiedErrorId : Windows System Error 5,New-NetFirewallRule
2026-09-12 18:36:12,595 [WARNING] [!] Firewall-Regeln konnten teilweise nicht gesetzt werden (Elevated Admin-Rechte unter Windows erforderlich).
2026-09-12 18:36:12,595 [INFO] [Verarbeitung] Bereinige verwaiste Tor-Prozesse und aktiviere Tor-Dienst...
2026-09-12 18:36:12,596 [INFO] Stoppe System-Tor-Instanz (tor@default)...
2026-09-12 18:36:12,603 [INFO] Prüfe auf verwaiste Tor-Prozesse und gebe Ports frei...
2026-09-12 18:36:13,114 [INFO] [+] System-Tor gestoppt – Ports frei für den Suite-eigenen Tor (RAM-Disk).
2026-09-12 18:36:13,115 [INFO] [Verarbeitung] Starte Tor-Dienst und Stealth-Relay (warte auf Bootstrap 100%)...
2026-09-12 18:36:13,120 [INFO] [+] Dynamische torrc erfolgreich in RAM-Disk erzeugt: /mnt/tor_ramdisk/torrc
2026-09-12 18:36:13,124 [INFO] Starte Tor als direkten Prozess: tor -f /mnt/tor_ramdisk/torrc
2026-09-12 18:36:15,125 [INFO] Warte auf Tor-Bootstrap (kann bei europäischen Exit-Nodes einen Moment dauern)...
2026-09-12 18:36:52,691 [INFO] [+] Tor erfolgreich gestartet und zu 100% bootstrapped.
2026-09-12 18:36:52,693 [INFO] [*] IP-Changer gestartet (Rotation alle 120 Sekunden).
2026-09-12 18:36:52,699 [INFO] [Verarbeitung] Tor bootstrapped (100%) – aktiviere DNS-Leak-Schutz & Kill-Switch...
2026-09-12 18:36:52,706 [INFO] [+] /etc/resolv.conf gehärtet und auf lokalen Tor-DNS umgeleitet.
2026-09-12 18:36:52,773 [INFO] [+] DNS-Redirect aktiv: jeder Port-53-Aufruf -> Tor-DNSPort 5353 (kein DNS-Leak).
2026-09-12 18:36:52,778 [INFO] [+] nftables Kill-Switch aktiv (Exklusiver Outbound für Tor-UID 136, DNS-Port 5353).
2026-09-12 18:36:52,779 [INFO] [Verarbeitung] Starte gehärteten Privoxy-Proxy...
2026-09-12 18:36:52,788 [INFO] [+] Privoxy user.action (Härtung) in RAM-Disk erzeugt: /mnt/tor_ramdisk/user.action
2026-09-12 18:36:52,790 [INFO] [+] Gehärtete Privoxy-Config in RAM-Disk erzeugt: /mnt/tor_ramdisk/privoxy.conf
2026-09-12 18:36:52,791 [INFO] Starte Privoxy als direkten Prozess mit RAM-Disk-Config...
2026-09-12 18:36:54,295 [INFO] [+] Privoxy erfolgreich gestartet (Hört auf 0.0.0.0:8118).
2026-09-12 18:36:54,296 [INFO] [Ausgabe] Aktiviere Windows-Systemproxy...
2026-09-12 18:36:54,297 [INFO] Setze Windows-Systemproxy auf 172.23.220.58:8118...
2026-09-12 18:36:54,547 [INFO] [+] Windows-Systemproxy erfolgreich aktiviert (172.23.220.58:8118).
2026-09-12 18:36:54,549 [INFO] [SUCCESS] Tor Suite ist aktiv!
2026-09-12 18:36:54,550 [INFO]  - Privoxy Proxy: 172.23.220.58:8118
2026-09-12 18:36:54,551 [INFO]  - Tor Relay ORPort: 8443
2026-09-12 18:36:54,552 [INFO]  - IP-Rotation: Alle 120 Sekunden
2026-09-12 18:36:54,553 [INFO]  - Spurenschutz: Aktive 256MB RAM-Disk (tmpfs) + nftables Kill-Switch
2026-09-12 18:38:52,743 [INFO] [+] Signal NEWNYM gesendet: Tor Exit-IP gewechselt.
2026-09-12 18:40:52,765 [INFO] [+] Signal NEWNYM gesendet: Tor Exit-IP gewechselt.
2026-09-12 18:42:52,786 [INFO] [+] Signal NEWNYM gesendet: Tor Exit-IP gewechselt.
2026-09-12 18:44:54,397 [INFO] [+] Signal NEWNYM gesendet: Tor Exit-IP gewechselt.
2026-09-12 18:46:54,418 [INFO] [+] Signal NEWNYM gesendet: Tor Exit-IP gewechselt.
2026-09-12 18:48:54,440 [INFO] [+] Signal NEWNYM gesendet: Tor Exit-IP gewechselt.
2026-09-12 18:50:54,461 [INFO] [+] Signal NEWNYM gesendet: Tor Exit-IP gewechselt.
2026-09-12 18:52:56,238 [INFO] [+] Signal NEWNYM gesendet: Tor Exit-IP gewechselt.
2026-09-12 18:54:56,260 [INFO] [+] Signal NEWNYM gesendet: Tor Exit-IP gewechselt.
2026-09-12 18:56:56,282 [INFO] [+] Signal NEWNYM gesendet: Tor Exit-IP gewechselt.
2026-09-12 18:58:15,911 [INFO] [Cleanup] Fahre Cyberdeck Tor Suite herunter...
2026-09-12 18:58:15,912 [INFO] Deaktiviere Windows-Systemproxy...
2026-09-12 18:58:16,172 [INFO] [+] Windows-Systemproxy erfolgreich deaktiviert.
2026-09-12 18:58:16,173 [INFO] Entferne temporäre Windows-Firewall-Regeln...
2026-09-12 18:58:18,482 [ERROR] [-] PowerShell-Firewall-Fehler: 
2026-09-12 18:58:18,484 [ERROR] [-] Fehler beim Löschen der Firewall-Regeln.
2026-09-12 18:58:18,528 [INFO] [+] DNS-Redirect-Tabelle erfolgreich entfernt.
2026-09-12 18:58:18,548 [INFO] [+] nftables Kill-Switch Tabelle erfolgreich gelöscht.
2026-09-12 18:58:18,553 [INFO] [+] Ursprüngliche /etc/resolv.conf wiederhergestellt.
2026-09-12 18:58:18,554 [INFO] Stoppe Privoxy-Dienst...
2026-09-12 18:58:18,559 [INFO] [+] Privoxy sauber beendet.
2026-09-12 18:58:18,560 [INFO] Stoppe Tor-Prozess und IP-Changer...
2026-09-12 18:58:18,732 [INFO] [+] Tor-Prozess sauber beendet.
2026-09-12 18:58:18,733 [INFO] Stoppe tor@default...
2026-09-12 18:58:18,739 [INFO] Prüfe auf verwaiste Tor-Prozesse und gebe Ports frei...
2026-09-12 18:58:19,250 [INFO] [+] tor@default beendet.
2026-09-12 18:58:19,251 [INFO] Unmounte RAM-Disk unter /mnt/tor_ramdisk...
2026-09-12 18:58:19,272 [INFO] [+] RAM-Disk sauber unmountet und Spuren beseitigt.
2026-09-12 18:58:19,273 [INFO] [+] Shutdown abgeschlossen. Sämtliche temporären Daten wurden aus dem RAM gelöscht.
2026-09-12 19:43:40,585 [INFO] [Vorbereitung] Entferne ggf. übrig gebliebenen Windows-Systemproxy (Stale-State)...
2026-09-12 19:43:40,586 [INFO] Deaktiviere Windows-Systemproxy...
2026-09-12 19:43:40,882 [INFO] [+] Windows-Systemproxy erfolgreich deaktiviert.
2026-09-12 19:43:40,884 [INFO] [Eingabe] Prüfe Systemvoraussetzungen...
2026-09-12 19:43:40,887 [INFO] [+] Systemcheck erfolgreich. WSL-IP ermittelt: 172.23.220.58
2026-09-12 19:43:40,888 [INFO] [Verarbeitung] Initialisiere 256MB RAM-Disk (tmpfs)...
2026-09-12 19:43:40,890 [INFO] Mounte 256MB tmpfs auf /mnt/tor_ramdisk...
2026-09-12 19:43:40,894 [INFO] [+] RAM-Disk erfolgreich gemountet.
2026-09-12 19:43:40,895 [INFO] [+] Unterstrukturen für Tor (/mnt/tor_ramdisk/tor_data) und Privoxy (/mnt/tor_ramdisk/privoxy) vorbereitet.
2026-09-12 19:43:40,896 [INFO] [Verarbeitung] Erzeuge dynamische Konfigurationsdateien in der RAM-Disk...
2026-09-12 19:43:41,235 [INFO] [+] Dynamische torrc erfolgreich in RAM-Disk erzeugt: /mnt/tor_ramdisk/torrc
2026-09-12 19:43:41,248 [INFO] [+] Privoxy user.action (Härtung) in RAM-Disk erzeugt: /mnt/tor_ramdisk/user.action
2026-09-12 19:43:41,249 [INFO] [+] Gehärtete Privoxy-Config in RAM-Disk erzeugt: /mnt/tor_ramdisk/privoxy.conf
2026-09-12 19:43:41,251 [INFO] [Verarbeitung] Wende strikte POSIX-Sicherheitsrechte an...
2026-09-12 19:43:41,252 [INFO] Setze strikte Dateirechte & erstelle Systempfade...
2026-09-12 19:43:41,253 [INFO] [+] Pfad /mnt/tor_ramdisk/torrc mit Rechte 0600 & User-UID 136 vorbereitet.
2026-09-12 19:43:41,254 [INFO] [Verarbeitung] Konfiguriere Windows Defender Firewall-Regeln...
2026-09-12 19:43:41,255 [INFO] Konfiguriere Windows-Firewall-Regeln für Ports 8118 (Privoxy) & 8443 (ORPort)...
2026-09-12 19:43:44,459 [ERROR] [-] PowerShell-Firewall-Fehler: New-NetFirewallRule : Zugriff verweigert 
In Zeile:1 Zeichen:97
+ ... lyContinue; New-NetFirewallRule -DisplayName "Cyberdeck_TorSuite_Priv ...
+                 ~~~~~~~~~~~~~~~~~~~~~~~~~~~~~~~~~~~~~~~~~~~~~~~~~~~~~~~~~
    + CategoryInfo          : PermissionDenied: (MSFT_NetFirewallRule:root/standardcimv2/MSFT_NetFirewallRule) [New-Ne 
   tFirewallRule], CimException
    + FullyQualifiedErrorId : Windows System Error 5,New-NetFirewallRule
 
New-NetFirewallRule : Zugriff verweigert 
In Zeile:1 Zeichen:390
+ ... lyContinue; New-NetFirewallRule -DisplayName "Cyberdeck_TorSuite_ORPo ...
+                 ~~~~~~~~~~~~~~~~~~~~~~~~~~~~~~~~~~~~~~~~~~~~~~~~~~~~~~~~~
    + CategoryInfo          : PermissionDenied: (MSFT_NetFirewallRule:root/standardcimv2/MSFT_NetFirewallRule) [New-Ne 
   tFirewallRule], CimException
    + FullyQualifiedErrorId : Windows System Error 5,New-NetFirewallRule
2026-09-12 19:43:44,460 [WARNING] [!] Firewall-Regeln konnten teilweise nicht gesetzt werden (Elevated Admin-Rechte unter Windows erforderlich).
2026-09-12 19:43:44,461 [INFO] [Verarbeitung] Bereinige verwaiste Tor-Prozesse und aktiviere Tor-Dienst...
2026-09-12 19:43:44,461 [INFO] Stoppe System-Tor-Instanz (tor@default)...
2026-09-12 19:43:44,468 [INFO] Prüfe auf verwaiste Tor-Prozesse und gebe Ports frei...
2026-09-12 19:43:44,980 [INFO] [+] System-Tor gestoppt – Ports frei für den Suite-eigenen Tor (RAM-Disk).
2026-09-12 19:43:44,981 [INFO] [Verarbeitung] Starte Tor-Dienst und Stealth-Relay (warte auf Bootstrap 100%)...
2026-09-12 19:43:44,986 [INFO] [+] Dynamische torrc erfolgreich in RAM-Disk erzeugt: /mnt/tor_ramdisk/torrc
2026-09-12 19:43:44,990 [INFO] Starte Tor als direkten Prozess: tor -f /mnt/tor_ramdisk/torrc
2026-09-12 19:43:46,992 [INFO] Warte auf Tor-Bootstrap (kann bei europäischen Exit-Nodes einen Moment dauern)...
2026-09-12 19:44:13,797 [INFO] [+] Tor erfolgreich gestartet und zu 100% bootstrapped.
2026-09-12 19:44:13,798 [INFO] [*] IP-Changer gestartet (Rotation alle 120 Sekunden).
2026-09-12 19:44:13,805 [INFO] [Verarbeitung] Tor bootstrapped (100%) – aktiviere DNS-Leak-Schutz & Kill-Switch...
2026-09-12 19:44:13,811 [INFO] [+] /etc/resolv.conf gehärtet und auf lokalen Tor-DNS umgeleitet.
2026-09-12 19:44:13,871 [INFO] [+] DNS-Redirect aktiv: jeder Port-53-Aufruf -> Tor-DNSPort 5353 (kein DNS-Leak).
2026-09-12 19:44:13,876 [INFO] [+] nftables Kill-Switch aktiv (Exklusiver Outbound für Tor-UID 136, DNS-Port 5353).
2026-09-12 19:44:13,878 [INFO] [Verarbeitung] Starte gehärteten Privoxy-Proxy...
2026-09-12 19:44:13,888 [INFO] [+] Privoxy user.action (Härtung) in RAM-Disk erzeugt: /mnt/tor_ramdisk/user.action
2026-09-12 19:44:13,891 [INFO] [+] Gehärtete Privoxy-Config in RAM-Disk erzeugt: /mnt/tor_ramdisk/privoxy.conf
2026-09-12 19:44:13,892 [INFO] Starte Privoxy als direkten Prozess mit RAM-Disk-Config...
2026-09-12 19:44:15,397 [INFO] [+] Privoxy erfolgreich gestartet (Hört auf 0.0.0.0:8118).
2026-09-12 19:44:15,398 [INFO] [Ausgabe] Aktiviere Windows-Systemproxy...
2026-09-12 19:44:15,399 [INFO] Setze Windows-Systemproxy auf 172.23.220.58:8118...
2026-09-12 19:44:15,659 [INFO] [+] Windows-Systemproxy erfolgreich aktiviert (172.23.220.58:8118).
2026-09-12 19:44:15,660 [INFO] [SUCCESS] Tor Suite ist aktiv!
2026-09-12 19:44:15,661 [INFO]  - Privoxy Proxy: 172.23.220.58:8118
2026-09-12 19:44:15,662 [INFO]  - Tor Relay ORPort: 8443
2026-09-12 19:44:15,663 [INFO]  - IP-Rotation: Alle 120 Sekunden
2026-09-12 19:44:15,664 [INFO]  - Spurenschutz: Aktive 256MB RAM-Disk (tmpfs) + nftables Kill-Switch
2026-09-12 19:46:13,843 [INFO] [+] Signal NEWNYM gesendet: Tor Exit-IP gewechselt.
2026-09-12 19:47:03,423 [INFO] [Cleanup] Fahre Cyberdeck Tor Suite herunter...
2026-09-12 19:47:03,424 [INFO] Deaktiviere Windows-Systemproxy...
2026-09-12 19:47:03,664 [INFO] [+] Windows-Systemproxy erfolgreich deaktiviert.
2026-09-12 19:47:03,665 [INFO] Entferne temporäre Windows-Firewall-Regeln...
2026-09-12 19:47:05,846 [ERROR] [-] PowerShell-Firewall-Fehler: 
2026-09-12 19:47:05,848 [ERROR] [-] Fehler beim Löschen der Firewall-Regeln.
2026-09-12 19:47:05,875 [INFO] [+] DNS-Redirect-Tabelle erfolgreich entfernt.
2026-09-12 19:47:05,899 [INFO] [+] nftables Kill-Switch Tabelle erfolgreich gelöscht.
2026-09-12 19:47:05,901 [INFO] [+] Ursprüngliche /etc/resolv.conf wiederhergestellt.
2026-09-12 19:47:05,902 [INFO] Stoppe Privoxy-Dienst...
2026-09-12 19:47:05,907 [INFO] [+] Privoxy sauber beendet.
2026-09-12 19:47:05,908 [INFO] Stoppe Tor-Prozess und IP-Changer...
2026-09-12 19:47:06,030 [INFO] [+] Tor-Prozess sauber beendet.
2026-09-12 19:47:06,032 [INFO] Stoppe tor@default...
2026-09-12 19:47:06,039 [INFO] Prüfe auf verwaiste Tor-Prozesse und gebe Ports frei...
2026-09-12 19:47:06,550 [INFO] [+] tor@default beendet.
2026-09-12 19:47:06,551 [INFO] Unmounte RAM-Disk unter /mnt/tor_ramdisk...
2026-09-12 19:47:06,571 [INFO] [+] RAM-Disk sauber unmountet und Spuren beseitigt.
2026-09-12 19:47:06,572 [INFO] [+] Shutdown abgeschlossen. Sämtliche temporären Daten wurden aus dem RAM gelöscht.
2026-09-12 22:20:55,225 [INFO] [Vorbereitung] Entferne ggf. übrig gebliebenen Windows-Systemproxy (Stale-State)...
2026-09-12 22:20:55,226 [INFO] Deaktiviere Windows-Systemproxy...
2026-09-12 22:20:55,489 [INFO] [+] Windows-Systemproxy erfolgreich deaktiviert.
2026-09-12 22:20:55,490 [INFO] [Eingabe] Prüfe Systemvoraussetzungen...
2026-09-12 22:20:55,494 [INFO] [+] Systemcheck erfolgreich. WSL-IP ermittelt: 172.23.220.58
2026-09-12 22:20:55,495 [INFO] [Verarbeitung] Initialisiere 256MB RAM-Disk (tmpfs)...
2026-09-12 22:20:55,497 [INFO] Mounte 256MB tmpfs auf /mnt/tor_ramdisk...
2026-09-12 22:20:55,501 [INFO] [+] RAM-Disk erfolgreich gemountet.
2026-09-12 22:20:55,503 [INFO] [+] Unterstrukturen für Tor (/mnt/tor_ramdisk/tor_data) und Privoxy (/mnt/tor_ramdisk/privoxy) vorbereitet.
2026-09-12 22:20:55,504 [INFO] [Verarbeitung] Erzeuge dynamische Konfigurationsdateien in der RAM-Disk...
2026-09-12 22:20:55,812 [INFO] [+] Dynamische torrc erfolgreich in RAM-Disk erzeugt: /mnt/tor_ramdisk/torrc
2026-09-12 22:20:55,823 [INFO] [+] Privoxy user.action (Härtung) in RAM-Disk erzeugt: /mnt/tor_ramdisk/user.action
2026-09-12 22:20:55,824 [INFO] [+] Gehärtete Privoxy-Config in RAM-Disk erzeugt: /mnt/tor_ramdisk/privoxy.conf
2026-09-12 22:20:55,825 [INFO] [Verarbeitung] Wende strikte POSIX-Sicherheitsrechte an...
2026-09-12 22:20:55,826 [INFO] Setze strikte Dateirechte & erstelle Systempfade...
2026-09-12 22:20:55,827 [INFO] [+] Pfad /mnt/tor_ramdisk/torrc mit Rechte 0600 & User-UID 136 vorbereitet.
2026-09-12 22:20:55,828 [INFO] [Verarbeitung] Konfiguriere Windows Defender Firewall-Regeln...
2026-09-12 22:20:55,829 [INFO] Konfiguriere Windows-Firewall-Regeln für Ports 8118 (Privoxy) & 8443 (ORPort)...
2026-09-12 22:20:58,589 [ERROR] [-] PowerShell-Firewall-Fehler: New-NetFirewallRule : Zugriff verweigert 
In Zeile:1 Zeichen:97
+ ... lyContinue; New-NetFirewallRule -DisplayName "Cyberdeck_TorSuite_Priv ...
+                 ~~~~~~~~~~~~~~~~~~~~~~~~~~~~~~~~~~~~~~~~~~~~~~~~~~~~~~~~~
    + CategoryInfo          : PermissionDenied: (MSFT_NetFirewallRule:root/standardcimv2/MSFT_NetFirewallRule) [New-Ne 
   tFirewallRule], CimException
    + FullyQualifiedErrorId : Windows System Error 5,New-NetFirewallRule
 
New-NetFirewallRule : Zugriff verweigert 
In Zeile:1 Zeichen:390
+ ... lyContinue; New-NetFirewallRule -DisplayName "Cyberdeck_TorSuite_ORPo ...
+                 ~~~~~~~~~~~~~~~~~~~~~~~~~~~~~~~~~~~~~~~~~~~~~~~~~~~~~~~~~
    + CategoryInfo          : PermissionDenied: (MSFT_NetFirewallRule:root/standardcimv2/MSFT_NetFirewallRule) [New-Ne 
   tFirewallRule], CimException
    + FullyQualifiedErrorId : Windows System Error 5,New-NetFirewallRule
2026-09-12 22:20:58,591 [WARNING] [!] Firewall-Regeln konnten teilweise nicht gesetzt werden (Elevated Admin-Rechte unter Windows erforderlich).
2026-09-12 22:20:58,592 [INFO] [Verarbeitung] Bereinige verwaiste Tor-Prozesse und aktiviere Tor-Dienst...
2026-09-12 22:20:58,593 [INFO] Stoppe System-Tor-Instanz (tor@default)...
2026-09-12 22:20:58,601 [INFO] Prüfe auf verwaiste Tor-Prozesse und gebe Ports frei...
2026-09-12 22:20:59,113 [INFO] [+] System-Tor gestoppt – Ports frei für den Suite-eigenen Tor (RAM-Disk).
2026-09-12 22:20:59,114 [INFO] [Verarbeitung] Starte Tor-Dienst und Stealth-Relay (warte auf Bootstrap 100%)...
2026-09-12 22:20:59,119 [INFO] [+] Dynamische torrc erfolgreich in RAM-Disk erzeugt: /mnt/tor_ramdisk/torrc
2026-09-12 22:20:59,123 [INFO] Starte Tor als direkten Prozess: tor -f /mnt/tor_ramdisk/torrc
2026-09-12 22:21:01,125 [INFO] Warte auf Tor-Bootstrap (kann bei europäischen Exit-Nodes einen Moment dauern)...
2026-09-12 22:21:18,351 [INFO] [+] Tor erfolgreich gestartet und zu 100% bootstrapped.
2026-09-12 22:21:18,352 [INFO] [*] IP-Changer gestartet (Rotation alle 120 Sekunden).
2026-09-12 22:21:18,360 [INFO] [Verarbeitung] Tor bootstrapped (100%) – aktiviere DNS-Leak-Schutz & Kill-Switch...
2026-09-12 22:21:18,365 [INFO] [+] /etc/resolv.conf gehärtet und auf lokalen Tor-DNS umgeleitet.
2026-09-12 22:21:18,428 [INFO] [+] DNS-Redirect aktiv: jeder Port-53-Aufruf -> Tor-DNSPort 5353 (kein DNS-Leak).
2026-09-12 22:21:18,434 [INFO] [+] nftables Kill-Switch aktiv (Exklusiver Outbound für Tor-UID 136, DNS-Port 5353).
2026-09-12 22:21:18,435 [INFO] [Verarbeitung] Starte gehärteten Privoxy-Proxy...
2026-09-12 22:21:18,445 [INFO] [+] Privoxy user.action (Härtung) in RAM-Disk erzeugt: /mnt/tor_ramdisk/user.action
2026-09-12 22:21:18,446 [INFO] [+] Gehärtete Privoxy-Config in RAM-Disk erzeugt: /mnt/tor_ramdisk/privoxy.conf
2026-09-12 22:21:18,447 [INFO] Starte Privoxy als direkten Prozess mit RAM-Disk-Config...
2026-09-12 22:21:19,951 [INFO] [+] Privoxy erfolgreich gestartet (Hört auf 0.0.0.0:8118).
2026-09-12 22:21:19,952 [INFO] [Ausgabe] Aktiviere Windows-Systemproxy...
2026-09-12 22:21:19,953 [INFO] Setze Windows-Systemproxy auf 172.23.220.58:8118...
2026-09-12 22:21:20,220 [INFO] [+] Windows-Systemproxy erfolgreich aktiviert (172.23.220.58:8118).
2026-09-12 22:21:20,222 [INFO] [SUCCESS] Tor Suite ist aktiv!
2026-09-12 22:21:20,223 [INFO]  - Privoxy Proxy: 172.23.220.58:8118
2026-09-12 22:21:20,224 [INFO]  - Tor Relay ORPort: 8443
2026-09-12 22:21:20,225 [INFO]  - IP-Rotation: Alle 120 Sekunden
2026-09-12 22:21:20,226 [INFO]  - Spurenschutz: Aktive 256MB RAM-Disk (tmpfs) + nftables Kill-Switch
2026-09-12 22:22:28,878 [INFO] [Cleanup] Fahre Cyberdeck Tor Suite herunter...
2026-09-12 22:22:28,880 [INFO] Deaktiviere Windows-Systemproxy...
2026-09-12 22:22:29,112 [INFO] [+] Windows-Systemproxy erfolgreich deaktiviert.
2026-09-12 22:22:29,114 [INFO] Entferne temporäre Windows-Firewall-Regeln...
2026-09-12 22:22:31,277 [ERROR] [-] PowerShell-Firewall-Fehler: 
2026-09-12 22:22:31,279 [ERROR] [-] Fehler beim Löschen der Firewall-Regeln.
2026-09-12 22:22:31,304 [INFO] [+] DNS-Redirect-Tabelle erfolgreich entfernt.
2026-09-12 22:22:31,312 [INFO] [+] nftables Kill-Switch Tabelle erfolgreich gelöscht.
2026-09-12 22:22:31,314 [INFO] [+] Ursprüngliche /etc/resolv.conf wiederhergestellt.
2026-09-12 22:22:31,315 [INFO] Stoppe Privoxy-Dienst...
2026-09-12 22:22:31,317 [INFO] [+] Privoxy sauber beendet.
2026-09-12 22:22:31,318 [INFO] Stoppe Tor-Prozess und IP-Changer...
2026-09-12 22:22:31,438 [INFO] [+] Tor-Prozess sauber beendet.
2026-09-12 22:22:31,439 [INFO] Stoppe tor@default...
2026-09-12 22:22:31,446 [INFO] Prüfe auf verwaiste Tor-Prozesse und gebe Ports frei...
2026-09-12 22:22:31,957 [INFO] [+] tor@default beendet.
2026-09-12 22:22:31,958 [INFO] Unmounte RAM-Disk unter /mnt/tor_ramdisk...
2026-09-12 22:22:31,977 [INFO] [+] RAM-Disk sauber unmountet und Spuren beseitigt.
2026-09-12 22:22:31,978 [INFO] [+] Shutdown abgeschlossen. Sämtliche temporären Daten wurden aus dem RAM gelöscht.
2026-09-12 22:52:58,173 [INFO] [Vorbereitung] Entferne ggf. übrig gebliebenen Windows-Systemproxy (Stale-State)...
2026-09-12 22:52:58,174 [INFO] Deaktiviere Windows-Systemproxy...
2026-09-12 22:52:59,597 [INFO] [+] Windows-Systemproxy erfolgreich deaktiviert.
2026-09-12 22:52:59,599 [INFO] [Eingabe] Prüfe Systemvoraussetzungen...
2026-09-12 22:52:59,602 [INFO] [+] Systemcheck erfolgreich. WSL-IP ermittelt: 172.23.220.58
2026-09-12 22:52:59,603 [INFO] [Verarbeitung] Initialisiere 256MB RAM-Disk (tmpfs)...
2026-09-12 22:52:59,605 [INFO] Mounte 256MB tmpfs auf /mnt/tor_ramdisk...
2026-09-12 22:52:59,608 [INFO] [+] RAM-Disk erfolgreich gemountet.
2026-09-12 22:52:59,609 [INFO] [+] Unterstrukturen für Tor (/mnt/tor_ramdisk/tor_data) und Privoxy (/mnt/tor_ramdisk/privoxy) vorbereitet.
2026-09-12 22:52:59,610 [INFO] [Verarbeitung] Erzeuge dynamische Konfigurationsdateien in der RAM-Disk...
2026-09-12 22:53:00,751 [INFO] [+] Dynamische torrc erfolgreich in RAM-Disk erzeugt: /mnt/tor_ramdisk/torrc
2026-09-12 22:53:00,763 [INFO] [+] Privoxy user.action (Härtung) in RAM-Disk erzeugt: /mnt/tor_ramdisk/user.action
2026-09-12 22:53:00,764 [INFO] [+] Gehärtete Privoxy-Config in RAM-Disk erzeugt: /mnt/tor_ramdisk/privoxy.conf
2026-09-12 22:53:00,764 [INFO] [Verarbeitung] Wende strikte POSIX-Sicherheitsrechte an...
2026-09-12 22:53:00,765 [INFO] Setze strikte Dateirechte & erstelle Systempfade...
2026-09-12 22:53:00,766 [INFO] [+] Pfad /mnt/tor_ramdisk/torrc mit Rechte 0600 & User-UID 136 vorbereitet.
2026-09-12 22:53:00,767 [INFO] [Verarbeitung] Konfiguriere Windows Defender Firewall-Regeln...
2026-09-12 22:53:00,768 [INFO] Konfiguriere Windows-Firewall-Regeln für Ports 8118 (Privoxy) & 8443 (ORPort)...
2026-09-12 22:53:04,912 [ERROR] [-] PowerShell-Firewall-Fehler: New-NetFirewallRule : Zugriff verweigert 
In Zeile:1 Zeichen:97
+ ... lyContinue; New-NetFirewallRule -DisplayName "Cyberdeck_TorSuite_Priv ...
+                 ~~~~~~~~~~~~~~~~~~~~~~~~~~~~~~~~~~~~~~~~~~~~~~~~~~~~~~~~~
    + CategoryInfo          : PermissionDenied: (MSFT_NetFirewallRule:root/standardcimv2/MSFT_NetFirewallRule) [New-Ne 
   tFirewallRule], CimException
    + FullyQualifiedErrorId : Windows System Error 5,New-NetFirewallRule
 
New-NetFirewallRule : Zugriff verweigert 
In Zeile:1 Zeichen:390
+ ... lyContinue; New-NetFirewallRule -DisplayName "Cyberdeck_TorSuite_ORPo ...
+                 ~~~~~~~~~~~~~~~~~~~~~~~~~~~~~~~~~~~~~~~~~~~~~~~~~~~~~~~~~
    + CategoryInfo          : PermissionDenied: (MSFT_NetFirewallRule:root/standardcimv2/MSFT_NetFirewallRule) [New-Ne 
   tFirewallRule], CimException
    + FullyQualifiedErrorId : Windows System Error 5,New-NetFirewallRule
2026-09-12 22:53:04,913 [WARNING] [!] Firewall-Regeln konnten teilweise nicht gesetzt werden (Elevated Admin-Rechte unter Windows erforderlich).
2026-09-12 22:53:04,914 [INFO] [Verarbeitung] Bereinige verwaiste Tor-Prozesse und aktiviere Tor-Dienst...
2026-09-12 22:53:04,915 [INFO] Stoppe System-Tor-Instanz (tor@default)...
2026-09-12 22:53:04,923 [INFO] Prüfe auf verwaiste Tor-Prozesse und gebe Ports frei...
2026-09-12 22:53:05,437 [INFO] [+] System-Tor gestoppt – Ports frei für den Suite-eigenen Tor (RAM-Disk).
2026-09-12 22:53:05,438 [INFO] [Verarbeitung] Starte Tor-Dienst und Stealth-Relay (warte auf Bootstrap 100%)...
2026-09-12 22:53:05,443 [INFO] [+] Dynamische torrc erfolgreich in RAM-Disk erzeugt: /mnt/tor_ramdisk/torrc
2026-09-12 22:53:05,447 [INFO] Starte Tor als direkten Prozess: tor -f /mnt/tor_ramdisk/torrc
2026-09-12 22:53:07,448 [INFO] Warte auf Tor-Bootstrap (kann bei europäischen Exit-Nodes einen Moment dauern)...
2026-09-12 22:54:01,886 [INFO] [+] Tor erfolgreich gestartet und zu 100% bootstrapped.
2026-09-12 22:54:01,887 [INFO] [*] IP-Changer gestartet (Rotation alle 120 Sekunden).
2026-09-12 22:54:01,893 [INFO] [Verarbeitung] Tor bootstrapped (100%) – aktiviere DNS-Leak-Schutz & Kill-Switch...
2026-09-12 22:54:01,898 [INFO] [+] /etc/resolv.conf gehärtet und auf lokalen Tor-DNS umgeleitet.
2026-09-12 22:54:01,957 [INFO] [+] DNS-Redirect aktiv: jeder Port-53-Aufruf -> Tor-DNSPort 5353 (kein DNS-Leak).
2026-09-12 22:54:01,961 [INFO] [+] nftables Kill-Switch aktiv (Exklusiver Outbound für Tor-UID 136, DNS-Port 5353).
2026-09-12 22:54:01,962 [INFO] [Verarbeitung] Starte gehärteten Privoxy-Proxy...
2026-09-12 22:54:01,971 [INFO] [+] Privoxy user.action (Härtung) in RAM-Disk erzeugt: /mnt/tor_ramdisk/user.action
2026-09-12 22:54:01,971 [INFO] [+] Gehärtete Privoxy-Config in RAM-Disk erzeugt: /mnt/tor_ramdisk/privoxy.conf
2026-09-12 22:54:01,972 [INFO] Starte Privoxy als direkten Prozess mit RAM-Disk-Config...
2026-09-12 22:54:03,476 [INFO] [+] Privoxy erfolgreich gestartet (Hört auf 0.0.0.0:8118).
2026-09-12 22:54:03,477 [INFO] [Ausgabe] Aktiviere Windows-Systemproxy...
2026-09-12 22:54:03,478 [INFO] Setze Windows-Systemproxy auf 172.23.220.58:8118...
2026-09-12 22:54:04,502 [INFO] [+] Windows-Systemproxy erfolgreich aktiviert (172.23.220.58:8118).
2026-09-12 22:54:04,504 [INFO] [SUCCESS] Tor Suite ist aktiv!
2026-09-12 22:54:04,505 [INFO]  - Privoxy Proxy: 172.23.220.58:8118
2026-09-12 22:54:04,506 [INFO]  - Tor Relay ORPort: 8443
2026-09-12 22:54:04,507 [INFO]  - IP-Rotation: Alle 120 Sekunden
2026-09-12 22:54:04,508 [INFO]  - Spurenschutz: Aktive 256MB RAM-Disk (tmpfs) + nftables Kill-Switch
2026-09-12 22:54:30,077 [INFO] [Cleanup] Fahre Cyberdeck Tor Suite herunter...
2026-09-12 22:54:30,078 [INFO] Deaktiviere Windows-Systemproxy...
2026-09-12 22:54:30,945 [INFO] [+] Windows-Systemproxy erfolgreich deaktiviert.
2026-09-12 22:54:30,947 [INFO] Entferne temporäre Windows-Firewall-Regeln...
2026-09-12 22:54:33,923 [ERROR] [-] PowerShell-Firewall-Fehler: 
2026-09-12 22:54:33,924 [ERROR] [-] Fehler beim Löschen der Firewall-Regeln.
2026-09-12 22:54:33,949 [INFO] [+] DNS-Redirect-Tabelle erfolgreich entfernt.
2026-09-12 22:54:33,965 [INFO] [+] nftables Kill-Switch Tabelle erfolgreich gelöscht.
2026-09-12 22:54:33,967 [INFO] [+] Ursprüngliche /etc/resolv.conf wiederhergestellt.
2026-09-12 22:54:33,968 [INFO] Stoppe Privoxy-Dienst...
2026-09-12 22:54:33,970 [INFO] [+] Privoxy sauber beendet.
2026-09-12 22:54:33,971 [INFO] Stoppe Tor-Prozess und IP-Changer...
2026-09-12 22:54:34,092 [INFO] [+] Tor-Prozess sauber beendet.
2026-09-12 22:54:34,093 [INFO] Stoppe tor@default...
2026-09-12 22:54:34,102 [INFO] Prüfe auf verwaiste Tor-Prozesse und gebe Ports frei...
2026-09-12 22:54:34,612 [INFO] [+] tor@default beendet.
2026-09-12 22:54:34,613 [INFO] Unmounte RAM-Disk unter /mnt/tor_ramdisk...
2026-09-12 22:54:34,632 [INFO] [+] RAM-Disk sauber unmountet und Spuren beseitigt.
2026-09-12 22:54:34,633 [INFO] [+] Shutdown abgeschlossen. Sämtliche temporären Daten wurden aus dem RAM gelöscht.
2026-09-13 11:15:25,917 [INFO] [Vorbereitung] Entferne ggf. übrig gebliebenen Windows-Systemproxy (Stale-State)...
2026-09-13 11:15:25,919 [INFO] Deaktiviere Windows-Systemproxy...
2026-09-13 11:15:27,174 [INFO] [+] Windows-Systemproxy erfolgreich deaktiviert.
2026-09-13 11:15:27,176 [INFO] [Eingabe] Prüfe Systemvoraussetzungen...
2026-09-13 11:15:27,179 [INFO] [+] Systemcheck erfolgreich. WSL-IP ermittelt: 172.23.220.58
2026-09-13 11:15:27,180 [INFO] [Verarbeitung] Initialisiere 256MB RAM-Disk (tmpfs)...
2026-09-13 11:15:27,182 [INFO] Mounte 256MB tmpfs auf /mnt/tor_ramdisk...
2026-09-13 11:15:27,185 [INFO] [+] RAM-Disk erfolgreich gemountet.
2026-09-13 11:15:27,186 [INFO] [+] Unterstrukturen für Tor (/mnt/tor_ramdisk/tor_data) und Privoxy (/mnt/tor_ramdisk/privoxy) vorbereitet.
2026-09-13 11:15:27,187 [INFO] [Verarbeitung] Erzeuge dynamische Konfigurationsdateien in der RAM-Disk...
2026-09-13 11:15:28,330 [INFO] [+] Dynamische torrc erfolgreich in RAM-Disk erzeugt: /mnt/tor_ramdisk/torrc
2026-09-13 11:15:28,341 [INFO] [+] Privoxy user.action (Härtung) in RAM-Disk erzeugt: /mnt/tor_ramdisk/user.action
2026-09-13 11:15:28,342 [INFO] [+] Gehärtete Privoxy-Config in RAM-Disk erzeugt: /mnt/tor_ramdisk/privoxy.conf
2026-09-13 11:15:28,343 [INFO] [Verarbeitung] Wende strikte POSIX-Sicherheitsrechte an...
2026-09-13 11:15:28,344 [INFO] Setze strikte Dateirechte & erstelle Systempfade...
2026-09-13 11:15:28,345 [INFO] [+] Pfad /mnt/tor_ramdisk/torrc mit Rechte 0600 & User-UID 136 vorbereitet.
2026-09-13 11:15:28,346 [INFO] [Verarbeitung] Konfiguriere Windows Defender Firewall-Regeln...
2026-09-13 11:15:28,347 [INFO] Konfiguriere Windows-Firewall-Regeln für Ports 8118 (Privoxy) & 8443 (ORPort)...
2026-09-13 11:15:32,821 [ERROR] [-] PowerShell-Firewall-Fehler: New-NetFirewallRule : Zugriff verweigert 
In Zeile:1 Zeichen:97
+ ... lyContinue; New-NetFirewallRule -DisplayName "Cyberdeck_TorSuite_Priv ...
+                 ~~~~~~~~~~~~~~~~~~~~~~~~~~~~~~~~~~~~~~~~~~~~~~~~~~~~~~~~~
    + CategoryInfo          : PermissionDenied: (MSFT_NetFirewallRule:root/standardcimv2/MSFT_NetFirewallRule) [New-Ne 
   tFirewallRule], CimException
    + FullyQualifiedErrorId : Windows System Error 5,New-NetFirewallRule
 
New-NetFirewallRule : Zugriff verweigert 
In Zeile:1 Zeichen:390
+ ... lyContinue; New-NetFirewallRule -DisplayName "Cyberdeck_TorSuite_ORPo ...
+                 ~~~~~~~~~~~~~~~~~~~~~~~~~~~~~~~~~~~~~~~~~~~~~~~~~~~~~~~~~
    + CategoryInfo          : PermissionDenied: (MSFT_NetFirewallRule:root/standardcimv2/MSFT_NetFirewallRule) [New-Ne 
   tFirewallRule], CimException
    + FullyQualifiedErrorId : Windows System Error 5,New-NetFirewallRule
2026-09-13 11:15:32,827 [WARNING] [!] Firewall-Regeln konnten teilweise nicht gesetzt werden (Elevated Admin-Rechte unter Windows erforderlich).
2026-09-13 11:15:32,831 [INFO] [Verarbeitung] Bereinige verwaiste Tor-Prozesse und aktiviere Tor-Dienst...
2026-09-13 11:15:32,834 [INFO] Stoppe System-Tor-Instanz (tor@default)...
2026-09-13 11:15:32,844 [INFO] Prüfe auf verwaiste Tor-Prozesse und gebe Ports frei...
2026-09-13 11:15:33,369 [INFO] [+] System-Tor gestoppt – Ports frei für den Suite-eigenen Tor (RAM-Disk).
2026-09-13 11:15:33,374 [INFO] [Verarbeitung] Starte Tor-Dienst und Stealth-Relay (warte auf Bootstrap 100%)...
2026-09-13 11:15:33,380 [INFO] [+] Dynamische torrc erfolgreich in RAM-Disk erzeugt: /mnt/tor_ramdisk/torrc
2026-09-13 11:15:33,384 [INFO] Starte Tor als direkten Prozess: tor -f /mnt/tor_ramdisk/torrc
2026-09-13 11:15:35,386 [INFO] Warte auf Tor-Bootstrap (kann bei europäischen Exit-Nodes einen Moment dauern)...
2026-09-13 11:17:35,719 [ERROR] [-] Timeout beim Tor-Bootstrap erreicht.
2026-09-13 11:17:35,738 [ERROR]     Sep 13 11:15:33.395 [notice] Opening Socks listener on 127.0.0.1:9050
2026-09-13 11:17:35,739 [ERROR]     Sep 13 11:15:33.395 [notice] Opened Socks listener connection (ready) on 127.0.0.1:9050
2026-09-13 11:17:35,740 [ERROR]     Sep 13 11:15:33.396 [notice] Opening DNS listener on 127.0.0.1:5353
2026-09-13 11:17:35,740 [ERROR]     Sep 13 11:15:33.396 [notice] Opened DNS listener connection (ready) on 127.0.0.1:5353
2026-09-13 11:17:35,741 [ERROR]     Sep 13 11:15:33.397 [notice] Opening Control listener on 0.0.0.0:9051
2026-09-13 11:17:35,742 [ERROR]     Sep 13 11:15:33.397 [notice] Opened Control listener connection (ready) on 0.0.0.0:9051
2026-09-13 11:17:35,742 [ERROR]     Sep 13 11:15:33.398 [notice] Opening OR listener on 0.0.0.0:8443
2026-09-13 11:17:35,743 [ERROR]     Sep 13 11:15:33.398 [notice] Opened OR listener connection (ready) on 0.0.0.0:8443
2026-09-13 11:17:35,744 [ERROR]     Sep 13 11:15:33.398 [notice] Opening OR listener on [::]:8443
2026-09-13 11:17:35,745 [ERROR]     Sep 13 11:15:33.399 [notice] Opened OR listener connection (ready) on [::]:8443
2026-09-13 11:17:35,746 [INFO] [Cleanup] Fahre Cyberdeck Tor Suite herunter...
2026-09-13 11:17:35,747 [INFO] Deaktiviere Windows-Systemproxy...
2026-09-13 11:17:36,729 [INFO] [+] Windows-Systemproxy erfolgreich deaktiviert.
2026-09-13 11:17:36,730 [INFO] Entferne temporäre Windows-Firewall-Regeln...
2026-09-13 11:17:40,087 [ERROR] [-] PowerShell-Firewall-Fehler: 
2026-09-13 11:17:40,088 [ERROR] [-] Fehler beim Löschen der Firewall-Regeln.
2026-09-13 11:17:40,112 [INFO] [*] Keine aktive DNS-Redirect-Tabelle vorhanden (übersprungen).
2026-09-13 11:17:40,120 [INFO] [+] Keine aktive Kill-Switch-Tabelle zum Löschen gefunden.
2026-09-13 11:17:40,124 [INFO] Stoppe Privoxy-Dienst...
2026-09-13 11:17:40,125 [INFO] [+] Privoxy sauber beendet.
2026-09-13 11:17:40,126 [INFO] Stoppe Tor-Prozess und IP-Changer...
2026-09-13 11:17:45,133 [INFO] [+] Tor-Prozess sauber beendet.
2026-09-13 11:17:45,140 [INFO] Stoppe tor@default...
2026-09-13 11:17:45,146 [INFO] Prüfe auf verwaiste Tor-Prozesse und gebe Ports frei...
2026-09-13 11:17:45,659 [INFO] [+] tor@default beendet.
2026-09-13 11:17:45,661 [INFO] Unmounte RAM-Disk unter /mnt/tor_ramdisk...
2026-09-13 11:17:45,688 [INFO] [+] RAM-Disk sauber unmountet und Spuren beseitigt.
2026-09-13 11:17:45,690 [INFO] [+] Shutdown abgeschlossen. Sämtliche temporären Daten wurden aus dem RAM gelöscht.
2026-09-13 11:26:43,442 [INFO] [Vorbereitung] Entferne ggf. übrig gebliebenen Windows-Systemproxy (Stale-State)...
2026-09-13 11:26:43,443 [INFO] Deaktiviere Windows-Systemproxy...
2026-09-13 11:26:44,542 [INFO] [+] Windows-Systemproxy erfolgreich deaktiviert.
2026-09-13 11:26:44,543 [INFO] [Eingabe] Prüfe Systemvoraussetzungen...
2026-09-13 11:26:44,546 [INFO] [+] Systemcheck erfolgreich. WSL-IP ermittelt: 172.23.220.58
2026-09-13 11:26:44,546 [INFO] [Verarbeitung] Initialisiere 256MB RAM-Disk (tmpfs)...
2026-09-13 11:26:44,548 [INFO] Mounte 256MB tmpfs auf /mnt/tor_ramdisk...
2026-09-13 11:26:44,550 [INFO] [+] RAM-Disk erfolgreich gemountet.
2026-09-13 11:26:44,551 [INFO] [+] Unterstrukturen für Tor (/mnt/tor_ramdisk/tor_data) und Privoxy (/mnt/tor_ramdisk/privoxy) vorbereitet.
2026-09-13 11:26:44,551 [INFO] [Verarbeitung] Erzeuge dynamische Konfigurationsdateien in der RAM-Disk...
2026-09-13 11:26:45,604 [INFO] [+] Dynamische torrc erfolgreich in RAM-Disk erzeugt: /mnt/tor_ramdisk/torrc
2026-09-13 11:26:45,614 [INFO] [+] Privoxy user.action (Härtung) in RAM-Disk erzeugt: /mnt/tor_ramdisk/user.action
2026-09-13 11:26:45,615 [INFO] [+] Gehärtete Privoxy-Config in RAM-Disk erzeugt: /mnt/tor_ramdisk/privoxy.conf
2026-09-13 11:26:45,615 [INFO] [Verarbeitung] Wende strikte POSIX-Sicherheitsrechte an...
2026-09-13 11:26:45,616 [INFO] Setze strikte Dateirechte & erstelle Systempfade...
2026-09-13 11:26:45,616 [INFO] [+] Pfad /mnt/tor_ramdisk/torrc mit Rechte 0600 & User-UID 136 vorbereitet.
2026-09-13 11:26:45,617 [INFO] [Verarbeitung] Konfiguriere Windows Defender Firewall-Regeln...
2026-09-13 11:26:45,617 [INFO] Konfiguriere Windows-Firewall-Regeln für Ports 8118 (Privoxy) & 8443 (ORPort)...
2026-09-13 11:26:49,054 [INFO] [+] Firewall-Regeln erfolgreich gesetzt (8118 & 8443 TCP).
2026-09-13 11:26:49,055 [INFO] [Verarbeitung] Bereinige verwaiste Tor-Prozesse und aktiviere Tor-Dienst...
2026-09-13 11:26:49,056 [INFO] Stoppe System-Tor-Instanz (tor@default)...
2026-09-13 11:26:49,063 [INFO] Prüfe auf verwaiste Tor-Prozesse und gebe Ports frei...
2026-09-13 11:26:49,575 [INFO] [+] System-Tor gestoppt – Ports frei für den Suite-eigenen Tor (RAM-Disk).
2026-09-13 11:26:49,576 [INFO] [Verarbeitung] Starte Tor-Dienst und Stealth-Relay (warte auf Bootstrap 100%)...
2026-09-13 11:26:49,581 [INFO] [+] Dynamische torrc erfolgreich in RAM-Disk erzeugt: /mnt/tor_ramdisk/torrc
2026-09-13 11:26:49,584 [INFO] Starte Tor als direkten Prozess: tor -f /mnt/tor_ramdisk/torrc
2026-09-13 11:26:51,585 [INFO] Warte auf Tor-Bootstrap (kann bei europäischen Exit-Nodes einen Moment dauern)...
2026-09-13 11:27:12,443 [INFO] [+] Tor erfolgreich gestartet und zu 100% bootstrapped.
2026-09-13 11:27:12,444 [INFO] [*] IP-Changer gestartet (Rotation alle 120 Sekunden).
2026-09-13 11:27:12,449 [INFO] [Verarbeitung] Tor bootstrapped (100%) – aktiviere DNS-Leak-Schutz & Kill-Switch...
2026-09-13 11:27:12,454 [INFO] [+] /etc/resolv.conf gehärtet und auf lokalen Tor-DNS umgeleitet.
2026-09-13 11:27:12,508 [INFO] [+] DNS-Redirect aktiv: jeder Port-53-Aufruf -> Tor-DNSPort 5353 (kein DNS-Leak).
2026-09-13 11:27:12,513 [INFO] [+] nftables Kill-Switch aktiv (Exklusiver Outbound für Tor-UID 136, DNS-Port 5353).
2026-09-13 11:27:12,514 [INFO] [Verarbeitung] Starte gehärteten Privoxy-Proxy...
2026-09-13 11:27:12,522 [INFO] [+] Privoxy user.action (Härtung) in RAM-Disk erzeugt: /mnt/tor_ramdisk/user.action
2026-09-13 11:27:12,522 [INFO] [+] Gehärtete Privoxy-Config in RAM-Disk erzeugt: /mnt/tor_ramdisk/privoxy.conf
2026-09-13 11:27:12,523 [INFO] Starte Privoxy als direkten Prozess mit RAM-Disk-Config...
2026-09-13 11:27:14,026 [INFO] [+] Privoxy erfolgreich gestartet (Hört auf 0.0.0.0:8118).
2026-09-13 11:27:14,027 [INFO] [Ausgabe] Aktiviere Windows-Systemproxy...
2026-09-13 11:27:14,028 [INFO] Setze Windows-Systemproxy auf 172.23.220.58:8118...
2026-09-13 11:27:15,553 [INFO] [+] Windows-Systemproxy erfolgreich aktiviert (172.23.220.58:8118).
2026-09-13 11:27:15,554 [INFO] [SUCCESS] Tor Suite ist aktiv!
2026-09-13 11:27:15,554 [INFO]  - Privoxy Proxy: 172.23.220.58:8118
2026-09-13 11:27:15,555 [INFO]  - Tor Relay ORPort: 8443
2026-09-13 11:27:15,555 [INFO]  - IP-Rotation: Alle 120 Sekunden
2026-09-13 11:27:15,556 [INFO]  - Spurenschutz: Aktive 256MB RAM-Disk (tmpfs) + nftables Kill-Switch
2026-09-13 11:29:12,482 [INFO] [+] Signal NEWNYM gesendet: Tor Exit-IP gewechselt.
2026-09-13 11:31:12,504 [INFO] [+] Signal NEWNYM gesendet: Tor Exit-IP gewechselt.
2026-09-13 11:33:12,538 [INFO] [+] Signal NEWNYM gesendet: Tor Exit-IP gewechselt.
2026-09-13 11:35:13,774 [INFO] [+] Signal NEWNYM gesendet: Tor Exit-IP gewechselt.
2026-09-13 11:37:13,797 [INFO] [+] Signal NEWNYM gesendet: Tor Exit-IP gewechselt.
2026-09-13 11:39:13,821 [INFO] [+] Signal NEWNYM gesendet: Tor Exit-IP gewechselt.
2026-09-13 11:41:13,847 [INFO] [+] Signal NEWNYM gesendet: Tor Exit-IP gewechselt.
2026-09-13 11:41:18,141 [INFO] [Cleanup] Fahre Cyberdeck Tor Suite herunter...
2026-09-13 11:41:18,142 [INFO] Deaktiviere Windows-Systemproxy...
2026-09-13 11:41:19,101 [INFO] [+] Windows-Systemproxy erfolgreich deaktiviert.
2026-09-13 11:41:19,101 [INFO] Entferne temporäre Windows-Firewall-Regeln...
2026-09-13 11:41:22,477 [INFO] [+] Windows-Firewall-Regeln sauber gelöscht.
2026-09-13 11:41:22,511 [INFO] [+] DNS-Redirect-Tabelle erfolgreich entfernt.
2026-09-13 11:41:22,527 [INFO] [+] nftables Kill-Switch Tabelle erfolgreich gelöscht.
2026-09-13 11:41:22,531 [INFO] [+] Ursprüngliche /etc/resolv.conf wiederhergestellt.
2026-09-13 11:41:22,531 [INFO] Stoppe Privoxy-Dienst...
2026-09-13 11:41:22,532 [INFO] [+] Privoxy sauber beendet.
2026-09-13 11:41:22,533 [INFO] Stoppe Tor-Prozess und IP-Changer...
2026-09-13 11:41:22,655 [INFO] [+] Tor-Prozess sauber beendet.
2026-09-13 11:41:22,656 [INFO] Stoppe tor@default...
2026-09-13 11:41:22,663 [INFO] Prüfe auf verwaiste Tor-Prozesse und gebe Ports frei...
2026-09-13 11:41:23,174 [INFO] [+] tor@default beendet.
2026-09-13 11:41:23,175 [INFO] Unmounte RAM-Disk unter /mnt/tor_ramdisk...
2026-09-13 11:41:23,197 [INFO] [+] RAM-Disk sauber unmountet und Spuren beseitigt.
2026-09-13 11:41:23,198 [INFO] [+] Shutdown abgeschlossen. Sämtliche temporären Daten wurden aus dem RAM gelöscht.
2026-09-13 11:47:39,641 [INFO] [Vorbereitung] Entferne ggf. übrig gebliebenen Windows-Systemproxy (Stale-State)...
2026-09-13 11:47:39,641 [INFO] Deaktiviere Windows-Systemproxy...
2026-09-13 11:47:40,584 [INFO] [+] Windows-Systemproxy erfolgreich deaktiviert.
2026-09-13 11:47:40,585 [INFO] [Eingabe] Prüfe Systemvoraussetzungen...
2026-09-13 11:47:40,589 [INFO] [+] Systemcheck erfolgreich. WSL-IP ermittelt: 172.23.220.58
2026-09-13 11:47:40,590 [INFO] [Verarbeitung] Initialisiere 256MB RAM-Disk (tmpfs)...
2026-09-13 11:47:40,591 [INFO] Mounte 256MB tmpfs auf /mnt/tor_ramdisk...
2026-09-13 11:47:40,594 [INFO] [+] RAM-Disk erfolgreich gemountet.
2026-09-13 11:47:40,595 [INFO] [+] Unterstrukturen für Tor (/mnt/tor_ramdisk/tor_data) und Privoxy (/mnt/tor_ramdisk/privoxy) vorbereitet.
2026-09-13 11:47:40,596 [INFO] [Verarbeitung] Erzeuge dynamische Konfigurationsdateien in der RAM-Disk...
2026-09-13 11:47:41,642 [INFO] [+] Dynamische torrc erfolgreich in RAM-Disk erzeugt: /mnt/tor_ramdisk/torrc
2026-09-13 11:47:41,651 [INFO] [+] Privoxy user.action (Härtung) in RAM-Disk erzeugt: /mnt/tor_ramdisk/user.action
2026-09-13 11:47:41,652 [INFO] [+] Gehärtete Privoxy-Config in RAM-Disk erzeugt: /mnt/tor_ramdisk/privoxy.conf
2026-09-13 11:47:41,652 [INFO] [Verarbeitung] Wende strikte POSIX-Sicherheitsrechte an...
2026-09-13 11:47:41,653 [INFO] Setze strikte Dateirechte & erstelle Systempfade...
2026-09-13 11:47:41,653 [INFO] [+] Pfad /mnt/tor_ramdisk/torrc mit Rechte 0600 & User-UID 136 vorbereitet.
2026-09-13 11:47:41,654 [INFO] [Verarbeitung] Konfiguriere Windows Defender Firewall-Regeln...
2026-09-13 11:47:41,654 [INFO] Konfiguriere Windows-Firewall-Regeln für Ports 8118 (Privoxy) & 8443 (ORPort)...
2026-09-13 11:47:45,013 [INFO] [+] Firewall-Regeln erfolgreich gesetzt (8118 & 8443 TCP).
2026-09-13 11:47:45,014 [INFO] [Verarbeitung] Bereinige verwaiste Tor-Prozesse und aktiviere Tor-Dienst...
2026-09-13 11:47:45,015 [INFO] Stoppe System-Tor-Instanz (tor@default)...
2026-09-13 11:47:45,023 [INFO] Prüfe auf verwaiste Tor-Prozesse und gebe Ports frei...
2026-09-13 11:47:45,533 [INFO] [+] System-Tor gestoppt – Ports frei für den Suite-eigenen Tor (RAM-Disk).
2026-09-13 11:47:45,534 [INFO] [Verarbeitung] Starte Tor-Dienst und Stealth-Relay (warte auf Bootstrap 100%)...
2026-09-13 11:47:45,538 [INFO] [+] Dynamische torrc erfolgreich in RAM-Disk erzeugt: /mnt/tor_ramdisk/torrc
2026-09-13 11:47:45,541 [INFO] Starte Tor als direkten Prozess: tor -f /mnt/tor_ramdisk/torrc
2026-09-13 11:47:47,542 [INFO] Warte auf Tor-Bootstrap (kann bei europäischen Exit-Nodes einen Moment dauern)...
2026-09-13 11:49:47,583 [ERROR] [-] Timeout beim Tor-Bootstrap erreicht.
2026-09-13 11:49:47,587 [ERROR]     Sep 13 11:47:45.551 [notice] Opening Socks listener on 127.0.0.1:9050
2026-09-13 11:49:47,587 [ERROR]     Sep 13 11:47:45.552 [notice] Opened Socks listener connection (ready) on 127.0.0.1:9050
2026-09-13 11:49:47,588 [ERROR]     Sep 13 11:47:45.552 [notice] Opening DNS listener on 127.0.0.1:5353
2026-09-13 11:49:47,588 [ERROR]     Sep 13 11:47:45.553 [notice] Opened DNS listener connection (ready) on 127.0.0.1:5353
2026-09-13 11:49:47,589 [ERROR]     Sep 13 11:47:45.553 [notice] Opening Control listener on 0.0.0.0:9051
2026-09-13 11:49:47,589 [ERROR]     Sep 13 11:47:45.554 [notice] Opened Control listener connection (ready) on 0.0.0.0:9051
2026-09-13 11:49:47,590 [ERROR]     Sep 13 11:47:45.554 [notice] Opening OR listener on 0.0.0.0:8443
2026-09-13 11:49:47,590 [ERROR]     Sep 13 11:47:45.554 [notice] Opened OR listener connection (ready) on 0.0.0.0:8443
2026-09-13 11:49:47,591 [ERROR]     Sep 13 11:47:45.555 [notice] Opening OR listener on [::]:8443
2026-09-13 11:49:47,591 [ERROR]     Sep 13 11:47:45.555 [notice] Opened OR listener connection (ready) on [::]:8443
2026-09-13 11:49:47,591 [INFO] [Cleanup] Fahre Cyberdeck Tor Suite herunter...
2026-09-13 11:49:47,592 [INFO] Deaktiviere Windows-Systemproxy...
2026-09-13 11:49:48,542 [INFO] [+] Windows-Systemproxy erfolgreich deaktiviert.
2026-09-13 11:49:48,543 [INFO] Entferne temporäre Windows-Firewall-Regeln...
2026-09-13 11:49:51,953 [INFO] [+] Windows-Firewall-Regeln sauber gelöscht.
2026-09-13 11:49:51,980 [INFO] [*] Keine aktive DNS-Redirect-Tabelle vorhanden (übersprungen).
2026-09-13 11:49:52,004 [INFO] [+] Keine aktive Kill-Switch-Tabelle zum Löschen gefunden.
2026-09-13 11:49:52,008 [INFO] Stoppe Privoxy-Dienst...
2026-09-13 11:49:52,009 [INFO] [+] Privoxy sauber beendet.
2026-09-13 11:49:52,010 [INFO] Stoppe Tor-Prozess und IP-Changer...
2026-09-13 11:49:52,485 [INFO] [+] Tor-Prozess sauber beendet.
2026-09-13 11:49:52,485 [INFO] Stoppe tor@default...
2026-09-13 11:49:52,493 [INFO] Prüfe auf verwaiste Tor-Prozesse und gebe Ports frei...
2026-09-13 11:49:53,006 [INFO] [+] tor@default beendet.
2026-09-13 11:49:53,006 [INFO] Unmounte RAM-Disk unter /mnt/tor_ramdisk...
2026-09-13 11:49:53,026 [INFO] [+] RAM-Disk sauber unmountet und Spuren beseitigt.
2026-09-13 11:49:53,027 [INFO] [+] Shutdown abgeschlossen. Sämtliche temporären Daten wurden aus dem RAM gelöscht.
2026-09-13 11:50:19,576 [INFO] [Vorbereitung] Entferne ggf. übrig gebliebenen Windows-Systemproxy (Stale-State)...
2026-09-13 11:50:19,577 [INFO] Deaktiviere Windows-Systemproxy...
2026-09-13 11:50:21,103 [INFO] [+] Windows-Systemproxy erfolgreich deaktiviert.
2026-09-13 11:50:21,104 [INFO] [Eingabe] Prüfe Systemvoraussetzungen...
2026-09-13 11:50:21,109 [INFO] [+] Systemcheck erfolgreich. WSL-IP ermittelt: 172.23.220.58
2026-09-13 11:50:21,110 [INFO] [Verarbeitung] Initialisiere 256MB RAM-Disk (tmpfs)...
2026-09-13 11:50:21,111 [INFO] Mounte 256MB tmpfs auf /mnt/tor_ramdisk...
2026-09-13 11:50:21,114 [INFO] [+] RAM-Disk erfolgreich gemountet.
2026-09-13 11:50:21,116 [INFO] [+] Unterstrukturen für Tor (/mnt/tor_ramdisk/tor_data) und Privoxy (/mnt/tor_ramdisk/privoxy) vorbereitet.
2026-09-13 11:50:21,117 [INFO] [Verarbeitung] Erzeuge dynamische Konfigurationsdateien in der RAM-Disk...
2026-09-13 11:50:22,167 [INFO] [+] Dynamische torrc erfolgreich in RAM-Disk erzeugt: /mnt/tor_ramdisk/torrc
2026-09-13 11:50:22,176 [INFO] [+] Privoxy user.action (Härtung) in RAM-Disk erzeugt: /mnt/tor_ramdisk/user.action
2026-09-13 11:50:22,176 [INFO] [+] Gehärtete Privoxy-Config in RAM-Disk erzeugt: /mnt/tor_ramdisk/privoxy.conf
2026-09-13 11:50:22,177 [INFO] [Verarbeitung] Wende strikte POSIX-Sicherheitsrechte an...
2026-09-13 11:50:22,177 [INFO] Setze strikte Dateirechte & erstelle Systempfade...
2026-09-13 11:50:22,178 [INFO] [+] Pfad /mnt/tor_ramdisk/torrc mit Rechte 0600 & User-UID 136 vorbereitet.
2026-09-13 11:50:22,178 [INFO] [Verarbeitung] Konfiguriere Windows Defender Firewall-Regeln...
2026-09-13 11:50:22,179 [INFO] Konfiguriere Windows-Firewall-Regeln für Ports 8118 (Privoxy) & 8443 (ORPort)...
2026-09-13 11:50:25,453 [INFO] [+] Firewall-Regeln erfolgreich gesetzt (8118 & 8443 TCP).
2026-09-13 11:50:25,454 [INFO] [Verarbeitung] Bereinige verwaiste Tor-Prozesse und aktiviere Tor-Dienst...
2026-09-13 11:50:25,454 [INFO] Stoppe System-Tor-Instanz (tor@default)...
2026-09-13 11:50:25,464 [INFO] Prüfe auf verwaiste Tor-Prozesse und gebe Ports frei...
2026-09-13 11:50:25,976 [INFO] [+] System-Tor gestoppt – Ports frei für den Suite-eigenen Tor (RAM-Disk).
2026-09-13 11:50:25,977 [INFO] [Verarbeitung] Starte Tor-Dienst und Stealth-Relay (warte auf Bootstrap 100%)...
2026-09-13 11:50:25,982 [INFO] [+] Dynamische torrc erfolgreich in RAM-Disk erzeugt: /mnt/tor_ramdisk/torrc
2026-09-13 11:50:25,984 [INFO] Starte Tor als direkten Prozess: tor -f /mnt/tor_ramdisk/torrc
2026-09-13 11:50:27,985 [INFO] Warte auf Tor-Bootstrap (kann bei europäischen Exit-Nodes einen Moment dauern)...
2026-09-13 11:50:32,850 [INFO] [+] Tor erfolgreich gestartet und zu 100% bootstrapped.
2026-09-13 11:50:32,851 [INFO] [*] IP-Changer gestartet (Rotation alle 120 Sekunden).
2026-09-13 11:50:32,857 [INFO] [Verarbeitung] Tor bootstrapped (100%) – aktiviere DNS-Leak-Schutz & Kill-Switch...
2026-09-13 11:50:32,862 [INFO] [+] /etc/resolv.conf gehärtet und auf lokalen Tor-DNS umgeleitet.
2026-09-13 11:50:32,874 [INFO] [+] DNS-Redirect aktiv: jeder Port-53-Aufruf -> Tor-DNSPort 5353 (kein DNS-Leak).
2026-09-13 11:50:32,878 [INFO] [+] nftables Kill-Switch aktiv (Exklusiver Outbound für Tor-UID 136, DNS-Port 5353).
2026-09-13 11:50:32,878 [INFO] [Verarbeitung] Starte gehärteten Privoxy-Proxy...
2026-09-13 11:50:32,886 [INFO] [+] Privoxy user.action (Härtung) in RAM-Disk erzeugt: /mnt/tor_ramdisk/user.action
2026-09-13 11:50:32,887 [INFO] [+] Gehärtete Privoxy-Config in RAM-Disk erzeugt: /mnt/tor_ramdisk/privoxy.conf
2026-09-13 11:50:32,887 [INFO] Starte Privoxy als direkten Prozess mit RAM-Disk-Config...
2026-09-13 11:50:34,391 [INFO] [+] Privoxy erfolgreich gestartet (Hört auf 0.0.0.0:8118).
2026-09-13 11:50:34,391 [INFO] [Ausgabe] Aktiviere Windows-Systemproxy...
2026-09-13 11:50:34,392 [INFO] Setze Windows-Systemproxy auf 172.23.220.58:8118...
2026-09-13 11:50:35,918 [INFO] [+] Windows-Systemproxy erfolgreich aktiviert (172.23.220.58:8118).
2026-09-13 11:50:35,919 [INFO] [SUCCESS] Tor Suite ist aktiv!
2026-09-13 11:50:35,921 [INFO]  - Privoxy Proxy: 172.23.220.58:8118
2026-09-13 11:50:35,921 [INFO]  - Tor Relay ORPort: 8443
2026-09-13 11:50:35,922 [INFO]  - IP-Rotation: Alle 120 Sekunden
2026-09-13 11:50:35,922 [INFO]  - Spurenschutz: Aktive 256MB RAM-Disk (tmpfs) + nftables Kill-Switch
2026-09-13 11:51:11,567 [INFO] [Cleanup] Fahre Cyberdeck Tor Suite herunter...
2026-09-13 11:51:11,567 [INFO] Deaktiviere Windows-Systemproxy...
2026-09-13 11:51:12,510 [INFO] [+] Windows-Systemproxy erfolgreich deaktiviert.
2026-09-13 11:51:12,511 [INFO] Entferne temporäre Windows-Firewall-Regeln...
2026-09-13 11:51:15,725 [INFO] [+] Windows-Firewall-Regeln sauber gelöscht.
2026-09-13 11:51:15,763 [INFO] [+] DNS-Redirect-Tabelle erfolgreich entfernt.
2026-09-13 11:51:15,779 [INFO] [+] nftables Kill-Switch Tabelle erfolgreich gelöscht.
2026-09-13 11:51:15,782 [INFO] [+] Ursprüngliche /etc/resolv.conf wiederhergestellt.
2026-09-13 11:51:15,783 [INFO] Stoppe Privoxy-Dienst...
2026-09-13 11:51:15,784 [INFO] [+] Privoxy sauber beendet.
2026-09-13 11:51:15,784 [INFO] Stoppe Tor-Prozess und IP-Changer...
2026-09-13 11:51:15,906 [INFO] [+] Tor-Prozess sauber beendet.
2026-09-13 11:51:15,907 [INFO] Stoppe tor@default...
2026-09-13 11:51:15,913 [INFO] Prüfe auf verwaiste Tor-Prozesse und gebe Ports frei...
2026-09-13 11:51:16,423 [INFO] [+] tor@default beendet.
2026-09-13 11:51:16,424 [INFO] Unmounte RAM-Disk unter /mnt/tor_ramdisk...
2026-09-13 11:51:16,445 [INFO] [+] RAM-Disk sauber unmountet und Spuren beseitigt.
2026-09-13 11:51:16,446 [INFO] [+] Shutdown abgeschlossen. Sämtliche temporären Daten wurden aus dem RAM gelöscht.
2026-09-13 11:59:47,370 [INFO] [Vorbereitung] Entferne ggf. übrig gebliebenen Windows-Systemproxy (Stale-State)...
2026-09-13 11:59:47,371 [INFO] Deaktiviere Windows-Systemproxy...
2026-09-13 11:59:48,307 [INFO] [+] Windows-Systemproxy erfolgreich deaktiviert.
2026-09-13 11:59:48,307 [INFO] [Eingabe] Prüfe Systemvoraussetzungen...
2026-09-13 11:59:48,312 [INFO] [+] Systemcheck erfolgreich. WSL-IP ermittelt: 172.23.220.58
2026-09-13 11:59:48,313 [INFO] [Verarbeitung] Initialisiere 256MB RAM-Disk (tmpfs)...
2026-09-13 11:59:48,315 [INFO] Mounte 256MB tmpfs auf /mnt/tor_ramdisk...
2026-09-13 11:59:48,319 [INFO] [+] RAM-Disk erfolgreich gemountet.
2026-09-13 11:59:48,320 [INFO] [+] Unterstrukturen für Tor (/mnt/tor_ramdisk/tor_data) und Privoxy (/mnt/tor_ramdisk/privoxy) vorbereitet.
2026-09-13 11:59:48,321 [INFO] [Verarbeitung] Erzeuge dynamische Konfigurationsdateien in der RAM-Disk...
2026-09-13 11:59:49,365 [INFO] [+] Dynamische torrc erfolgreich in RAM-Disk erzeugt: /mnt/tor_ramdisk/torrc
2026-09-13 11:59:49,374 [INFO] [+] Privoxy user.action (Härtung) in RAM-Disk erzeugt: /mnt/tor_ramdisk/user.action
2026-09-13 11:59:49,374 [INFO] [+] Gehärtete Privoxy-Config in RAM-Disk erzeugt: /mnt/tor_ramdisk/privoxy.conf
2026-09-13 11:59:49,375 [INFO] [Verarbeitung] Wende strikte POSIX-Sicherheitsrechte an...
2026-09-13 11:59:49,375 [INFO] Setze strikte Dateirechte & erstelle Systempfade...
2026-09-13 11:59:49,376 [INFO] [+] Pfad /mnt/tor_ramdisk/torrc mit Rechte 0600 & User-UID 136 vorbereitet.
2026-09-13 11:59:49,376 [INFO] [Verarbeitung] Konfiguriere Windows Defender Firewall-Regeln...
2026-09-13 11:59:49,377 [INFO] Konfiguriere Windows-Firewall-Regeln für Ports 8118 (Privoxy) & 8443 (ORPort)...
2026-09-13 11:59:52,751 [INFO] [+] Firewall-Regeln erfolgreich gesetzt (8118 & 8443 TCP).
2026-09-13 11:59:52,752 [INFO] [Verarbeitung] Bereinige verwaiste Tor-Prozesse und aktiviere Tor-Dienst...
2026-09-13 11:59:52,752 [INFO] Stoppe System-Tor-Instanz (tor@default)...
2026-09-13 11:59:52,762 [INFO] Prüfe auf verwaiste Tor-Prozesse und gebe Ports frei...
2026-09-13 11:59:53,272 [INFO] [+] System-Tor gestoppt – Ports frei für den Suite-eigenen Tor (RAM-Disk).
2026-09-13 11:59:53,273 [INFO] [Verarbeitung] Starte Tor-Dienst und Stealth-Relay (warte auf Bootstrap 100%)...
2026-09-13 11:59:53,277 [INFO] [+] Dynamische torrc erfolgreich in RAM-Disk erzeugt: /mnt/tor_ramdisk/torrc
2026-09-13 11:59:53,279 [INFO] Starte Tor als direkten Prozess: tor -f /mnt/tor_ramdisk/torrc
2026-09-13 11:59:55,280 [INFO] Warte auf Tor-Bootstrap (kann bei europäischen Exit-Nodes einen Moment dauern)...
2026-09-13 11:59:59,943 [INFO] [+] Tor erfolgreich gestartet und zu 100% bootstrapped.
2026-09-13 11:59:59,944 [INFO] [*] IP-Changer gestartet (Rotation alle 120 Sekunden).
2026-09-13 11:59:59,950 [INFO] [Verarbeitung] Tor bootstrapped (100%) – aktiviere DNS-Leak-Schutz & Kill-Switch...
2026-09-13 11:59:59,955 [INFO] [+] /etc/resolv.conf gehärtet und auf lokalen Tor-DNS umgeleitet.
2026-09-13 11:59:59,966 [INFO] [+] DNS-Redirect aktiv: jeder Port-53-Aufruf -> Tor-DNSPort 5353 (kein DNS-Leak).
2026-09-13 11:59:59,970 [INFO] [+] nftables Kill-Switch aktiv (Exklusiver Outbound für Tor-UID 136, DNS-Port 5353).
2026-09-13 11:59:59,971 [INFO] [Verarbeitung] Starte gehärteten Privoxy-Proxy...
2026-09-13 11:59:59,978 [INFO] [+] Privoxy user.action (Härtung) in RAM-Disk erzeugt: /mnt/tor_ramdisk/user.action
2026-09-13 11:59:59,978 [INFO] [+] Gehärtete Privoxy-Config in RAM-Disk erzeugt: /mnt/tor_ramdisk/privoxy.conf
2026-09-13 11:59:59,979 [INFO] Starte Privoxy als direkten Prozess mit RAM-Disk-Config...
2026-09-13 12:00:02,717 [INFO] [+] Privoxy erfolgreich gestartet (Hört auf 0.0.0.0:8118).
2026-09-13 12:00:02,718 [INFO] [Ausgabe] Aktiviere Windows-Systemproxy...
2026-09-13 12:00:02,718 [INFO] Setze Windows-Systemproxy auf 172.23.220.58:8118...
2026-09-13 12:00:04,247 [INFO] [+] Windows-Systemproxy erfolgreich aktiviert (172.23.220.58:8118).
2026-09-13 12:00:04,248 [INFO] [SUCCESS] Tor Suite ist aktiv!
2026-09-13 12:00:04,249 [INFO]  - Privoxy Proxy: 172.23.220.58:8118
2026-09-13 12:00:04,250 [INFO]  - Tor Relay ORPort: 8443
2026-09-13 12:00:04,250 [INFO]  - IP-Rotation: Alle 120 Sekunden
2026-09-13 12:00:04,251 [INFO]  - Spurenschutz: Aktive 256MB RAM-Disk (tmpfs) + nftables Kill-Switch
2026-09-13 12:00:38,274 [INFO] [Cleanup] Fahre Cyberdeck Tor Suite herunter...
2026-09-13 12:00:38,274 [INFO] Deaktiviere Windows-Systemproxy...
2026-09-13 12:00:39,105 [INFO] [+] Windows-Systemproxy erfolgreich deaktiviert.
2026-09-13 12:00:39,106 [INFO] Entferne temporäre Windows-Firewall-Regeln...
2026-09-13 12:00:41,999 [INFO] [+] Windows-Firewall-Regeln sauber gelöscht.
2026-09-13 12:00:42,022 [INFO] [+] DNS-Redirect-Tabelle erfolgreich entfernt.
2026-09-13 12:00:42,038 [INFO] [+] nftables Kill-Switch Tabelle erfolgreich gelöscht.
2026-09-13 12:00:42,041 [INFO] [+] Ursprüngliche /etc/resolv.conf wiederhergestellt.
2026-09-13 12:00:42,042 [INFO] Stoppe Privoxy-Dienst...
2026-09-13 12:00:42,042 [INFO] [+] Privoxy sauber beendet.
2026-09-13 12:00:42,043 [INFO] Stoppe Tor-Prozess und IP-Changer...
2026-09-13 12:00:42,164 [INFO] [+] Tor-Prozess sauber beendet.
2026-09-13 12:00:42,164 [INFO] Stoppe tor@default...
2026-09-13 12:00:42,170 [INFO] Prüfe auf verwaiste Tor-Prozesse und gebe Ports frei...
2026-09-13 12:00:42,680 [INFO] [+] tor@default beendet.
2026-09-13 12:00:42,680 [INFO] Unmounte RAM-Disk unter /mnt/tor_ramdisk...
2026-09-13 12:00:42,698 [INFO] [+] RAM-Disk sauber unmountet und Spuren beseitigt.
2026-09-13 12:00:42,699 [INFO] [+] Shutdown abgeschlossen. Sämtliche temporären Daten wurden aus dem RAM gelöscht.
2026-09-13 12:29:55,312 [INFO] [Vorbereitung] Entferne ggf. übrig gebliebenen Windows-Systemproxy (Stale-State)...
2026-09-13 12:29:55,313 [INFO] Deaktiviere Windows-Systemproxy...
2026-09-13 12:29:56,366 [INFO] [+] Windows-Systemproxy erfolgreich deaktiviert.
2026-09-13 12:29:56,367 [INFO] [Eingabe] Prüfe Systemvoraussetzungen...
2026-09-13 12:29:56,370 [INFO] [+] Systemcheck erfolgreich. WSL-IP ermittelt: 172.23.220.58
2026-09-13 12:29:56,371 [INFO] [Verarbeitung] Initialisiere 256MB RAM-Disk (tmpfs)...
2026-09-13 12:29:56,372 [INFO] Mounte 256MB tmpfs auf /mnt/tor_ramdisk...
2026-09-13 12:29:56,375 [INFO] [+] RAM-Disk erfolgreich gemountet.
2026-09-13 12:29:56,376 [INFO] [+] Unterstrukturen für Tor (/mnt/tor_ramdisk/tor_data) und Privoxy (/mnt/tor_ramdisk/privoxy) vorbereitet.
2026-09-13 12:29:56,376 [INFO] [Verarbeitung] Erzeuge dynamische Konfigurationsdateien in der RAM-Disk...
2026-09-13 12:29:57,426 [INFO] [+] Dynamische torrc erfolgreich in RAM-Disk erzeugt: /mnt/tor_ramdisk/torrc
2026-09-13 12:29:57,434 [INFO] [+] Privoxy user.action (Härtung) in RAM-Disk erzeugt: /mnt/tor_ramdisk/user.action
2026-09-13 12:29:57,434 [INFO] [+] Gehärtete Privoxy-Config in RAM-Disk erzeugt: /mnt/tor_ramdisk/privoxy.conf
2026-09-13 12:29:57,434 [INFO] [Verarbeitung] Wende strikte POSIX-Sicherheitsrechte an...
2026-09-13 12:29:57,435 [INFO] Setze strikte Dateirechte & erstelle Systempfade...
2026-09-13 12:29:57,436 [INFO] [+] Pfad /mnt/tor_ramdisk/torrc mit Rechte 0600 & User-UID 136 vorbereitet.
2026-09-13 12:29:57,436 [INFO] [Verarbeitung] Konfiguriere Windows Defender Firewall-Regeln...
2026-09-13 12:29:57,436 [INFO] Konfiguriere Windows-Firewall-Regeln für Ports 8118 (Privoxy) & 8443 (ORPort)...
2026-09-13 12:30:00,888 [INFO] [+] Firewall-Regeln erfolgreich gesetzt (8118 & 8443 TCP).
2026-09-13 12:30:00,888 [INFO] [Verarbeitung] Bereinige verwaiste Tor-Prozesse und aktiviere Tor-Dienst...
2026-09-13 12:30:00,889 [INFO] Stoppe System-Tor-Instanz (tor@default)...
2026-09-13 12:30:00,900 [INFO] Prüfe auf verwaiste Tor-Prozesse und gebe Ports frei...
2026-09-13 12:30:01,412 [INFO] [+] System-Tor gestoppt – Ports frei für den Suite-eigenen Tor (RAM-Disk).
2026-09-13 12:30:01,413 [INFO] [Verarbeitung] Starte Tor-Dienst und Stealth-Relay (warte auf Bootstrap 100%)...
2026-09-13 12:30:01,418 [INFO] [+] Dynamische torrc erfolgreich in RAM-Disk erzeugt: /mnt/tor_ramdisk/torrc
2026-09-13 12:30:01,420 [INFO] Starte Tor als direkten Prozess: tor -f /mnt/tor_ramdisk/torrc
2026-09-13 12:30:01,821 [INFO] Warte auf Tor-Bootstrap (kann bei europäischen Exit-Nodes einen Moment dauern)...
2026-09-13 12:30:21,628 [INFO] [+] Tor erfolgreich gestartet und zu 100% bootstrapped.
2026-09-13 12:30:21,629 [INFO] [*] IP-Changer gestartet (Rotation alle 120 Sekunden).
2026-09-13 12:30:21,634 [INFO] [Verarbeitung] Tor bootstrapped (100%) – aktiviere DNS-Leak-Schutz & Kill-Switch...
2026-09-13 12:30:21,639 [INFO] [+] /etc/resolv.conf gehärtet und auf lokalen Tor-DNS umgeleitet.
2026-09-13 12:30:21,693 [INFO] [+] DNS-Redirect aktiv: jeder Port-53-Aufruf -> Tor-DNSPort 5353 (kein DNS-Leak).
2026-09-13 12:30:21,700 [INFO] [+] nftables Kill-Switch aktiv (Exklusiver Outbound für Tor-UID 136, DNS-Port 5353).
2026-09-13 12:30:21,700 [INFO] [Verarbeitung] Starte gehärteten Privoxy-Proxy...
2026-09-13 12:30:21,709 [INFO] [+] Privoxy user.action (Härtung) in RAM-Disk erzeugt: /mnt/tor_ramdisk/user.action
2026-09-13 12:30:21,709 [INFO] [+] Gehärtete Privoxy-Config in RAM-Disk erzeugt: /mnt/tor_ramdisk/privoxy.conf
2026-09-13 12:30:21,710 [INFO] Starte Privoxy als direkten Prozess mit RAM-Disk-Config...
2026-09-13 12:30:23,212 [INFO] [+] Privoxy erfolgreich gestartet (Hört auf 0.0.0.0:8118).
2026-09-13 12:30:23,213 [INFO] [Ausgabe] Aktiviere Windows-Systemproxy...
2026-09-13 12:30:23,214 [INFO] Setze Windows-Systemproxy auf 172.23.220.58:8118...
2026-09-13 12:30:24,693 [INFO] [+] Windows-Systemproxy erfolgreich aktiviert (172.23.220.58:8118).
2026-09-13 12:30:24,694 [INFO] [SUCCESS] Tor Suite ist aktiv!
2026-09-13 12:30:24,694 [INFO]  - Privoxy Proxy: 172.23.220.58:8118
2026-09-13 12:30:24,695 [INFO]  - Tor Relay ORPort: 8443
2026-09-13 12:30:24,695 [INFO]  - IP-Rotation: Alle 120 Sekunden
2026-09-13 12:30:24,696 [INFO]  - Spurenschutz: Aktive 256MB RAM-Disk (tmpfs) + nftables Kill-Switch
2026-09-13 12:31:41,114 [INFO] [Cleanup] Fahre Cyberdeck Tor Suite herunter...
2026-09-13 12:31:41,115 [INFO] Deaktiviere Windows-Systemproxy...
2026-09-13 12:31:42,048 [INFO] [+] Windows-Systemproxy erfolgreich deaktiviert.
2026-09-13 12:31:42,048 [INFO] Entferne temporäre Windows-Firewall-Regeln...
2026-09-13 12:31:45,314 [INFO] [+] Windows-Firewall-Regeln sauber gelöscht.
2026-09-13 12:31:45,349 [INFO] [+] DNS-Redirect-Tabelle erfolgreich entfernt.
2026-09-13 12:31:45,381 [INFO] [+] nftables Kill-Switch Tabelle erfolgreich gelöscht.
2026-09-13 12:31:45,383 [INFO] [+] Ursprüngliche /etc/resolv.conf wiederhergestellt.
2026-09-13 12:31:45,383 [INFO] Stoppe Privoxy-Dienst...
2026-09-13 12:31:45,384 [INFO] [+] Privoxy sauber beendet.
2026-09-13 12:31:45,385 [INFO] Stoppe Tor-Prozess und IP-Changer...
2026-09-13 12:31:45,557 [INFO] [+] Tor-Prozess sauber beendet.
2026-09-13 12:31:45,557 [INFO] Stoppe tor@default...
2026-09-13 12:31:45,564 [INFO] Prüfe auf verwaiste Tor-Prozesse und gebe Ports frei...
2026-09-13 12:31:46,074 [INFO] [+] tor@default beendet.
2026-09-13 12:31:46,075 [INFO] Unmounte RAM-Disk unter /mnt/tor_ramdisk...
2026-09-13 12:31:46,094 [INFO] [+] RAM-Disk sauber unmountet und Spuren beseitigt.
2026-09-13 12:31:46,095 [INFO] [+] Shutdown abgeschlossen. Sämtliche temporären Daten wurden aus dem RAM gelöscht.
2026-09-13 15:25:23,499 [INFO] [Vorbereitung] Entferne ggf. übrig gebliebenen Windows-Systemproxy (Stale-State)...
2026-09-13 15:25:23,500 [INFO] Deaktiviere Windows-Systemproxy...
2026-09-13 15:25:24,583 [INFO] [+] Windows-Systemproxy erfolgreich deaktiviert.
2026-09-13 15:25:24,584 [INFO] [Eingabe] Prüfe Systemvoraussetzungen...
2026-09-13 15:25:24,587 [INFO] [+] Systemcheck erfolgreich. WSL-IP ermittelt: 172.23.220.58
2026-09-13 15:25:24,588 [INFO] [Verarbeitung] Initialisiere 256MB RAM-Disk (tmpfs)...
2026-09-13 15:25:24,589 [INFO] Mounte 256MB tmpfs auf /mnt/tor_ramdisk...
2026-09-13 15:25:24,591 [INFO] [+] RAM-Disk erfolgreich gemountet.
2026-09-13 15:25:24,593 [INFO] [+] Unterstrukturen für Tor (/mnt/tor_ramdisk/tor_data) und Privoxy (/mnt/tor_ramdisk/privoxy) vorbereitet.
2026-09-13 15:25:24,593 [INFO] [Verarbeitung] Erzeuge dynamische Konfigurationsdateien in der RAM-Disk...
2026-09-13 15:25:25,643 [INFO] [+] Dynamische torrc erfolgreich in RAM-Disk erzeugt: /mnt/tor_ramdisk/torrc
2026-09-13 15:25:25,652 [INFO] [+] Privoxy user.action (Härtung) in RAM-Disk erzeugt: /mnt/tor_ramdisk/user.action
2026-09-13 15:25:25,653 [INFO] [+] Gehärtete Privoxy-Config in RAM-Disk erzeugt: /mnt/tor_ramdisk/privoxy.conf
2026-09-13 15:25:25,653 [INFO] [Verarbeitung] Wende strikte POSIX-Sicherheitsrechte an...
2026-09-13 15:25:25,654 [INFO] Setze strikte Dateirechte & erstelle Systempfade...
2026-09-13 15:25:25,654 [INFO] [+] Pfad /mnt/tor_ramdisk/torrc mit Rechte 0600 & User-UID 136 vorbereitet.
2026-09-13 15:25:25,655 [INFO] [Verarbeitung] Konfiguriere Windows Defender Firewall-Regeln...
2026-09-13 15:25:25,655 [INFO] Konfiguriere Windows-Firewall-Regeln für Ports 8118 (Privoxy) & 8443 (ORPort)...
2026-09-13 15:25:29,356 [INFO] [+] Firewall-Regeln erfolgreich gesetzt (8118 & 8443 TCP).
2026-09-13 15:25:29,357 [INFO] [Verarbeitung] Bereinige verwaiste Tor-Prozesse und aktiviere Tor-Dienst...
2026-09-13 15:25:29,358 [INFO] Stoppe System-Tor-Instanz (tor@default)...
2026-09-13 15:25:29,365 [INFO] Prüfe auf verwaiste Tor-Prozesse und gebe Ports frei...
2026-09-13 15:25:29,877 [INFO] [+] System-Tor gestoppt – Ports frei für den Suite-eigenen Tor (RAM-Disk).
2026-09-13 15:25:29,878 [INFO] [Verarbeitung] Starte Tor-Dienst und Stealth-Relay (warte auf Bootstrap 100%)...
2026-09-13 15:25:29,882 [INFO] [+] Dynamische torrc erfolgreich in RAM-Disk erzeugt: /mnt/tor_ramdisk/torrc
2026-09-13 15:25:29,885 [INFO] Starte Tor als direkten Prozess: tor -f /mnt/tor_ramdisk/torrc
2026-09-13 15:25:31,886 [INFO] Warte auf Tor-Bootstrap (kann bei europäischen Exit-Nodes einen Moment dauern)...
2026-09-13 15:25:56,535 [INFO] [+] Tor erfolgreich gestartet und zu 100% bootstrapped.
2026-09-13 15:25:56,536 [INFO] [*] IP-Changer gestartet (Rotation alle 120 Sekunden).
2026-09-13 15:25:56,542 [INFO] [Verarbeitung] Tor bootstrapped (100%) – aktiviere DNS-Leak-Schutz & Kill-Switch...
2026-09-13 15:25:56,546 [INFO] [+] /etc/resolv.conf gehärtet und auf lokalen Tor-DNS umgeleitet.
2026-09-13 15:25:56,597 [INFO] [+] DNS-Redirect aktiv: jeder Port-53-Aufruf -> Tor-DNSPort 5353 (kein DNS-Leak).
2026-09-13 15:25:56,605 [INFO] [+] nftables Kill-Switch aktiv (Exklusiver Outbound für Tor-UID 136, DNS-Port 5353).
2026-09-13 15:25:56,605 [INFO] [Verarbeitung] Starte gehärteten Privoxy-Proxy...
2026-09-13 15:25:56,613 [INFO] [+] Privoxy user.action (Härtung) in RAM-Disk erzeugt: /mnt/tor_ramdisk/user.action
2026-09-13 15:25:56,614 [INFO] [+] Gehärtete Privoxy-Config in RAM-Disk erzeugt: /mnt/tor_ramdisk/privoxy.conf
2026-09-13 15:25:56,614 [INFO] Starte Privoxy als direkten Prozess mit RAM-Disk-Config...
2026-09-13 15:25:58,117 [INFO] [+] Privoxy erfolgreich gestartet (Hört auf 0.0.0.0:8118).
2026-09-13 15:25:58,117 [INFO] [Ausgabe] Aktiviere Windows-Systemproxy...
2026-09-13 15:25:58,118 [INFO] Setze Windows-Systemproxy auf 172.23.220.58:8118...
2026-09-13 15:25:59,058 [INFO] [+] Windows-Systemproxy erfolgreich aktiviert (172.23.220.58:8118).
2026-09-13 15:25:59,059 [INFO] [SUCCESS] Tor Suite ist aktiv!
2026-09-13 15:25:59,060 [INFO]  - Privoxy Proxy: 172.23.220.58:8118
2026-09-13 15:25:59,061 [INFO]  - Tor Relay ORPort: 8443
2026-09-13 15:25:59,061 [INFO]  - IP-Rotation: Alle 120 Sekunden
2026-09-13 15:25:59,062 [INFO]  - Spurenschutz: Aktive 256MB RAM-Disk (tmpfs) + nftables Kill-Switch
2026-09-13 15:26:11,736 [INFO] [Cleanup] Fahre Cyberdeck Tor Suite herunter...
2026-09-13 15:26:11,737 [INFO] Deaktiviere Windows-Systemproxy...
2026-09-13 15:26:12,661 [INFO] [+] Windows-Systemproxy erfolgreich deaktiviert.
2026-09-13 15:26:12,661 [INFO] Entferne temporäre Windows-Firewall-Regeln...
2026-09-13 15:26:15,821 [INFO] [+] Windows-Firewall-Regeln sauber gelöscht.
2026-09-13 15:26:15,854 [INFO] [+] DNS-Redirect-Tabelle erfolgreich entfernt.
2026-09-13 15:26:15,877 [INFO] [+] nftables Kill-Switch Tabelle erfolgreich gelöscht.
2026-09-13 15:26:15,879 [INFO] [+] Ursprüngliche /etc/resolv.conf wiederhergestellt.
2026-09-13 15:26:15,880 [INFO] Stoppe Privoxy-Dienst...
2026-09-13 15:26:15,881 [INFO] [+] Privoxy sauber beendet.
2026-09-13 15:26:15,881 [INFO] Stoppe Tor-Prozess und IP-Changer...
2026-09-13 15:26:16,002 [INFO] [+] Tor-Prozess sauber beendet.
2026-09-13 15:26:16,003 [INFO] Stoppe tor@default...
2026-09-13 15:26:16,009 [INFO] Prüfe auf verwaiste Tor-Prozesse und gebe Ports frei...
2026-09-13 15:26:16,519 [INFO] [+] tor@default beendet.
2026-09-13 15:26:16,520 [INFO] Unmounte RAM-Disk unter /mnt/tor_ramdisk...
2026-09-13 15:26:16,539 [INFO] [+] RAM-Disk sauber unmountet und Spuren beseitigt.
2026-09-13 15:26:16,540 [INFO] [+] Shutdown abgeschlossen. Sämtliche temporären Daten wurden aus dem RAM gelöscht.
2026-09-13 15:47:46,096 [INFO] [Vorbereitung] Entferne ggf. übrig gebliebenen Windows-Systemproxy (Stale-State)...
2026-09-13 15:47:46,097 [INFO] Deaktiviere Windows-Systemproxy...
2026-09-13 15:47:47,301 [INFO] [+] Windows-Systemproxy erfolgreich deaktiviert & System-Settings aktualisiert.
2026-09-13 15:47:47,302 [INFO] [Eingabe] Prüfe Systemvoraussetzungen...
2026-09-13 15:47:47,307 [INFO] [+] Systemcheck erfolgreich. WSL-IP ermittelt: 172.23.220.58
2026-09-13 15:47:47,308 [INFO] [Verarbeitung] Initialisiere 256MB RAM-Disk (tmpfs)...
2026-09-13 15:47:47,310 [INFO] Mounte 256MB tmpfs auf /mnt/tor_ramdisk...
2026-09-13 15:47:47,313 [INFO] [+] RAM-Disk erfolgreich gemountet.
2026-09-13 15:47:47,314 [INFO] [+] Unterstrukturen für Tor (/mnt/tor_ramdisk/tor_data) und Privoxy (/mnt/tor_ramdisk/privoxy) vorbereitet.
2026-09-13 15:47:47,314 [INFO] [Verarbeitung] Erzeuge dynamische Konfigurationsdateien in der RAM-Disk...
2026-09-13 15:47:48,345 [INFO] [+] Dynamische torrc erfolgreich in RAM-Disk erzeugt: /mnt/tor_ramdisk/torrc
2026-09-13 15:47:48,354 [INFO] [+] Privoxy user.action (Härtung) in RAM-Disk erzeugt: /mnt/tor_ramdisk/user.action
2026-09-13 15:47:48,354 [INFO] [+] Gehärtete Privoxy-Config in RAM-Disk erzeugt: /mnt/tor_ramdisk/privoxy.conf
2026-09-13 15:47:48,355 [INFO] [Verarbeitung] Wende strikte POSIX-Sicherheitsrechte an...
2026-09-13 15:47:48,355 [INFO] Setze strikte Dateirechte & erstelle Systempfade...
2026-09-13 15:47:48,356 [INFO] [+] Pfad /mnt/tor_ramdisk/torrc mit Rechte 0600 & User-UID 136 vorbereitet.
2026-09-13 15:47:48,356 [INFO] [Verarbeitung] Konfiguriere Windows Defender Firewall-Regeln...
2026-09-13 15:47:48,357 [INFO] Konfiguriere Windows-Firewall-Regeln für Ports 8118 (Privoxy) & 8443 (ORPort)...
2026-09-13 15:47:51,645 [INFO] [+] Firewall-Regeln erfolgreich gesetzt (8118 & 8443 TCP).
2026-09-13 15:47:51,646 [INFO] [Verarbeitung] Bereinige verwaiste Tor-Prozesse und aktiviere Tor-Dienst...
2026-09-13 15:47:51,647 [INFO] Stoppe System-Tor-Instanz (tor@default)...
2026-09-13 15:47:51,655 [INFO] Prüfe auf verwaiste Tor-Prozesse und gebe Ports frei...
2026-09-13 15:47:52,166 [INFO] [+] System-Tor gestoppt – Ports frei für den Suite-eigenen Tor (RAM-Disk).
2026-09-13 15:47:52,167 [INFO] [Verarbeitung] Starte Tor-Dienst und Stealth-Relay (warte auf Bootstrap 100%)...
2026-09-13 15:47:52,172 [INFO] [+] Dynamische torrc erfolgreich in RAM-Disk erzeugt: /mnt/tor_ramdisk/torrc
2026-09-13 15:47:52,174 [INFO] Starte Tor als direkten Prozess: tor -f /mnt/tor_ramdisk/torrc
2026-09-13 15:47:54,175 [INFO] Warte auf Tor-Bootstrap (kann bei europäischen Exit-Nodes einen Moment dauern)...
2026-09-13 15:48:05,083 [INFO] [+] Tor erfolgreich gestartet und zu 100% bootstrapped.
2026-09-13 15:48:05,084 [INFO] [*] IP-Changer gestartet (Rotation alle 120 Sekunden).
2026-09-13 15:48:05,090 [INFO] [Verarbeitung] Tor bootstrapped (100%) – aktiviere DNS-Leak-Schutz & Kill-Switch...
2026-09-13 15:48:05,094 [INFO] [+] /etc/resolv.conf gehärtet und auf lokalen Tor-DNS umgeleitet.
2026-09-13 15:48:05,103 [INFO] [+] DNS-Redirect aktiv: jeder Port-53-Aufruf -> Tor-DNSPort 5353 (kein DNS-Leak).
2026-09-13 15:48:05,108 [INFO] [+] nftables Kill-Switch aktiv (Exklusiver Outbound für Tor-UID 136, DNS-Port 5353).
2026-09-13 15:48:05,109 [INFO] [Verarbeitung] Starte gehärteten Privoxy-Proxy...
2026-09-13 15:48:05,115 [INFO] [+] Privoxy user.action (Härtung) in RAM-Disk erzeugt: /mnt/tor_ramdisk/user.action
2026-09-13 15:48:05,116 [INFO] [+] Gehärtete Privoxy-Config in RAM-Disk erzeugt: /mnt/tor_ramdisk/privoxy.conf
2026-09-13 15:48:05,116 [INFO] Starte Privoxy als direkten Prozess mit RAM-Disk-Config...
2026-09-13 15:48:06,619 [INFO] [+] Privoxy erfolgreich gestartet (Hört auf 0.0.0.0:8118).
2026-09-13 15:48:06,619 [INFO] [Ausgabe] Aktiviere Windows-Systemproxy...
2026-09-13 15:48:06,620 [INFO] Setze Windows-Systemproxy auf 172.23.220.58:8118...
2026-09-13 15:48:08,404 [INFO] [+] Windows-Systemproxy erfolgreich aktiviert (172.23.220.58:8118) mit Instant-WinINet-Refresh.
2026-09-13 15:48:08,405 [INFO] [SUCCESS] Tor Suite ist aktiv!
2026-09-13 15:48:08,406 [INFO]  - Privoxy Proxy: 172.23.220.58:8118
2026-09-13 15:48:08,406 [INFO]  - Tor Relay ORPort: 8443
2026-09-13 15:48:08,408 [INFO]  - IP-Rotation: Alle 120 Sekunden
2026-09-13 15:48:08,408 [INFO]  - Spurenschutz: Aktive 256MB RAM-Disk (tmpfs) + nftables Kill-Switch
2026-09-13 15:48:15,965 [INFO] [Cleanup] Fahre Cyberdeck Tor Suite herunter...
2026-09-13 15:48:15,966 [INFO] Deaktiviere Windows-Systemproxy...
2026-09-13 15:48:17,123 [INFO] [+] Windows-Systemproxy erfolgreich deaktiviert & System-Settings aktualisiert.
2026-09-13 15:48:17,124 [INFO] Entferne temporäre Windows-Firewall-Regeln...
2026-09-13 15:48:20,203 [INFO] [+] Windows-Firewall-Regeln sauber gelöscht.
2026-09-13 15:48:20,226 [INFO] [+] DNS-Redirect-Tabelle erfolgreich entfernt.
2026-09-13 15:48:20,250 [INFO] [+] nftables Kill-Switch Tabelle erfolgreich gelöscht.
2026-09-13 15:48:20,252 [INFO] [+] Ursprüngliche /etc/resolv.conf wiederhergestellt.
2026-09-13 15:48:20,253 [INFO] Stoppe Privoxy-Dienst...
2026-09-13 15:48:20,254 [INFO] [+] Privoxy sauber beendet.
2026-09-13 15:48:20,255 [INFO] Stoppe Tor-Prozess und IP-Changer...
2026-09-13 15:48:20,376 [INFO] [+] Tor-Prozess sauber beendet.
2026-09-13 15:48:20,377 [INFO] Stoppe tor@default...
2026-09-13 15:48:20,384 [INFO] Prüfe auf verwaiste Tor-Prozesse und gebe Ports frei...
2026-09-13 15:48:20,895 [INFO] [+] tor@default beendet.
2026-09-13 15:48:20,896 [INFO] Unmounte RAM-Disk unter /mnt/tor_ramdisk...
2026-09-13 15:48:20,915 [INFO] [+] RAM-Disk sauber unmountet und Spuren beseitigt.
2026-09-13 15:48:20,915 [INFO] [+] Shutdown abgeschlossen. Sämtliche temporären Daten wurden aus dem RAM gelöscht.
2026-09-13 15:54:32,979 [INFO] [Vorbereitung] Entferne ggf. übrig gebliebenen Windows-Systemproxy (Stale-State)...
2026-09-13 15:54:32,979 [INFO] Deaktiviere Windows-Systemproxy...
2026-09-13 15:54:34,159 [INFO] [+] Windows-Systemproxy erfolgreich deaktiviert & System-Settings aktualisiert.
2026-09-13 15:54:34,160 [INFO] [Eingabe] Prüfe Systemvoraussetzungen...
2026-09-13 15:54:34,166 [INFO] [+] Systemcheck erfolgreich. WSL-IP ermittelt: 172.23.220.58
2026-09-13 15:54:34,167 [INFO] [Verarbeitung] Initialisiere 256MB RAM-Disk (tmpfs)...
2026-09-13 15:54:34,168 [INFO] Mounte 256MB tmpfs auf /mnt/tor_ramdisk...
2026-09-13 15:54:34,171 [INFO] [+] RAM-Disk erfolgreich gemountet.
2026-09-13 15:54:34,173 [INFO] [+] Unterstrukturen für Tor (/mnt/tor_ramdisk/tor_data) und Privoxy (/mnt/tor_ramdisk/privoxy) vorbereitet.
2026-09-13 15:54:34,173 [INFO] [Verarbeitung] Erzeuge dynamische Konfigurationsdateien in der RAM-Disk...
2026-09-13 15:54:35,204 [INFO] [+] Dynamische torrc erfolgreich in RAM-Disk erzeugt: /mnt/tor_ramdisk/torrc
2026-09-13 15:54:35,213 [INFO] [+] Privoxy user.action (Härtung) in RAM-Disk erzeugt: /mnt/tor_ramdisk/user.action
2026-09-13 15:54:35,214 [INFO] [+] Gehärtete Privoxy-Config in RAM-Disk erzeugt: /mnt/tor_ramdisk/privoxy.conf
2026-09-13 15:54:35,214 [INFO] [Verarbeitung] Wende strikte POSIX-Sicherheitsrechte an...
2026-09-13 15:54:35,215 [INFO] Setze strikte Dateirechte & erstelle Systempfade...
2026-09-13 15:54:35,216 [INFO] [+] Pfad /mnt/tor_ramdisk/torrc mit Rechte 0600 & User-UID 136 vorbereitet.
2026-09-13 15:54:35,216 [INFO] [Verarbeitung] Konfiguriere Windows Defender Firewall-Regeln...
2026-09-13 15:54:35,216 [INFO] Konfiguriere Windows-Firewall-Regeln für Ports 8118 (Privoxy) & 8443 (ORPort)...
2026-09-13 15:54:38,507 [INFO] [+] Firewall-Regeln erfolgreich gesetzt (8118 & 8443 TCP).
2026-09-13 15:54:38,509 [INFO] [Verarbeitung] Bereinige verwaiste Tor-Prozesse und aktiviere Tor-Dienst...
2026-09-13 15:54:38,509 [INFO] Stoppe System-Tor-Instanz (tor@default)...
2026-09-13 15:54:38,517 [INFO] Prüfe auf verwaiste Tor-Prozesse und gebe Ports frei...
2026-09-13 15:54:39,028 [INFO] [+] System-Tor gestoppt – Ports frei für den Suite-eigenen Tor (RAM-Disk).
2026-09-13 15:54:39,029 [INFO] [Verarbeitung] Starte Tor-Dienst und Stealth-Relay (warte auf Bootstrap 100%)...
2026-09-13 15:54:39,034 [INFO] [+] Dynamische torrc erfolgreich in RAM-Disk erzeugt: /mnt/tor_ramdisk/torrc
2026-09-13 15:54:39,036 [INFO] Starte Tor als direkten Prozess: tor -f /mnt/tor_ramdisk/torrc
2026-09-13 15:54:41,037 [INFO] Warte auf Tor-Bootstrap (kann bei europäischen Exit-Nodes einen Moment dauern)...
2026-09-13 15:54:48,946 [INFO] [+] Tor erfolgreich gestartet und zu 100% bootstrapped.
2026-09-13 15:54:48,947 [INFO] [*] IP-Changer gestartet (Rotation alle 120 Sekunden).
2026-09-13 15:54:48,953 [INFO] [Verarbeitung] Tor bootstrapped (100%) – aktiviere DNS-Leak-Schutz & Kill-Switch...
2026-09-13 15:54:48,957 [INFO] [+] /etc/resolv.conf gehärtet und auf lokalen Tor-DNS umgeleitet.
2026-09-13 15:54:48,970 [INFO] [+] DNS-Redirect aktiv: jeder Port-53-Aufruf -> Tor-DNSPort 5353 (kein DNS-Leak).
2026-09-13 15:54:48,974 [INFO] [+] nftables Kill-Switch aktiv (Exklusiver Outbound für Tor-UID 136, DNS-Port 5353).
2026-09-13 15:54:48,975 [INFO] [Verarbeitung] Starte gehärteten Privoxy-Proxy...
2026-09-13 15:54:48,984 [INFO] [+] Privoxy user.action (Härtung) in RAM-Disk erzeugt: /mnt/tor_ramdisk/user.action
2026-09-13 15:54:48,984 [INFO] [+] Gehärtete Privoxy-Config in RAM-Disk erzeugt: /mnt/tor_ramdisk/privoxy.conf
2026-09-13 15:54:48,985 [INFO] Starte Privoxy als direkten Prozess mit RAM-Disk-Config...
2026-09-13 15:54:50,487 [INFO] [+] Privoxy erfolgreich gestartet (Hört auf 0.0.0.0:8118).
2026-09-13 15:54:50,488 [INFO] [Ausgabe] Aktiviere Windows-Systemproxy...
2026-09-13 15:54:50,489 [INFO] Setze Windows-Systemproxy auf 172.23.220.58:8118...
2026-09-13 15:54:52,266 [INFO] [+] Windows-Systemproxy erfolgreich aktiviert (172.23.220.58:8118) mit Instant-WinINet-Refresh.
2026-09-13 15:54:52,267 [INFO] [SUCCESS] Tor Suite ist aktiv!
2026-09-13 15:54:52,268 [INFO]  - Privoxy Proxy: 172.23.220.58:8118
2026-09-13 15:54:52,268 [INFO]  - Tor Relay ORPort: 8443
2026-09-13 15:54:52,269 [INFO]  - IP-Rotation: Alle 120 Sekunden
2026-09-13 15:54:52,269 [INFO]  - Spurenschutz: Aktive 256MB RAM-Disk (tmpfs) + nftables Kill-Switch
2026-09-13 15:55:05,756 [INFO] [Cleanup] Fahre Cyberdeck Tor Suite herunter...
2026-09-13 15:55:05,757 [INFO] Deaktiviere Windows-Systemproxy...
2026-09-13 15:55:06,898 [INFO] [+] Windows-Systemproxy erfolgreich deaktiviert & System-Settings aktualisiert.
2026-09-13 15:55:06,899 [INFO] Entferne temporäre Windows-Firewall-Regeln...
2026-09-13 15:55:09,982 [INFO] [+] Windows-Firewall-Regeln sauber gelöscht.
2026-09-13 15:55:10,006 [INFO] [+] DNS-Redirect-Tabelle erfolgreich entfernt.
2026-09-13 15:55:10,034 [INFO] [+] nftables Kill-Switch Tabelle erfolgreich gelöscht.
2026-09-13 15:55:10,036 [INFO] [+] Ursprüngliche /etc/resolv.conf wiederhergestellt.
2026-09-13 15:55:10,036 [INFO] Stoppe Privoxy-Dienst...
2026-09-13 15:55:10,037 [INFO] [+] Privoxy sauber beendet.
2026-09-13 15:55:10,038 [INFO] Stoppe Tor-Prozess und IP-Changer...
2026-09-13 15:55:11,025 [INFO] [+] Tor-Prozess sauber beendet.
2026-09-13 15:55:11,026 [INFO] Stoppe tor@default...
2026-09-13 15:55:11,033 [INFO] Prüfe auf verwaiste Tor-Prozesse und gebe Ports frei...
2026-09-13 15:55:11,542 [INFO] [+] tor@default beendet.
2026-09-13 15:55:11,543 [INFO] Unmounte RAM-Disk unter /mnt/tor_ramdisk...
2026-09-13 15:55:11,554 [INFO] [+] RAM-Disk sauber unmountet und Spuren beseitigt.
2026-09-13 15:55:11,554 [INFO] [+] Shutdown abgeschlossen. Sämtliche temporären Daten wurden aus dem RAM gelöscht.
2026-09-13 15:59:25,251 [INFO] [Vorbereitung] Entferne ggf. übrig gebliebenen Windows-Systemproxy (Stale-State)...
2026-09-13 15:59:25,251 [INFO] Deaktiviere Windows-Systemproxy...
2026-09-13 15:59:26,443 [INFO] [+] Windows-Systemproxy erfolgreich deaktiviert & System-Settings aktualisiert.
2026-09-13 15:59:26,444 [INFO] [Eingabe] Prüfe Systemvoraussetzungen...
2026-09-13 15:59:26,451 [INFO] [+] Systemcheck erfolgreich. WSL-IP ermittelt: 172.23.220.58
2026-09-13 15:59:26,452 [INFO] [Verarbeitung] Initialisiere 256MB RAM-Disk (tmpfs)...
2026-09-13 15:59:26,453 [INFO] Mounte 256MB tmpfs auf /mnt/tor_ramdisk...
2026-09-13 15:59:26,456 [INFO] [+] RAM-Disk erfolgreich gemountet.
2026-09-13 15:59:26,457 [INFO] [+] Unterstrukturen für Tor (/mnt/tor_ramdisk/tor_data) und Privoxy (/mnt/tor_ramdisk/privoxy) vorbereitet.
2026-09-13 15:59:26,457 [INFO] [Verarbeitung] Erzeuge dynamische Konfigurationsdateien in der RAM-Disk...
2026-09-13 15:59:27,490 [INFO] [+] Dynamische torrc erfolgreich in RAM-Disk erzeugt: /mnt/tor_ramdisk/torrc
2026-09-13 15:59:27,498 [INFO] [+] Privoxy user.action (Härtung) in RAM-Disk erzeugt: /mnt/tor_ramdisk/user.action
2026-09-13 15:59:27,499 [INFO] [+] Gehärtete Privoxy-Config in RAM-Disk erzeugt: /mnt/tor_ramdisk/privoxy.conf
2026-09-13 15:59:27,499 [INFO] [Verarbeitung] Wende strikte POSIX-Sicherheitsrechte an...
2026-09-13 15:59:27,500 [INFO] Setze strikte Dateirechte & erstelle Systempfade...
2026-09-13 15:59:27,501 [INFO] [+] Pfad /mnt/tor_ramdisk/torrc mit Rechte 0600 & User-UID 136 vorbereitet.
2026-09-13 15:59:27,501 [INFO] [Verarbeitung] Konfiguriere Windows Defender Firewall-Regeln...
2026-09-13 15:59:27,501 [INFO] Konfiguriere Windows-Firewall-Regeln für Ports 8118 (Privoxy) & 8443 (ORPort)...
2026-09-13 15:59:30,847 [INFO] [+] Firewall-Regeln erfolgreich gesetzt (8118 & 8443 TCP).
2026-09-13 15:59:30,854 [INFO] [Verarbeitung] Bereinige verwaiste Tor-Prozesse und aktiviere Tor-Dienst...
2026-09-13 15:59:30,855 [INFO] Stoppe System-Tor-Instanz (tor@default)...
2026-09-13 15:59:30,863 [INFO] Prüfe auf verwaiste Tor-Prozesse und gebe Ports frei...
2026-09-13 15:59:31,374 [INFO] [+] System-Tor gestoppt – Ports frei für den Suite-eigenen Tor (RAM-Disk).
2026-09-13 15:59:31,374 [INFO] [Verarbeitung] Starte Tor-Dienst und Stealth-Relay (warte auf Bootstrap 100%)...
2026-09-13 15:59:31,379 [INFO] [+] Dynamische torrc erfolgreich in RAM-Disk erzeugt: /mnt/tor_ramdisk/torrc
2026-09-13 15:59:31,381 [INFO] Starte Tor als direkten Prozess: tor -f /mnt/tor_ramdisk/torrc
2026-09-13 15:59:33,382 [INFO] Warte auf Tor-Bootstrap (kann bei europäischen Exit-Nodes einen Moment dauern)...
2026-09-13 15:59:43,669 [INFO] [+] Tor erfolgreich gestartet und zu 100% bootstrapped.
2026-09-13 15:59:43,669 [INFO] [*] IP-Changer gestartet (Rotation alle 120 Sekunden).
2026-09-13 15:59:43,675 [INFO] [Verarbeitung] Tor bootstrapped (100%) – aktiviere DNS-Leak-Schutz & Kill-Switch...
2026-09-13 15:59:43,679 [INFO] [+] /etc/resolv.conf gehärtet und auf lokalen Tor-DNS umgeleitet.
2026-09-13 15:59:43,690 [INFO] [+] DNS-Redirect aktiv: jeder Port-53-Aufruf -> Tor-DNSPort 5353 (kein DNS-Leak).
2026-09-13 15:59:43,694 [INFO] [+] nftables Kill-Switch aktiv (Exklusiver Outbound für Tor-UID 136, DNS-Port 5353).
2026-09-13 15:59:43,695 [INFO] [Verarbeitung] Starte gehärteten Privoxy-Proxy...
2026-09-13 15:59:43,703 [INFO] [+] Privoxy user.action (Härtung) in RAM-Disk erzeugt: /mnt/tor_ramdisk/user.action
2026-09-13 15:59:43,703 [INFO] [+] Gehärtete Privoxy-Config in RAM-Disk erzeugt: /mnt/tor_ramdisk/privoxy.conf
2026-09-13 15:59:43,703 [INFO] Starte Privoxy als direkten Prozess mit RAM-Disk-Config...
2026-09-13 15:59:45,206 [INFO] [+] Privoxy erfolgreich gestartet (Hört auf 0.0.0.0:8118).
2026-09-13 15:59:45,207 [INFO] [Ausgabe] Aktiviere Windows-Systemproxy...
2026-09-13 15:59:45,208 [INFO] Setze Windows-Systemproxy auf 172.23.220.58:8118...
2026-09-13 15:59:47,007 [INFO] [+] Windows-Systemproxy erfolgreich aktiviert (172.23.220.58:8118) mit Instant-WinINet-Refresh.
2026-09-13 15:59:47,008 [INFO] [SUCCESS] Tor Suite ist aktiv!
2026-09-13 15:59:47,008 [INFO]  - Privoxy Proxy: 172.23.220.58:8118
2026-09-13 15:59:47,009 [INFO]  - Tor Relay ORPort: 8443
2026-09-13 15:59:47,009 [INFO]  - IP-Rotation: Alle 120 Sekunden
2026-09-13 15:59:47,010 [INFO]  - Spurenschutz: Aktive 256MB RAM-Disk (tmpfs) + nftables Kill-Switch
2026-09-13 16:00:12,485 [INFO] [Cleanup] Fahre Cyberdeck Tor Suite herunter...
2026-09-13 16:00:12,485 [INFO] Deaktiviere Windows-Systemproxy...
2026-09-13 16:00:13,694 [INFO] [+] Windows-Systemproxy erfolgreich deaktiviert & System-Settings aktualisiert.
2026-09-13 16:00:13,698 [INFO] Entferne temporäre Windows-Firewall-Regeln...
2026-09-13 16:00:16,943 [INFO] [+] Windows-Firewall-Regeln sauber gelöscht.
2026-09-13 16:00:16,951 [INFO] [+] DNS-Redirect-Tabelle erfolgreich entfernt.
2026-09-13 16:00:16,975 [INFO] [+] nftables Kill-Switch Tabelle erfolgreich gelöscht.
2026-09-13 16:00:16,977 [INFO] [+] Ursprüngliche /etc/resolv.conf wiederhergestellt.
2026-09-13 16:00:16,978 [INFO] Stoppe Privoxy-Dienst...
2026-09-13 16:00:16,979 [INFO] [+] Privoxy sauber beendet.
2026-09-13 16:00:16,979 [INFO] Stoppe Tor-Prozess und IP-Changer...
2026-09-13 16:00:17,850 [INFO] [+] Tor-Prozess sauber beendet.
2026-09-13 16:00:17,851 [INFO] Stoppe tor@default...
2026-09-13 16:00:17,857 [INFO] Prüfe auf verwaiste Tor-Prozesse und gebe Ports frei...
2026-09-13 16:00:18,370 [INFO] [+] tor@default beendet.
2026-09-13 16:00:18,371 [INFO] Unmounte RAM-Disk unter /mnt/tor_ramdisk...
2026-09-13 16:00:18,389 [INFO] [+] RAM-Disk sauber unmountet und Spuren beseitigt.
2026-09-13 16:00:18,389 [INFO] [+] Shutdown abgeschlossen. Sämtliche temporären Daten wurden aus dem RAM gelöscht.
2026-09-13 16:04:36,299 [INFO] [Vorbereitung] Entferne ggf. übrig gebliebenen Windows-Systemproxy (Stale-State)...
2026-09-13 16:04:36,300 [INFO] Deaktiviere Windows-Systemproxy...
2026-09-13 16:04:37,650 [INFO] [+] Windows-Systemproxy erfolgreich deaktiviert & System-Settings aktualisiert.
2026-09-13 16:04:37,651 [INFO] [Eingabe] Prüfe Systemvoraussetzungen...
2026-09-13 16:04:37,658 [INFO] [+] Systemcheck erfolgreich. WSL-IP ermittelt: 172.23.220.58
2026-09-13 16:04:37,659 [INFO] [Verarbeitung] Initialisiere 256MB RAM-Disk (tmpfs)...
2026-09-13 16:04:37,660 [INFO] Mounte 256MB tmpfs auf /mnt/tor_ramdisk...
2026-09-13 16:04:37,664 [INFO] [+] RAM-Disk erfolgreich gemountet.
2026-09-13 16:04:37,665 [INFO] [+] Unterstrukturen für Tor (/mnt/tor_ramdisk/tor_data) und Privoxy (/mnt/tor_ramdisk/privoxy) vorbereitet.
2026-09-13 16:04:37,666 [INFO] [Verarbeitung] Erzeuge dynamische Konfigurationsdateien in der RAM-Disk...
2026-09-13 16:04:38,738 [INFO] [+] Dynamische torrc erfolgreich in RAM-Disk erzeugt: /mnt/tor_ramdisk/torrc
2026-09-13 16:04:38,747 [INFO] [+] Privoxy user.action (Härtung) in RAM-Disk erzeugt: /mnt/tor_ramdisk/user.action
2026-09-13 16:04:38,748 [INFO] [+] Gehärtete Privoxy-Config in RAM-Disk erzeugt: /mnt/tor_ramdisk/privoxy.conf
2026-09-13 16:04:38,748 [INFO] [Verarbeitung] Wende strikte POSIX-Sicherheitsrechte an...
2026-09-13 16:04:38,749 [INFO] Setze strikte Dateirechte & erstelle Systempfade...
2026-09-13 16:04:38,750 [INFO] [+] Pfad /mnt/tor_ramdisk/torrc mit Rechte 0600 & User-UID 136 vorbereitet.
2026-09-13 16:04:38,750 [INFO] [Verarbeitung] Konfiguriere Windows Defender Firewall-Regeln...
2026-09-13 16:04:38,750 [INFO] Konfiguriere Windows-Firewall-Regeln für Ports 8118 (Privoxy) & 8443 (ORPort)...
2026-09-13 16:04:42,169 [INFO] [+] Firewall-Regeln erfolgreich gesetzt (8118 & 8443 TCP).
2026-09-13 16:04:42,170 [INFO] [Verarbeitung] Bereinige verwaiste Tor-Prozesse und aktiviere Tor-Dienst...
2026-09-13 16:04:42,170 [INFO] Stoppe System-Tor-Instanz (tor@default)...
2026-09-13 16:04:42,181 [INFO] Prüfe auf verwaiste Tor-Prozesse und gebe Ports frei...
2026-09-13 16:04:42,694 [INFO] [+] System-Tor gestoppt – Ports frei für den Suite-eigenen Tor (RAM-Disk).
2026-09-13 16:04:42,695 [INFO] [Verarbeitung] Starte Tor-Dienst und Stealth-Relay (warte auf Bootstrap 100%)...
2026-09-13 16:04:42,700 [INFO] [+] Dynamische torrc erfolgreich in RAM-Disk erzeugt: /mnt/tor_ramdisk/torrc
2026-09-13 16:04:42,703 [INFO] Starte Tor als direkten Prozess: tor -f /mnt/tor_ramdisk/torrc
2026-09-13 16:04:44,704 [INFO] Warte auf Tor-Bootstrap (kann bei europäischen Exit-Nodes einen Moment dauern)...
2026-09-13 16:04:53,738 [INFO] [+] Tor erfolgreich gestartet und zu 100% bootstrapped.
2026-09-13 16:04:53,741 [INFO] [*] IP-Changer gestartet (Rotation alle 120 Sekunden).
2026-09-13 16:04:53,747 [INFO] [Verarbeitung] Tor bootstrapped (100%) – aktiviere DNS-Leak-Schutz & Kill-Switch...
2026-09-13 16:04:53,750 [INFO] [+] /etc/resolv.conf gehärtet und auf lokalen Tor-DNS umgeleitet.
2026-09-13 16:04:53,760 [INFO] [+] DNS-Redirect aktiv: jeder Port-53-Aufruf -> Tor-DNSPort 5353 (kein DNS-Leak).
2026-09-13 16:04:53,764 [INFO] [+] nftables Kill-Switch aktiv (Exklusiver Outbound für Tor-UID 136, DNS-Port 5353).
2026-09-13 16:04:53,765 [INFO] [Verarbeitung] Starte gehärteten Privoxy-Proxy...
2026-09-13 16:04:53,775 [INFO] [+] Privoxy user.action (Härtung) in RAM-Disk erzeugt: /mnt/tor_ramdisk/user.action
2026-09-13 16:04:53,775 [INFO] [+] Gehärtete Privoxy-Config in RAM-Disk erzeugt: /mnt/tor_ramdisk/privoxy.conf
2026-09-13 16:04:53,776 [INFO] Starte Privoxy als direkten Prozess mit RAM-Disk-Config...
2026-09-13 16:04:55,279 [INFO] [+] Privoxy erfolgreich gestartet (Hört auf 0.0.0.0:8118).
2026-09-13 16:04:55,280 [INFO] [Ausgabe] Aktiviere Windows-Systemproxy...
2026-09-13 16:04:55,280 [INFO] Setze Windows-Systemproxy auf 172.23.220.58:8118...
2026-09-13 16:04:57,038 [INFO] [+] Windows-Systemproxy erfolgreich aktiviert (172.23.220.58:8118) mit Instant-WinINet-Refresh.
2026-09-13 16:04:57,042 [INFO] [SUCCESS] Tor Suite ist aktiv!
2026-09-13 16:04:57,042 [INFO]  - Privoxy Proxy: 172.23.220.58:8118
2026-09-13 16:04:57,043 [INFO]  - Tor Relay ORPort: 8443
2026-09-13 16:04:57,043 [INFO]  - IP-Rotation: Alle 120 Sekunden
2026-09-13 16:04:57,044 [INFO]  - Spurenschutz: Aktive 256MB RAM-Disk (tmpfs) + nftables Kill-Switch
2026-09-13 16:05:03,420 [INFO] [Cleanup] Fahre Cyberdeck Tor Suite herunter...
2026-09-13 16:05:03,421 [INFO] Deaktiviere Windows-Systemproxy...
2026-09-13 16:05:04,528 [INFO] [+] Windows-Systemproxy erfolgreich deaktiviert & System-Settings aktualisiert.
2026-09-13 16:05:04,533 [INFO] Entferne temporäre Windows-Firewall-Regeln...
2026-09-13 16:05:07,482 [INFO] [+] Windows-Firewall-Regeln sauber gelöscht.
2026-09-13 16:05:07,525 [INFO] [+] DNS-Redirect-Tabelle erfolgreich entfernt.
2026-09-13 16:05:07,545 [INFO] [+] nftables Kill-Switch Tabelle erfolgreich gelöscht.
2026-09-13 16:05:07,550 [INFO] [+] Ursprüngliche /etc/resolv.conf wiederhergestellt.
2026-09-13 16:05:07,551 [INFO] Stoppe Privoxy-Dienst...
2026-09-13 16:05:07,551 [INFO] [+] Privoxy sauber beendet.
2026-09-13 16:05:07,552 [INFO] Stoppe Tor-Prozess und IP-Changer...
2026-09-13 16:05:07,867 [INFO] [+] Tor-Prozess sauber beendet.
2026-09-13 16:05:07,868 [INFO] Stoppe tor@default...
2026-09-13 16:05:07,875 [INFO] Prüfe auf verwaiste Tor-Prozesse und gebe Ports frei...
2026-09-13 16:05:08,386 [INFO] [+] tor@default sauber beendet.
2026-09-13 16:05:08,387 [INFO] Unmounte RAM-Disk unter /mnt/tor_ramdisk...
2026-09-13 16:05:08,406 [INFO] [+] RAM-Disk sauber unmountet und Spuren beseitigt.
2026-09-13 16:05:08,407 [INFO] [+] Shutdown abgeschlossen. Sämtliche temporären Daten wurden aus dem RAM gelöscht.
2026-09-13 16:10:24,153 [INFO] [Vorbereitung] Entferne ggf. übrig gebliebenen Windows-Systemproxy (Stale-State)...
2026-09-13 16:10:24,153 [INFO] Deaktiviere Windows-Systemproxy...
2026-09-13 16:10:25,380 [INFO] [+] Windows-Systemproxy erfolgreich deaktiviert & System-Settings aktualisiert.
2026-09-13 16:10:25,381 [INFO] [Eingabe] Prüfe Systemvoraussetzungen...
2026-09-13 16:10:25,387 [INFO] [+] Systemcheck erfolgreich. WSL-IP ermittelt: 172.23.220.58
2026-09-13 16:10:25,388 [INFO] [Verarbeitung] Initialisiere 256MB RAM-Disk (tmpfs)...
2026-09-13 16:10:25,392 [INFO] Mounte 256MB tmpfs auf /mnt/tor_ramdisk...
2026-09-13 16:10:25,395 [INFO] [+] RAM-Disk erfolgreich gemountet.
2026-09-13 16:10:25,395 [INFO] [+] Unterstrukturen für Tor (/mnt/tor_ramdisk/tor_data) und Privoxy (/mnt/tor_ramdisk/privoxy) vorbereitet.
2026-09-13 16:10:25,396 [INFO] [Verarbeitung] Erzeuge dynamische Konfigurationsdateien in der RAM-Disk...
2026-09-13 16:10:26,446 [INFO] [+] Dynamische torrc erfolgreich in RAM-Disk erzeugt: /mnt/tor_ramdisk/torrc
2026-09-13 16:10:26,455 [INFO] [+] Privoxy user.action (Härtung) in RAM-Disk erzeugt: /mnt/tor_ramdisk/user.action
2026-09-13 16:10:26,456 [INFO] [+] Gehärtete Privoxy-Config in RAM-Disk erzeugt: /mnt/tor_ramdisk/privoxy.conf
2026-09-13 16:10:26,456 [INFO] [Verarbeitung] Wende strikte POSIX-Sicherheitsrechte an...
2026-09-13 16:10:26,457 [INFO] Setze strikte Dateirechte & erstelle Systempfade...
2026-09-13 16:10:26,457 [INFO] [+] Pfad /mnt/tor_ramdisk/torrc mit Rechte 0600 & User-UID 136 vorbereitet.
2026-09-13 16:10:26,458 [INFO] [Verarbeitung] Konfiguriere Windows Defender Firewall-Regeln...
2026-09-13 16:10:26,458 [INFO] Konfiguriere Windows-Firewall-Regeln für Ports 8118 (Privoxy) & 8443 (ORPort)...
2026-09-13 16:10:29,959 [INFO] [+] Firewall-Regeln erfolgreich gesetzt (8118 & 8443 TCP).
2026-09-13 16:10:29,960 [INFO] [Verarbeitung] Bereinige verwaiste Tor-Prozesse und aktiviere Tor-Dienst...
2026-09-13 16:10:29,960 [INFO] Stoppe System-Tor-Instanz (tor@default)...
2026-09-13 16:10:29,967 [INFO] Prüfe auf verwaiste Tor-Prozesse und gebe Ports frei...
2026-09-13 16:10:30,479 [INFO] [+] System-Tor gestoppt – Ports frei für den Suite-eigenen Tor (RAM-Disk).
2026-09-13 16:10:30,479 [INFO] [Verarbeitung] Starte Tor-Dienst und Stealth-Relay (warte auf Bootstrap 100%)...
2026-09-13 16:10:30,484 [INFO] [+] Dynamische torrc erfolgreich in RAM-Disk erzeugt: /mnt/tor_ramdisk/torrc
2026-09-13 16:10:30,486 [INFO] Starte Tor als direkten Prozess: tor -f /mnt/tor_ramdisk/torrc
2026-09-13 16:10:32,487 [INFO] Warte auf Tor-Bootstrap (kann bei europäischen Exit-Nodes einen Moment dauern)...
2026-09-13 16:10:45,703 [INFO] [+] Tor erfolgreich gestartet und zu 100% bootstrapped.
2026-09-13 16:10:45,703 [INFO] [*] IP-Changer gestartet (Rotation alle 120 Sekunden).
2026-09-13 16:10:45,709 [INFO] [Verarbeitung] Tor bootstrapped (100%) – aktiviere DNS-Leak-Schutz & Kill-Switch...
2026-09-13 16:10:45,714 [INFO] [+] /etc/resolv.conf gehärtet und auf lokalen Tor-DNS umgeleitet.
2026-09-13 16:10:45,727 [INFO] [+] DNS-Redirect aktiv: jeder Port-53-Aufruf -> Tor-DNSPort 5353 (kein DNS-Leak).
2026-09-13 16:10:45,730 [INFO] [+] nftables Kill-Switch aktiv (Exklusiver Outbound für Tor-UID 136, DNS-Port 5353).
2026-09-13 16:10:45,731 [INFO] [Verarbeitung] Starte gehärteten Privoxy-Proxy...
2026-09-13 16:10:45,739 [INFO] [+] Privoxy user.action (Härtung) in RAM-Disk erzeugt: /mnt/tor_ramdisk/user.action
2026-09-13 16:10:45,740 [INFO] [+] Gehärtete Privoxy-Config in RAM-Disk erzeugt: /mnt/tor_ramdisk/privoxy.conf
2026-09-13 16:10:45,740 [INFO] Starte Privoxy als direkten Prozess mit RAM-Disk-Config...
2026-09-13 16:10:47,243 [INFO] [+] Privoxy erfolgreich gestartet (Hört auf 0.0.0.0:8118).
2026-09-13 16:10:47,244 [INFO] [Ausgabe] Aktiviere Windows-Systemproxy...
2026-09-13 16:10:47,244 [INFO] Setze Windows-Systemproxy auf 172.23.220.58:8118...
2026-09-13 16:10:49,017 [INFO] [+] Windows-Systemproxy erfolgreich aktiviert (172.23.220.58:8118) mit Instant-WinINet-Refresh.
2026-09-13 16:10:49,018 [INFO] [SUCCESS] Tor Suite ist aktiv!
2026-09-13 16:10:49,019 [INFO]  - Privoxy Proxy: 172.23.220.58:8118
2026-09-13 16:10:49,020 [INFO]  - Tor Relay ORPort: 8443
2026-09-13 16:10:49,020 [INFO]  - IP-Rotation: Alle 120 Sekunden
2026-09-13 16:10:49,021 [INFO]  - Spurenschutz: Aktive 256MB RAM-Disk (tmpfs) + nftables Kill-Switch
2026-09-13 16:11:15,594 [INFO] [Cleanup] Fahre Cyberdeck Tor Suite herunter...
2026-09-13 16:11:15,594 [INFO] Deaktiviere Windows-Systemproxy...
2026-09-13 16:11:16,776 [INFO] [+] Windows-Systemproxy erfolgreich deaktiviert & System-Settings aktualisiert.
2026-09-13 16:11:16,777 [INFO] Entferne temporäre Windows-Firewall-Regeln...
2026-09-13 16:11:19,980 [INFO] [+] Windows-Firewall-Regeln sauber gelöscht.
2026-09-13 16:11:20,009 [INFO] [+] DNS-Redirect-Tabelle erfolgreich entfernt.
2026-09-13 16:11:20,033 [INFO] [+] nftables Kill-Switch Tabelle erfolgreich gelöscht.
2026-09-13 16:11:20,036 [INFO] [+] Ursprüngliche /etc/resolv.conf wiederhergestellt.
2026-09-13 16:11:20,036 [INFO] Stoppe Privoxy-Dienst...
2026-09-13 16:11:20,037 [INFO] [+] Privoxy sauber beendet.
2026-09-13 16:11:20,038 [INFO] Stoppe Tor-Prozess und IP-Changer...
2026-09-13 16:11:20,476 [INFO] [+] Tor-Prozess sauber beendet.
2026-09-13 16:11:20,476 [INFO] Stoppe tor@default...
2026-09-13 16:11:20,483 [INFO] Prüfe auf verwaiste Tor-Prozesse und gebe Ports frei...
2026-09-13 16:11:20,993 [INFO] [+] tor@default sauber beendet.
2026-09-13 16:11:20,994 [INFO] Unmounte RAM-Disk unter /mnt/tor_ramdisk...
2026-09-13 16:11:21,015 [INFO] [+] RAM-Disk sauber unmountet und Spuren beseitigt.
2026-09-13 16:11:21,016 [INFO] [+] Shutdown abgeschlossen. Sämtliche temporären Daten wurden aus dem RAM gelöscht.
2026-09-13 16:15:04,985 [INFO] [Vorbereitung] Entferne ggf. übrig gebliebenen Windows-Systemproxy (Stale-State)...
2026-09-13 16:15:04,985 [INFO] Deaktiviere Windows-Systemproxy...
2026-09-13 16:15:06,173 [INFO] [+] Windows-Systemproxy erfolgreich deaktiviert & System-Settings aktualisiert.
2026-09-13 16:15:06,173 [INFO] [Eingabe] Prüfe Systemvoraussetzungen...
2026-09-13 16:15:06,180 [INFO] [+] Systemcheck erfolgreich. WSL-IP ermittelt: 172.23.220.58
2026-09-13 16:15:06,181 [INFO] [Verarbeitung] Initialisiere 256MB RAM-Disk (tmpfs)...
2026-09-13 16:15:06,185 [INFO] Mounte 256MB tmpfs auf /mnt/tor_ramdisk...
2026-09-13 16:15:06,189 [INFO] [+] RAM-Disk erfolgreich gemountet.
2026-09-13 16:15:06,189 [INFO] [+] Unterstrukturen für Tor (/mnt/tor_ramdisk/tor_data) und Privoxy (/mnt/tor_ramdisk/privoxy) vorbereitet.
2026-09-13 16:15:06,190 [INFO] [Verarbeitung] Erzeuge dynamische Konfigurationsdateien in der RAM-Disk...
2026-09-13 16:15:07,234 [INFO] [+] Dynamische torrc erfolgreich in RAM-Disk erzeugt: /mnt/tor_ramdisk/torrc
2026-09-13 16:15:07,244 [INFO] [+] Privoxy user.action (Härtung) in RAM-Disk erzeugt: /mnt/tor_ramdisk/user.action
2026-09-13 16:15:07,244 [INFO] [+] Gehärtete Privoxy-Config in RAM-Disk erzeugt: /mnt/tor_ramdisk/privoxy.conf
2026-09-13 16:15:07,245 [INFO] [Verarbeitung] Wende strikte POSIX-Sicherheitsrechte an...
2026-09-13 16:15:07,245 [INFO] Setze strikte Dateirechte & erstelle Systempfade...
2026-09-13 16:15:07,246 [INFO] [+] Pfad /mnt/tor_ramdisk/torrc mit Rechte 0600 & User-UID 136 vorbereitet.
2026-09-13 16:15:07,246 [INFO] [Verarbeitung] Konfiguriere Windows Defender Firewall-Regeln...
2026-09-13 16:15:07,247 [INFO] Konfiguriere Windows-Firewall-Regeln für Ports 8118 (Privoxy) & 8443 (ORPort)...
2026-09-13 16:15:10,544 [INFO] [+] Firewall-Regeln erfolgreich gesetzt (8118 & 8443 TCP).
2026-09-13 16:15:10,545 [INFO] [Verarbeitung] Bereinige verwaiste Tor-Prozesse und aktiviere Tor-Dienst...
2026-09-13 16:15:10,545 [INFO] Stoppe System-Tor-Instanz (tor@default)...
2026-09-13 16:15:10,553 [INFO] Prüfe auf verwaiste Tor-Prozesse und gebe Ports frei...
2026-09-13 16:15:11,065 [INFO] [+] System-Tor gestoppt – Ports frei für den Suite-eigenen Tor (RAM-Disk).
2026-09-13 16:15:11,065 [INFO] [Verarbeitung] Starte Tor-Dienst und Stealth-Relay (warte auf Bootstrap 100%)...
2026-09-13 16:15:11,070 [INFO] [+] Dynamische torrc erfolgreich in RAM-Disk erzeugt: /mnt/tor_ramdisk/torrc
2026-09-13 16:15:11,072 [INFO] Starte Tor als direkten Prozess: tor -f /mnt/tor_ramdisk/torrc
2026-09-13 16:15:13,073 [INFO] Warte auf Tor-Bootstrap (kann bei europäischen Exit-Nodes einen Moment dauern)...
2026-09-13 16:15:17,471 [INFO] [+] Tor erfolgreich gestartet und zu 100% bootstrapped.
2026-09-13 16:15:17,472 [INFO] [*] IP-Changer gestartet (Rotation alle 120 Sekunden).
2026-09-13 16:15:17,477 [INFO] [Verarbeitung] Tor bootstrapped (100%) – aktiviere DNS-Leak-Schutz & Kill-Switch...
2026-09-13 16:15:17,482 [INFO] [+] /etc/resolv.conf gehärtet und auf lokalen Tor-DNS umgeleitet.
2026-09-13 16:15:17,494 [INFO] [+] DNS-Redirect aktiv: jeder Port-53-Aufruf -> Tor-DNSPort 5353 (kein DNS-Leak).
2026-09-13 16:15:17,499 [INFO] [+] nftables Kill-Switch aktiv (Exklusiver Outbound für Tor-UID 136, DNS-Port 5353).
2026-09-13 16:15:17,500 [INFO] [Verarbeitung] Starte gehärteten Privoxy-Proxy...
2026-09-13 16:15:18,401 [INFO] [+] Privoxy user.action (Härtung) in RAM-Disk erzeugt: /mnt/tor_ramdisk/user.action
2026-09-13 16:15:18,402 [INFO] [+] Gehärtete Privoxy-Config in RAM-Disk erzeugt: /mnt/tor_ramdisk/privoxy.conf
2026-09-13 16:15:18,402 [INFO] Starte Privoxy als direkten Prozess mit RAM-Disk-Config...
2026-09-13 16:15:19,905 [INFO] [+] Privoxy erfolgreich gestartet (Hört auf 0.0.0.0:8118).
2026-09-13 16:15:19,906 [INFO] [Ausgabe] Aktiviere Windows-Systemproxy...
2026-09-13 16:15:19,907 [INFO] Setze Windows-Systemproxy auf 172.23.220.58:8118...
2026-09-13 16:15:21,681 [INFO] [+] Windows-Systemproxy erfolgreich aktiviert (172.23.220.58:8118) mit Instant-WinINet-Refresh.
2026-09-13 16:15:21,681 [INFO] [SUCCESS] Tor Suite ist aktiv!
2026-09-13 16:15:21,682 [INFO]  - Privoxy Proxy: 172.23.220.58:8118
2026-09-13 16:15:21,683 [INFO]  - Tor Relay ORPort: 8443
2026-09-13 16:15:21,683 [INFO]  - IP-Rotation: Alle 120 Sekunden
2026-09-13 16:15:21,684 [INFO]  - Spurenschutz: Aktive 256MB RAM-Disk (tmpfs) + nftables Kill-Switch
2026-09-13 16:15:37,869 [INFO] [Cleanup] Fahre Cyberdeck Tor Suite herunter...
2026-09-13 16:15:37,870 [INFO] Deaktiviere Windows-Systemproxy...
2026-09-13 16:15:39,031 [INFO] [+] Windows-Systemproxy erfolgreich deaktiviert & System-Settings aktualisiert.
2026-09-13 16:15:39,031 [INFO] Entferne temporäre Windows-Firewall-Regeln...
2026-09-13 16:15:42,132 [INFO] [+] Windows-Firewall-Regeln sauber gelöscht.
2026-09-13 16:15:42,157 [INFO] [+] DNS-Redirect-Tabelle erfolgreich entfernt.
2026-09-13 16:15:42,185 [INFO] [+] nftables Kill-Switch Tabelle erfolgreich gelöscht.
2026-09-13 16:15:42,188 [INFO] [+] Ursprüngliche /etc/resolv.conf wiederhergestellt.
2026-09-13 16:15:42,189 [INFO] Stoppe Privoxy-Dienst...
2026-09-13 16:15:42,196 [INFO] [+] Privoxy sauber beendet.
2026-09-13 16:15:42,197 [INFO] Stoppe Tor-Prozess und IP-Changer...
2026-09-13 16:15:42,550 [INFO] [+] Tor-Prozess sauber beendet.
2026-09-13 16:15:42,551 [INFO] Stoppe tor@default...
2026-09-13 16:15:42,558 [INFO] Prüfe auf verwaiste Tor-Prozesse und gebe Ports frei...
2026-09-13 16:15:43,068 [INFO] [+] tor@default sauber beendet.
2026-09-13 16:15:43,069 [INFO] Unmounte RAM-Disk unter /mnt/tor_ramdisk...
2026-09-13 16:15:43,081 [INFO] [+] RAM-Disk sauber unmountet und Spuren beseitigt.
2026-09-13 16:15:43,082 [INFO] [+] Shutdown abgeschlossen. Sämtliche temporären Daten wurden aus dem RAM gelöscht.
2026-09-13 16:18:26,762 [INFO] [Vorbereitung] Entferne ggf. übrig gebliebenen Windows-Systemproxy (Stale-State)...
2026-09-13 16:18:26,762 [INFO] Deaktiviere Windows-Systemproxy...
2026-09-13 16:18:27,943 [INFO] [+] Windows-Systemproxy erfolgreich deaktiviert & System-Settings aktualisiert.
2026-09-13 16:18:27,944 [INFO] [Eingabe] Prüfe Systemvoraussetzungen...
2026-09-13 16:18:27,952 [INFO] [+] Systemcheck erfolgreich. WSL-IP ermittelt: 172.23.220.58
2026-09-13 16:18:27,952 [INFO] [Verarbeitung] Initialisiere 256MB RAM-Disk (tmpfs)...
2026-09-13 16:18:27,956 [INFO] Mounte 256MB tmpfs auf /mnt/tor_ramdisk...
2026-09-13 16:18:27,961 [INFO] [+] RAM-Disk erfolgreich gemountet.
2026-09-13 16:18:27,962 [INFO] [+] Unterstrukturen für Tor (/mnt/tor_ramdisk/tor_data) und Privoxy (/mnt/tor_ramdisk/privoxy) vorbereitet.
2026-09-13 16:18:27,963 [INFO] [Verarbeitung] Erzeuge dynamische Konfigurationsdateien in der RAM-Disk...
2026-09-13 16:18:29,004 [INFO] [+] Dynamische torrc erfolgreich in RAM-Disk erzeugt: /mnt/tor_ramdisk/torrc
2026-09-13 16:18:29,013 [INFO] [+] Privoxy user.action (Härtung) in RAM-Disk erzeugt: /mnt/tor_ramdisk/user.action
2026-09-13 16:18:29,013 [INFO] [+] Gehärtete Privoxy-Config in RAM-Disk erzeugt: /mnt/tor_ramdisk/privoxy.conf
2026-09-13 16:18:29,014 [INFO] [Verarbeitung] Wende strikte POSIX-Sicherheitsrechte an...
2026-09-13 16:18:29,014 [INFO] Setze strikte Dateirechte & erstelle Systempfade...
2026-09-13 16:18:29,015 [INFO] [+] Pfad /mnt/tor_ramdisk/torrc mit Rechte 0600 & User-UID 136 vorbereitet.
2026-09-13 16:18:29,015 [INFO] [Verarbeitung] Konfiguriere Windows Defender Firewall-Regeln...
2026-09-13 16:18:29,016 [INFO] Konfiguriere Windows-Firewall-Regeln für Ports 8118 (Privoxy) & 8443 (ORPort)...
2026-09-13 16:18:32,290 [INFO] [+] Firewall-Regeln erfolgreich gesetzt (8118 & 8443 TCP).
2026-09-13 16:18:32,291 [INFO] [Verarbeitung] Bereinige verwaiste Tor-Prozesse und aktiviere Tor-Dienst...
2026-09-13 16:18:32,291 [INFO] Stoppe System-Tor-Instanz (tor@default)...
2026-09-13 16:18:32,300 [INFO] Prüfe auf verwaiste Tor-Prozesse und gebe Ports frei...
2026-09-13 16:18:32,812 [INFO] [+] System-Tor gestoppt – Ports frei für den Suite-eigenen Tor (RAM-Disk).
2026-09-13 16:18:32,812 [INFO] [Verarbeitung] Starte Tor-Dienst und Stealth-Relay (warte auf Bootstrap 100%)...
2026-09-13 16:18:32,817 [INFO] [+] Dynamische torrc erfolgreich in RAM-Disk erzeugt: /mnt/tor_ramdisk/torrc
2026-09-13 16:18:32,819 [INFO] Starte Tor als direkten Prozess: tor -f /mnt/tor_ramdisk/torrc
2026-09-13 16:18:34,820 [INFO] Warte auf Tor-Bootstrap (kann bei europäischen Exit-Nodes einen Moment dauern)...
2026-09-13 16:18:45,851 [INFO] [+] Tor erfolgreich gestartet und zu 100% bootstrapped.
2026-09-13 16:18:45,852 [INFO] [*] IP-Changer gestartet (Rotation alle 120 Sekunden).
2026-09-13 16:18:45,858 [INFO] [Verarbeitung] Tor bootstrapped (100%) – aktiviere DNS-Leak-Schutz & Kill-Switch...
2026-09-13 16:18:45,862 [INFO] [+] /etc/resolv.conf gehärtet und auf lokalen Tor-DNS umgeleitet.
2026-09-13 16:18:45,872 [INFO] [+] DNS-Redirect aktiv: jeder Port-53-Aufruf -> Tor-DNSPort 5353 (kein DNS-Leak).
2026-09-13 16:18:45,876 [INFO] [+] nftables Kill-Switch aktiv (Exklusiver Outbound für Tor-UID 136, DNS-Port 5353).
2026-09-13 16:18:45,877 [INFO] [Verarbeitung] Starte gehärteten Privoxy-Proxy...
2026-09-13 16:18:46,730 [INFO] [+] Privoxy user.action (Härtung) in RAM-Disk erzeugt: /mnt/tor_ramdisk/user.action
2026-09-13 16:18:46,731 [INFO] [+] Gehärtete Privoxy-Config in RAM-Disk erzeugt: /mnt/tor_ramdisk/privoxy.conf
2026-09-13 16:18:46,731 [INFO] Starte Privoxy als direkten Prozess mit RAM-Disk-Config...
2026-09-13 16:18:48,234 [INFO] [+] Privoxy erfolgreich gestartet (Hört auf 0.0.0.0:8118).
2026-09-13 16:18:48,235 [INFO] [Ausgabe] Aktiviere Windows-Systemproxy...
2026-09-13 16:18:48,235 [INFO] Setze Windows-Systemproxy auf 172.23.220.58:8118...
2026-09-13 16:18:50,009 [INFO] [+] Windows-Systemproxy erfolgreich aktiviert (172.23.220.58:8118) mit Instant-WinINet-Refresh.
2026-09-13 16:18:50,010 [INFO] [SUCCESS] Tor Suite ist aktiv!
2026-09-13 16:18:50,011 [INFO]  - Privoxy Proxy: 172.23.220.58:8118
2026-09-13 16:18:50,012 [INFO]  - Tor Relay ORPort: 8443
2026-09-13 16:18:50,013 [INFO]  - IP-Rotation: Alle 120 Sekunden
2026-09-13 16:18:50,013 [INFO]  - Spurenschutz: Aktive 256MB RAM-Disk (tmpfs) + nftables Kill-Switch
2026-09-13 16:19:00,098 [INFO] [Cleanup] Fahre Cyberdeck Tor Suite herunter...
2026-09-13 16:19:00,098 [INFO] Deaktiviere Windows-Systemproxy...
2026-09-13 16:19:01,245 [INFO] [+] Windows-Systemproxy erfolgreich deaktiviert & System-Settings aktualisiert.
2026-09-13 16:19:01,246 [INFO] Entferne temporäre Windows-Firewall-Regeln...
2026-09-13 16:19:04,329 [INFO] [+] Windows-Firewall-Regeln sauber gelöscht.
2026-09-13 16:19:04,357 [INFO] [+] DNS-Redirect-Tabelle erfolgreich entfernt.
2026-09-13 16:19:04,377 [INFO] [+] nftables Kill-Switch Tabelle erfolgreich gelöscht.
2026-09-13 16:19:04,379 [INFO] [+] Ursprüngliche /etc/resolv.conf wiederhergestellt.
2026-09-13 16:19:04,380 [INFO] Stoppe Privoxy-Dienst...
2026-09-13 16:19:04,387 [INFO] [+] Privoxy sauber beendet.
2026-09-13 16:19:04,388 [INFO] Stoppe Tor-Prozess und IP-Changer...
2026-09-13 16:19:04,980 [INFO] [+] Tor-Prozess sauber beendet.
2026-09-13 16:19:04,981 [INFO] Stoppe tor@default...
2026-09-13 16:19:04,988 [INFO] Prüfe auf verwaiste Tor-Prozesse und gebe Ports frei...
2026-09-13 16:19:05,499 [INFO] [+] tor@default sauber beendet.
2026-09-13 16:19:05,500 [INFO] Unmounte RAM-Disk unter /mnt/tor_ramdisk...
2026-09-13 16:19:05,521 [INFO] [+] RAM-Disk sauber unmountet und Spuren beseitigt.
2026-09-13 16:19:05,521 [INFO] [+] Shutdown abgeschlossen. Sämtliche temporären Daten wurden aus dem RAM gelöscht.
2026-09-13 16:26:45,933 [INFO] [Vorbereitung] Entferne ggf. übrig gebliebenen Windows-Systemproxy (Stale-State)...
2026-09-13 16:26:45,934 [INFO] Deaktiviere Windows-Systemproxy...
2026-09-13 16:26:47,061 [INFO] [+] Windows-Systemproxy erfolgreich deaktiviert & System-Settings aktualisiert.
2026-09-13 16:26:47,062 [INFO] [Eingabe] Prüfe Systemvoraussetzungen...
2026-09-13 16:26:47,069 [INFO] [+] Systemcheck erfolgreich. WSL-IP ermittelt: 172.23.220.58
2026-09-13 16:26:47,070 [INFO] [Verarbeitung] Initialisiere 256MB RAM-Disk (tmpfs)...
2026-09-13 16:26:47,074 [INFO] Mounte 256MB tmpfs auf /mnt/tor_ramdisk...
2026-09-13 16:26:47,078 [INFO] [+] RAM-Disk erfolgreich gemountet.
2026-09-13 16:26:47,079 [INFO] [+] Unterstrukturen für Tor (/mnt/tor_ramdisk/tor_data) und Privoxy (/mnt/tor_ramdisk/privoxy) vorbereitet.
2026-09-13 16:26:47,080 [INFO] [Verarbeitung] Erzeuge dynamische Konfigurationsdateien in der RAM-Disk...
2026-09-13 16:26:48,130 [INFO] [+] Dynamische torrc erfolgreich in RAM-Disk erzeugt: /mnt/tor_ramdisk/torrc
2026-09-13 16:26:48,139 [INFO] [+] Privoxy user.action (Härtung) in RAM-Disk erzeugt: /mnt/tor_ramdisk/user.action
2026-09-13 16:26:48,139 [INFO] [+] Gehärtete Privoxy-Config in RAM-Disk erzeugt: /mnt/tor_ramdisk/privoxy.conf
2026-09-13 16:26:48,140 [INFO] [Verarbeitung] Wende strikte POSIX-Sicherheitsrechte an...
2026-09-13 16:26:48,140 [INFO] Setze strikte Dateirechte & erstelle Systempfade...
2026-09-13 16:26:48,141 [INFO] [+] Pfade und Rechte erfolgreich gehärtet (torrc: 0600, User-UID: 136).
2026-09-13 16:26:48,141 [INFO] [Verarbeitung] Konfiguriere Windows Defender Firewall-Regeln...
2026-09-13 16:26:48,921 [INFO] Konfiguriere Windows-Firewall-Regeln (Privoxy: 8118, ORPort: 8443)...
2026-09-13 16:26:52,485 [INFO] [+] Windows-Firewall-Regeln erfolgreich aktiv.
2026-09-13 16:26:52,485 [INFO] [Verarbeitung] Bereinige verwaiste Tor-Prozesse und aktiviere Tor-Dienst...
2026-09-13 16:26:52,486 [INFO] Stoppe System-Tor-Instanz (tor@default)...
2026-09-13 16:26:52,496 [INFO] Prüfe auf verwaiste Tor-Prozesse und gebe Ports frei...
2026-09-13 16:26:53,008 [INFO] [+] System-Tor gestoppt – Ports frei für den Suite-eigenen Tor (RAM-Disk).
2026-09-13 16:26:53,008 [INFO] [Verarbeitung] Starte Tor-Dienst und Stealth-Relay (warte auf Bootstrap 100%)...
2026-09-13 16:26:53,013 [INFO] [+] Dynamische torrc erfolgreich in RAM-Disk erzeugt: /mnt/tor_ramdisk/torrc
2026-09-13 16:26:53,015 [INFO] Starte Tor als direkten Prozess: tor -f /mnt/tor_ramdisk/torrc
2026-09-13 16:26:55,016 [INFO] Warte auf Tor-Bootstrap (kann bei europäischen Exit-Nodes einen Moment dauern)...
2026-09-13 16:28:34,217 [INFO] [Cleanup] Fahre Cyberdeck Tor Suite herunter...
2026-09-13 16:28:34,218 [INFO] Deaktiviere Windows-Systemproxy...
2026-09-13 16:28:35,453 [INFO] [+] Windows-Systemproxy erfolgreich deaktiviert & System-Settings aktualisiert.
2026-09-13 16:28:35,456 [INFO] Entferne Windows-Firewall-Regeln...
2026-09-13 16:28:38,910 [INFO] [*] Keine DNS-Redirect-Tabelle vorhanden.
2026-09-13 16:28:38,942 [INFO] [*] Keine Kill-Switch Tabelle zum Entfernen gefunden.
2026-09-13 16:28:38,946 [INFO] Stoppe Privoxy-Dienst...
2026-09-13 16:28:38,953 [INFO] [+] Privoxy sauber beendet.
2026-09-13 16:28:38,953 [INFO] Stoppe Tor-Prozess und IP-Changer...
2026-09-13 16:28:39,124 [INFO] [+] Tor-Prozess sauber beendet.
2026-09-13 16:28:39,125 [INFO] Stoppe tor@default...
2026-09-13 16:28:39,132 [INFO] Prüfe auf verwaiste Tor-Prozesse und gebe Ports frei...
2026-09-13 16:28:39,642 [INFO] [+] tor@default sauber beendet.
2026-09-13 16:28:39,643 [INFO] Unmounte RAM-Disk unter /mnt/tor_ramdisk...
2026-09-13 16:28:39,665 [INFO] [+] RAM-Disk sauber unmountet und Spuren beseitigt.
2026-09-13 16:28:39,666 [INFO] [+] Shutdown abgeschlossen. Sämtliche temporären Daten wurden aus dem RAM gelöscht.
2026-09-13 16:30:21,944 [INFO] [Vorbereitung] Entferne ggf. übrig gebliebenen Windows-Systemproxy (Stale-State)...
2026-09-13 16:30:21,944 [INFO] Deaktiviere Windows-Systemproxy...
2026-09-13 16:30:23,141 [INFO] [+] Windows-Systemproxy erfolgreich deaktiviert & System-Settings aktualisiert.
2026-09-13 16:30:23,142 [INFO] [Eingabe] Prüfe Systemvoraussetzungen...
2026-09-13 16:30:23,149 [INFO] [+] Systemcheck erfolgreich. WSL-IP ermittelt: 172.23.220.58
2026-09-13 16:30:23,149 [INFO] [Verarbeitung] Initialisiere 256MB RAM-Disk (tmpfs)...
2026-09-13 16:30:23,153 [INFO] Mounte 256MB tmpfs auf /mnt/tor_ramdisk...
2026-09-13 16:30:23,156 [INFO] [+] RAM-Disk erfolgreich gemountet.
2026-09-13 16:30:23,157 [INFO] [+] Unterstrukturen für Tor (/mnt/tor_ramdisk/tor_data) und Privoxy (/mnt/tor_ramdisk/privoxy) vorbereitet.
2026-09-13 16:30:23,158 [INFO] [Verarbeitung] Erzeuge dynamische Konfigurationsdateien in der RAM-Disk...
2026-09-13 16:30:24,192 [INFO] [+] Dynamische torrc erfolgreich in RAM-Disk erzeugt: /mnt/tor_ramdisk/torrc
2026-09-13 16:30:24,201 [INFO] [+] Privoxy user.action (Härtung) in RAM-Disk erzeugt: /mnt/tor_ramdisk/user.action
2026-09-13 16:30:24,202 [INFO] [+] Gehärtete Privoxy-Config in RAM-Disk erzeugt: /mnt/tor_ramdisk/privoxy.conf
2026-09-13 16:30:24,202 [INFO] [Verarbeitung] Wende strikte POSIX-Sicherheitsrechte an...
2026-09-13 16:30:24,203 [INFO] Setze strikte Dateirechte & erstelle Systempfade...
2026-09-13 16:30:24,203 [INFO] [+] Pfade und Rechte erfolgreich gehärtet (torrc: 0600, User-UID: 136).
2026-09-13 16:30:24,204 [INFO] [Verarbeitung] Konfiguriere Windows Defender Firewall-Regeln...
2026-09-13 16:30:24,974 [INFO] Konfiguriere Windows-Firewall-Regeln (Privoxy: 8118, ORPort: 8443)...
2026-09-13 16:30:28,384 [INFO] [+] Windows-Firewall-Regeln erfolgreich aktiv.
2026-09-13 16:30:28,385 [INFO] [Verarbeitung] Bereinige verwaiste Tor-Prozesse und aktiviere Tor-Dienst...
2026-09-13 16:30:28,386 [INFO] Stoppe System-Tor-Instanz (tor@default)...
2026-09-13 16:30:28,394 [INFO] Prüfe auf verwaiste Tor-Prozesse und gebe Ports frei...
2026-09-13 16:30:28,906 [INFO] [+] System-Tor gestoppt – Ports frei für den Suite-eigenen Tor (RAM-Disk).
2026-09-13 16:30:28,907 [INFO] [Verarbeitung] Starte Tor-Dienst und Stealth-Relay (warte auf Bootstrap 100%)...
2026-09-13 16:30:28,911 [INFO] [+] Dynamische torrc erfolgreich in RAM-Disk erzeugt: /mnt/tor_ramdisk/torrc
2026-09-13 16:30:28,913 [INFO] Starte Tor als direkten Prozess: tor -f /mnt/tor_ramdisk/torrc
2026-09-13 16:30:30,915 [INFO] Warte auf Tor-Bootstrap (kann bei europäischen Exit-Nodes einen Moment dauern)...
2026-09-13 16:30:56,825 [INFO] [+] Tor erfolgreich gestartet und zu 100% bootstrapped.
2026-09-13 16:30:56,826 [INFO] [*] IP-Changer gestartet (Rotation alle 120 Sekunden).
2026-09-13 16:30:56,833 [INFO] [Verarbeitung] Tor bootstrapped (100%) – aktiviere DNS-Leak-Schutz & Kill-Switch...
2026-09-13 16:30:56,837 [INFO] [+] /etc/resolv.conf gehärtet und auf lokalen Tor-DNS umgeleitet.
2026-09-13 16:30:56,849 [INFO] [+] DNS-Redirect aktiv (Port 53 -> Port 5353).
2026-09-13 16:30:56,853 [INFO] [+] nftables Ruleset angewendet (Tor-UID: 136).
2026-09-13 16:30:56,854 [INFO] [Verarbeitung] Starte gehärteten Privoxy-Proxy...
2026-09-13 16:30:57,732 [INFO] [+] Privoxy user.action (Härtung) in RAM-Disk erzeugt: /mnt/tor_ramdisk/user.action
2026-09-13 16:30:57,733 [INFO] [+] Gehärtete Privoxy-Config in RAM-Disk erzeugt: /mnt/tor_ramdisk/privoxy.conf
2026-09-13 16:30:57,733 [INFO] Starte Privoxy als direkten Prozess mit RAM-Disk-Config...
2026-09-13 16:30:59,236 [INFO] [+] Privoxy erfolgreich gestartet (Hört auf 0.0.0.0:8118).
2026-09-13 16:30:59,237 [INFO] [Ausgabe] Aktiviere Windows-Systemproxy...
2026-09-13 16:30:59,237 [INFO] Setze Windows-Systemproxy auf 172.23.220.58:8118...
2026-09-13 16:31:00,440 [INFO] [+] Windows-Systemproxy erfolgreich aktiviert (172.23.220.58:8118) mit Instant-WinINet-Refresh.
2026-09-13 16:31:00,440 [INFO] [SUCCESS] Tor Suite ist aktiv!
2026-09-13 16:31:00,442 [INFO]  - Privoxy Proxy: 172.23.220.58:8118
2026-09-13 16:31:00,443 [INFO]  - Tor Relay ORPort: 8443
2026-09-13 16:31:00,444 [INFO]  - IP-Rotation: Alle 120 Sekunden
2026-09-13 16:31:00,444 [INFO]  - Spurenschutz: Aktive 256MB RAM-Disk (tmpfs) + nftables Kill-Switch
2026-09-13 16:31:21,129 [INFO] [Cleanup] Fahre Cyberdeck Tor Suite herunter...
2026-09-13 16:31:21,130 [INFO] Deaktiviere Windows-Systemproxy...
2026-09-13 16:31:22,276 [INFO] [+] Windows-Systemproxy erfolgreich deaktiviert & System-Settings aktualisiert.
2026-09-13 16:31:22,281 [INFO] Entferne Windows-Firewall-Regeln...
2026-09-13 16:31:25,422 [INFO] [+] DNS-Redirect-Tabelle entfernt.
2026-09-13 16:31:25,446 [INFO] [+] nftables Kill-Switch Tabelle entfernt.
2026-09-13 16:31:25,448 [INFO] Stoppe Privoxy-Dienst...
2026-09-13 16:31:25,455 [INFO] [+] Privoxy sauber beendet.
2026-09-13 16:31:25,455 [INFO] Stoppe Tor-Prozess und IP-Changer...
2026-09-13 16:31:25,956 [INFO] [+] Tor-Prozess sauber beendet.
2026-09-13 16:31:25,957 [INFO] Stoppe tor@default...
2026-09-13 16:31:25,964 [INFO] Prüfe auf verwaiste Tor-Prozesse und gebe Ports frei...
2026-09-13 16:31:26,474 [INFO] [+] tor@default sauber beendet.
2026-09-13 16:31:26,475 [INFO] Unmounte RAM-Disk unter /mnt/tor_ramdisk...
2026-09-13 16:31:26,497 [INFO] [+] RAM-Disk sauber unmountet und Spuren beseitigt.
2026-09-13 16:31:26,497 [INFO] [+] Shutdown abgeschlossen. Sämtliche temporären Daten wurden aus dem RAM gelöscht.
2026-09-13 16:38:25,668 [INFO] [Vorbereitung] Entferne ggf. übrig gebliebenen Windows-Systemproxy (Stale-State)...
2026-09-13 16:38:25,669 [INFO] Deaktiviere Windows-Systemproxy...
2026-09-13 16:38:26,852 [INFO] [+] Windows-Systemproxy erfolgreich deaktiviert & System-Settings aktualisiert.
2026-09-13 16:38:26,853 [INFO] [Eingabe] Prüfe Systemvoraussetzungen...
2026-09-13 16:38:26,862 [INFO] [+] Systemcheck erfolgreich. WSL-IP ermittelt: 172.23.220.58
2026-09-13 16:38:26,862 [INFO] [Verarbeitung] Initialisiere 256MB RAM-Disk (tmpfs)...
2026-09-13 16:38:26,867 [INFO] Mounte 256MB tmpfs auf /mnt/tor_ramdisk...
2026-09-13 16:38:26,871 [INFO] [+] RAM-Disk erfolgreich gemountet.
2026-09-13 16:38:26,873 [INFO] [+] Unterstrukturen für Tor (/mnt/tor_ramdisk/tor_data) und Privoxy (/mnt/tor_ramdisk/privoxy) vorbereitet.
2026-09-13 16:38:26,873 [INFO] [Verarbeitung] Erzeuge dynamische Konfigurationsdateien in der RAM-Disk...
2026-09-13 16:38:27,921 [INFO] [+] Dynamische torrc erfolgreich in RAM-Disk erzeugt: /mnt/tor_ramdisk/torrc
2026-09-13 16:38:27,930 [INFO] [+] Privoxy user.action (Härtung) in RAM-Disk erzeugt: /mnt/tor_ramdisk/user.action
2026-09-13 16:38:27,930 [INFO] [+] Gehärtete Privoxy-Config in RAM-Disk erzeugt: /mnt/tor_ramdisk/privoxy.conf
2026-09-13 16:38:27,931 [INFO] [Verarbeitung] Wende strikte POSIX-Sicherheitsrechte an...
2026-09-13 16:38:27,931 [INFO] Setze strikte Dateirechte & erstelle Systempfade...
2026-09-13 16:38:27,932 [INFO] [+] Pfade und Rechte erfolgreich gehärtet (torrc: 0600, User-UID: 136).
2026-09-13 16:38:27,932 [INFO] [Verarbeitung] Konfiguriere Windows Defender Firewall-Regeln...
2026-09-13 16:38:28,713 [INFO] Konfiguriere Windows-Firewall-Regeln (Privoxy: 8118, ORPort: 8443)...
2026-09-13 16:38:32,142 [INFO] [+] Windows-Firewall-Regeln erfolgreich aktiv.
2026-09-13 16:38:32,143 [INFO] [Verarbeitung] Bereinige verwaiste Tor-Prozesse und aktiviere Tor-Dienst...
2026-09-13 16:38:32,144 [INFO] Stoppe System-Tor-Instanz (tor@default)...
2026-09-13 16:38:32,154 [INFO] Prüfe auf verwaiste Tor-Prozesse und gebe Ports frei...
2026-09-13 16:38:32,665 [INFO] [+] System-Tor gestoppt – Ports frei für den Suite-eigenen Tor (RAM-Disk).
2026-09-13 16:38:32,665 [INFO] [Verarbeitung] Starte Tor-Dienst und Stealth-Relay (warte auf Bootstrap 100%)...
2026-09-13 16:38:32,670 [INFO] [+] Dynamische torrc erfolgreich in RAM-Disk erzeugt: /mnt/tor_ramdisk/torrc
2026-09-13 16:38:32,672 [INFO] Starte Tor als direkten Prozess: tor -f /mnt/tor_ramdisk/torrc
2026-09-13 16:38:34,673 [INFO] Warte auf Tor-Bootstrap (kann bei europäischen Exit-Nodes einen Moment dauern)...
2026-09-13 16:38:40,053 [INFO] [+] Tor erfolgreich gestartet und zu 100% bootstrapped.
2026-09-13 16:38:40,054 [INFO] [*] IP-Changer gestartet (Rotation alle 120 Sekunden).
2026-09-13 16:38:40,060 [INFO] [Verarbeitung] Tor bootstrapped (100%) – aktiviere DNS-Leak-Schutz & Kill-Switch...
2026-09-13 16:38:40,065 [INFO] [+] /etc/resolv.conf gehärtet und auf lokalen Tor-DNS umgeleitet.
2026-09-13 16:38:40,079 [INFO] [+] DNS-Redirect aktiv (Port 53 -> Port 5353).
2026-09-13 16:38:40,083 [INFO] [+] nftables Ruleset angewendet (Tor-UID: 136).
2026-09-13 16:38:40,084 [INFO] [Verarbeitung] Starte gehärteten Privoxy-Proxy...
2026-09-13 16:38:40,947 [INFO] [+] Privoxy user.action (Härtung) in RAM-Disk erzeugt: /mnt/tor_ramdisk/user.action
2026-09-13 16:38:40,948 [INFO] [+] Gehärtete Privoxy-Config in RAM-Disk erzeugt: /mnt/tor_ramdisk/privoxy.conf
2026-09-13 16:38:40,948 [INFO] Starte Privoxy als direkten Prozess mit RAM-Disk-Config...
2026-09-13 16:38:42,451 [INFO] [+] Privoxy erfolgreich gestartet (Hört auf 0.0.0.0:8118).
2026-09-13 16:38:42,452 [INFO] [Ausgabe] Aktiviere Windows-Systemproxy...
2026-09-13 16:38:42,453 [INFO] Setze Windows-Systemproxy auf 172.23.220.58:8118...
2026-09-13 16:38:44,236 [INFO] [+] Windows-Systemproxy erfolgreich aktiviert (172.23.220.58:8118) mit Instant-WinINet-Refresh.
2026-09-13 16:38:44,237 [INFO] [SUCCESS] Tor Suite ist aktiv!
2026-09-13 16:38:44,238 [INFO]  - Privoxy Proxy: 172.23.220.58:8118
2026-09-13 16:38:44,238 [INFO]  - Tor Relay ORPort: 8443
2026-09-13 16:38:44,240 [INFO]  - IP-Rotation: Alle 120 Sekunden
2026-09-13 16:38:44,241 [INFO]  - Spurenschutz: Aktive 256MB RAM-Disk (tmpfs) + nftables Kill-Switch
2026-09-13 16:45:57,638 [INFO] [Vorbereitung] Entferne ggf. übrig gebliebenen Windows-Systemproxy (Stale-State)...
2026-09-13 16:45:57,639 [INFO] Deaktiviere Windows-Systemproxy...
2026-09-13 16:45:59,050 [INFO] [+] Windows-Systemproxy erfolgreich deaktiviert & System-Settings aktualisiert.
2026-09-13 16:45:59,050 [INFO] [Eingabe] Prüfe Systemvoraussetzungen...
2026-09-13 16:45:59,056 [INFO] [+] Systemcheck erfolgreich. WSL-IP ermittelt: 172.23.220.58
2026-09-13 16:45:59,056 [INFO] [Verarbeitung] Initialisiere 256MB RAM-Disk (tmpfs)...
2026-09-13 16:45:59,059 [INFO] Mounte 256MB tmpfs auf /mnt/tor_ramdisk...
2026-09-13 16:45:59,062 [INFO] [+] RAM-Disk erfolgreich gemountet.
2026-09-13 16:45:59,063 [INFO] [+] Unterstrukturen für Tor (/mnt/tor_ramdisk/tor_data) und Privoxy (/mnt/tor_ramdisk/privoxy) vorbereitet.
2026-09-13 16:45:59,063 [INFO] [Verarbeitung] Erzeuge dynamische Konfigurationsdateien in der RAM-Disk...
2026-09-13 16:46:00,169 [INFO] [+] Dynamische torrc erfolgreich in RAM-Disk erzeugt: /mnt/tor_ramdisk/torrc
2026-09-13 16:46:00,180 [INFO] [+] Privoxy user.action (Härtung) in RAM-Disk erzeugt: /mnt/tor_ramdisk/user.action
2026-09-13 16:46:00,181 [INFO] [+] Gehärtete Privoxy-Config in RAM-Disk erzeugt: /mnt/tor_ramdisk/privoxy.conf
2026-09-13 16:46:00,181 [INFO] [Verarbeitung] Wende strikte POSIX-Sicherheitsrechte an...
2026-09-13 16:46:00,182 [INFO] Setze strikte Dateirechte & erstelle Systempfade...
2026-09-13 16:46:00,182 [INFO] [+] Pfade und Rechte erfolgreich gehärtet (torrc: 0600, User-UID: 136).
2026-09-13 16:46:00,183 [INFO] [Verarbeitung] Konfiguriere Windows Defender Firewall-Regeln...
2026-09-13 16:46:00,987 [INFO] Konfiguriere Windows-Firewall-Regeln (Privoxy: 8118, ORPort: 8443)...
2026-09-13 16:46:05,012 [INFO] [+] Windows-Firewall-Regeln erfolgreich aktiv.
2026-09-13 16:46:05,012 [INFO] [Verarbeitung] Bereinige verwaiste Tor-Prozesse und aktiviere Tor-Dienst...
2026-09-13 16:46:05,013 [INFO] Stoppe System-Tor-Instanz (tor@default)...
2026-09-13 16:46:05,020 [INFO] Prüfe auf verwaiste Tor-Prozesse und gebe Ports frei...
2026-09-13 16:46:05,533 [INFO] [+] System-Tor gestoppt – Ports frei für den Suite-eigenen Tor (RAM-Disk).
2026-09-13 16:46:05,534 [INFO] [Verarbeitung] Starte Tor-Dienst und Stealth-Relay (warte auf Bootstrap 100%)...
2026-09-13 16:46:05,539 [INFO] [+] Dynamische torrc erfolgreich in RAM-Disk erzeugt: /mnt/tor_ramdisk/torrc
2026-09-13 16:46:05,542 [INFO] Starte Tor als direkten Prozess: tor -f /mnt/tor_ramdisk/torrc
2026-09-13 16:46:07,543 [INFO] Warte auf Tor-Bootstrap (kann bei europäischen Exit-Nodes einen Moment dauern)...
2026-09-13 16:46:13,332 [INFO] [+] Tor erfolgreich gestartet und zu 100% bootstrapped.
2026-09-13 16:46:13,333 [INFO] [*] IP-Changer gestartet (Rotation alle 120 Sekunden).
2026-09-13 16:46:13,339 [INFO] [Verarbeitung] Tor bootstrapped (100%) – aktiviere DNS-Leak-Schutz & Kill-Switch...
2026-09-13 16:46:13,343 [INFO] [+] /etc/resolv.conf gehärtet und auf lokalen Tor-DNS umgeleitet.
2026-09-13 16:46:13,382 [INFO] [+] DNS-Redirect aktiv (Port 53 -> Port 5353).
2026-09-13 16:46:13,386 [INFO] [+] nftables Ruleset angewendet (Tor-UID: 136).
2026-09-13 16:46:13,387 [INFO] [Verarbeitung] Starte gehärteten Privoxy-Proxy...
2026-09-13 16:46:14,260 [INFO] [+] Privoxy user.action (Härtung) in RAM-Disk erzeugt: /mnt/tor_ramdisk/user.action
2026-09-13 16:46:14,261 [INFO] [+] Gehärtete Privoxy-Config in RAM-Disk erzeugt: /mnt/tor_ramdisk/privoxy.conf
2026-09-13 16:46:14,262 [INFO] Starte Privoxy als direkten Prozess mit RAM-Disk-Config...
2026-09-13 16:46:15,765 [INFO] [+] Privoxy erfolgreich gestartet (Hört auf 0.0.0.0:8118).
2026-09-13 16:46:15,766 [INFO] [Ausgabe] Aktiviere Windows-Systemproxy...
2026-09-13 16:46:15,767 [INFO] Setze Windows-Systemproxy auf 172.23.220.58:8118...
2026-09-13 16:46:17,097 [INFO] [+] Windows-Systemproxy erfolgreich aktiviert (172.23.220.58:8118) mit Instant-WinINet-Refresh.
2026-09-13 16:46:17,098 [INFO] [SUCCESS] Tor Suite ist aktiv!
2026-09-13 16:46:17,098 [INFO]  - Privoxy Proxy: 172.23.220.58:8118
2026-09-13 16:46:17,099 [INFO]  - Tor Relay ORPort: 8443
2026-09-13 16:46:17,099 [INFO]  - IP-Rotation: Alle 120 Sekunden
2026-09-13 16:46:17,100 [INFO]  - Spurenschutz: Aktive 256MB RAM-Disk (tmpfs) + nftables Kill-Switch
2026-09-13 16:46:33,081 [INFO] [Cleanup] Fahre Cyberdeck Tor Suite herunter...
2026-09-13 16:46:33,082 [INFO] Deaktiviere Windows-Systemproxy...
2026-09-13 16:46:34,364 [INFO] [+] Windows-Systemproxy erfolgreich deaktiviert & System-Settings aktualisiert.
2026-09-13 16:46:34,370 [INFO] Entferne Windows-Firewall-Regeln...
2026-09-13 16:46:38,030 [INFO] [+] DNS-Redirect-Tabelle entfernt.
2026-09-13 16:46:38,042 [INFO] [+] nftables Kill-Switch Tabelle entfernt.
2026-09-13 16:46:38,044 [INFO] [+] Ursprüngliche /etc/resolv.conf Datei wiederhergestellt.
2026-09-13 16:46:38,044 [INFO] Stoppe Privoxy-Dienst...
2026-09-13 16:46:38,051 [INFO] [+] Privoxy sauber beendet.
2026-09-13 16:46:38,052 [INFO] Stoppe Tor-Prozess und IP-Changer...
2026-09-13 16:46:38,464 [INFO] [+] Tor-Prozess sauber beendet.
2026-09-13 16:46:38,464 [INFO] Stoppe tor@default...
2026-09-13 16:46:38,473 [INFO] Prüfe auf verwaiste Tor-Prozesse und gebe Ports frei...
2026-09-13 16:46:38,984 [INFO] [+] tor@default sauber beendet.
2026-09-13 16:46:38,985 [INFO] Unmounte RAM-Disk unter /mnt/tor_ramdisk...
2026-09-13 16:46:39,008 [INFO] [+] RAM-Disk sauber unmountet und Spuren beseitigt.
2026-09-13 16:46:39,009 [INFO] [+] Shutdown abgeschlossen. Sämtliche temporären Daten wurden aus dem RAM gelöscht.
2026-09-13 16:53:51,961 [INFO] [Vorbereitung] Entferne ggf. übrig gebliebenen Windows-Systemproxy (Stale-State)...
2026-09-13 16:53:51,962 [INFO] Deaktiviere Windows-Systemproxy...
2026-09-13 16:53:53,156 [INFO] [+] Windows-Systemproxy erfolgreich deaktiviert & System-Settings aktualisiert.
2026-09-13 16:53:53,157 [INFO] [Eingabe] Prüfe Systemvoraussetzungen...
2026-09-13 16:53:53,161 [INFO] [+] Systemcheck erfolgreich. WSL-IP ermittelt: 172.23.220.58
2026-09-13 16:53:53,162 [INFO] [Verarbeitung] Initialisiere 256MB RAM-Disk (tmpfs)...
2026-09-13 16:53:53,166 [INFO] Mounte 256MB tmpfs auf /mnt/tor_ramdisk...
2026-09-13 16:53:53,168 [INFO] [+] RAM-Disk erfolgreich gemountet.
2026-09-13 16:53:53,170 [INFO] [+] Unterstrukturen für Tor (/mnt/tor_ramdisk/tor_data) und Privoxy (/mnt/tor_ramdisk/privoxy) vorbereitet.
2026-09-13 16:53:53,170 [INFO] [Verarbeitung] Erzeuge dynamische Konfigurationsdateien in der RAM-Disk...
2026-09-13 16:53:54,235 [INFO] [+] Dynamische torrc erfolgreich in RAM-Disk erzeugt: /mnt/tor_ramdisk/torrc
2026-09-13 16:53:54,244 [INFO] [+] Privoxy user.action (Härtung) in RAM-Disk erzeugt: /mnt/tor_ramdisk/user.action
2026-09-13 16:53:54,244 [INFO] [+] Gehärtete Privoxy-Config in RAM-Disk erzeugt: /mnt/tor_ramdisk/privoxy.conf
2026-09-13 16:53:54,244 [INFO] [Verarbeitung] Wende strikte POSIX-Sicherheitsrechte an...
2026-09-13 16:53:54,245 [INFO] Setze strikte Dateirechte & erstelle Systempfade...
2026-09-13 16:53:54,245 [INFO] [+] Pfade und Rechte erfolgreich gehärtet (torrc: 0600, User-UID: 136).
2026-09-13 16:53:54,246 [INFO] [Verarbeitung] Konfiguriere Windows Defender Firewall-Regeln...
2026-09-13 16:53:55,030 [INFO] Konfiguriere Windows-Firewall-Regeln (Privoxy: 8118, ORPort: 8443)...
2026-09-13 16:53:58,428 [INFO] [+] Windows-Firewall-Regeln erfolgreich aktiv.
2026-09-13 16:53:58,429 [INFO] [Verarbeitung] Bereinige verwaiste Tor-Prozesse und aktiviere Tor-Dienst...
2026-09-13 16:53:58,430 [INFO] Stoppe System-Tor-Instanz (tor@default)...
2026-09-13 16:53:58,437 [INFO] Prüfe auf verwaiste Tor-Prozesse und gebe Ports frei...
2026-09-13 16:53:58,947 [INFO] [+] System-Tor gestoppt – Ports frei für den Suite-eigenen Tor (RAM-Disk).
2026-09-13 16:53:58,948 [INFO] [Verarbeitung] Starte Tor-Dienst und Stealth-Relay (warte auf Bootstrap 100%)...
2026-09-13 16:53:58,952 [INFO] [+] Dynamische torrc erfolgreich in RAM-Disk erzeugt: /mnt/tor_ramdisk/torrc
2026-09-13 16:53:58,954 [INFO] Starte Tor als direkten Prozess: tor -f /mnt/tor_ramdisk/torrc
2026-09-13 16:54:00,955 [INFO] Warte auf Tor-Bootstrap (kann bei europäischen Exit-Nodes einen Moment dauern)...
2026-09-13 16:54:14,320 [INFO] [+] Tor erfolgreich gestartet und zu 100% bootstrapped.
2026-09-13 16:54:14,321 [INFO] [*] IP-Changer gestartet (Rotation alle 120 Sekunden).
2026-09-13 16:54:14,327 [INFO] [Verarbeitung] Tor bootstrapped (100%) – aktiviere DNS-Leak-Schutz & Kill-Switch...
2026-09-13 16:54:14,331 [INFO] [+] /etc/resolv.conf gehärtet und auf lokalen Tor-DNS umgeleitet.
2026-09-13 16:54:14,334 [INFO] [+] DNS-Redirect aktiv (Port 53 -> Port 5353).
2026-09-13 16:54:14,338 [INFO] [+] nftables Ruleset angewendet (Tor-UID: 136).
2026-09-13 16:54:14,339 [INFO] [Verarbeitung] Starte gehärteten Privoxy-Proxy...
2026-09-13 16:54:15,099 [INFO] [+] Privoxy user.action (Härtung) in RAM-Disk erzeugt: /mnt/tor_ramdisk/user.action
2026-09-13 16:54:15,100 [INFO] [+] Gehärtete Privoxy-Config in RAM-Disk erzeugt: /mnt/tor_ramdisk/privoxy.conf
2026-09-13 16:54:15,100 [INFO] Starte Privoxy als direkten Prozess mit RAM-Disk-Config...
2026-09-13 16:54:16,603 [INFO] [+] Privoxy erfolgreich gestartet (Hört auf 0.0.0.0:8118).
2026-09-13 16:54:16,604 [INFO] [Ausgabe] Aktiviere Windows-Systemproxy...
2026-09-13 16:54:16,604 [INFO] Setze Windows-Systemproxy auf 172.23.220.58:8118...
2026-09-13 16:54:17,800 [INFO] [+] Windows-Systemproxy erfolgreich aktiviert (172.23.220.58:8118) mit Instant-WinINet-Refresh.
2026-09-13 16:54:17,801 [INFO] [SUCCESS] Tor Suite ist aktiv!
2026-09-13 16:54:17,802 [INFO]  - Privoxy Proxy: 172.23.220.58:8118
2026-09-13 16:54:17,803 [INFO]  - Tor Relay ORPort: 8443
2026-09-13 16:54:17,804 [INFO]  - IP-Rotation: Alle 120 Sekunden
2026-09-13 16:54:17,805 [INFO]  - Spurenschutz: Aktive 256MB RAM-Disk (tmpfs) + nftables Kill-Switch
2026-09-13 16:56:39,186 [INFO] [Vorbereitung] Entferne ggf. übrig gebliebenen Windows-Systemproxy (Stale-State)...
2026-09-13 16:56:39,186 [INFO] Deaktiviere Windows-Systemproxy...
2026-09-13 16:56:40,320 [INFO] [+] Windows-Systemproxy erfolgreich deaktiviert & System-Settings aktualisiert.
2026-09-13 16:56:40,321 [INFO] [Eingabe] Prüfe Systemvoraussetzungen...
2026-09-13 16:56:40,328 [INFO] [+] Systemcheck erfolgreich. WSL-IP ermittelt: 172.23.220.58
2026-09-13 16:56:40,329 [INFO] [Verarbeitung] Initialisiere 256MB RAM-Disk (tmpfs)...
2026-09-13 16:56:40,329 [INFO] [*] RAM-Disk ist bereits gemountet.
2026-09-13 16:56:40,330 [INFO] [+] Unterstrukturen für Tor (/mnt/tor_ramdisk/tor_data) und Privoxy (/mnt/tor_ramdisk/privoxy) vorbereitet.
2026-09-13 16:56:40,330 [INFO] [Verarbeitung] Erzeuge dynamische Konfigurationsdateien in der RAM-Disk...
2026-09-13 16:56:41,374 [INFO] [+] Dynamische torrc erfolgreich in RAM-Disk erzeugt: /mnt/tor_ramdisk/torrc
2026-09-13 16:56:41,383 [INFO] [+] Privoxy user.action (Härtung) in RAM-Disk erzeugt: /mnt/tor_ramdisk/user.action
2026-09-13 16:56:41,384 [INFO] [+] Gehärtete Privoxy-Config in RAM-Disk erzeugt: /mnt/tor_ramdisk/privoxy.conf
2026-09-13 16:56:41,384 [INFO] [Verarbeitung] Wende strikte POSIX-Sicherheitsrechte an...
2026-09-13 16:56:41,385 [INFO] Setze strikte Dateirechte & erstelle Systempfade...
2026-09-13 16:56:41,385 [INFO] [+] Pfade und Rechte erfolgreich gehärtet (torrc: 0600, User-UID: 136).
2026-09-13 16:56:41,386 [INFO] [Verarbeitung] Konfiguriere Windows Defender Firewall-Regeln...
2026-09-13 16:56:42,170 [INFO] Konfiguriere Windows-Firewall-Regeln (Privoxy: 8118, ORPort: 8443)...
2026-09-13 16:56:45,634 [INFO] [+] Windows-Firewall-Regeln erfolgreich aktiv.
2026-09-13 16:56:45,635 [INFO] [Verarbeitung] Bereinige verwaiste Tor-Prozesse und aktiviere Tor-Dienst...
2026-09-13 16:56:45,636 [INFO] Stoppe System-Tor-Instanz (tor@default)...
2026-09-13 16:56:45,644 [INFO] Prüfe auf verwaiste Tor-Prozesse und gebe Ports frei...
2026-09-13 16:56:46,158 [INFO] [+] System-Tor gestoppt – Ports frei für den Suite-eigenen Tor (RAM-Disk).
2026-09-13 16:56:46,159 [INFO] [Verarbeitung] Starte Tor-Dienst und Stealth-Relay (warte auf Bootstrap 100%)...
2026-09-13 16:56:46,163 [INFO] [+] Dynamische torrc erfolgreich in RAM-Disk erzeugt: /mnt/tor_ramdisk/torrc
2026-09-13 16:56:46,165 [INFO] Starte Tor als direkten Prozess: tor -f /mnt/tor_ramdisk/torrc
2026-09-13 16:56:48,166 [INFO] Warte auf Tor-Bootstrap (kann bei europäischen Exit-Nodes einen Moment dauern)...
2026-09-13 16:57:01,335 [INFO] [+] Tor erfolgreich gestartet und zu 100% bootstrapped.
2026-09-13 16:57:01,337 [INFO] [*] IP-Changer gestartet (Rotation alle 120 Sekunden).
2026-09-13 16:57:01,342 [INFO] [Verarbeitung] Tor bootstrapped (100%) – aktiviere DNS-Leak-Schutz & Kill-Switch...
2026-09-13 16:57:01,348 [INFO] [+] /etc/resolv.conf gehärtet und auf lokalen Tor-DNS umgeleitet.
2026-09-13 16:57:01,377 [INFO] [+] DNS-Redirect aktiv (Port 53 -> Port 5353).
2026-09-13 16:57:01,393 [INFO] [+] nftables Ruleset angewendet (Tor-UID: 136).
2026-09-13 16:57:01,394 [INFO] [Verarbeitung] Starte gehärteten Privoxy-Proxy...
2026-09-13 16:57:02,272 [WARNING] [!] Privoxy-Port 8118 belegt. Räume alte Instanzen auf...
2026-09-13 16:57:02,785 [INFO] [+] Privoxy user.action (Härtung) in RAM-Disk erzeugt: /mnt/tor_ramdisk/user.action
2026-09-13 16:57:02,786 [INFO] [+] Gehärtete Privoxy-Config in RAM-Disk erzeugt: /mnt/tor_ramdisk/privoxy.conf
2026-09-13 16:57:02,786 [INFO] Starte Privoxy als direkten Prozess mit RAM-Disk-Config...
2026-09-13 16:57:04,289 [INFO] [+] Privoxy erfolgreich gestartet (Hört auf 0.0.0.0:8118).
2026-09-13 16:57:04,290 [INFO] [Ausgabe] Aktiviere Windows-Systemproxy...
2026-09-13 16:57:04,290 [INFO] Setze Windows-Systemproxy auf 172.23.220.58:8118...
2026-09-13 16:57:06,060 [INFO] [+] Windows-Systemproxy erfolgreich aktiviert (172.23.220.58:8118) mit Instant-WinINet-Refresh.
2026-09-13 16:57:06,061 [INFO] [SUCCESS] Tor Suite ist aktiv!
2026-09-13 16:57:06,061 [INFO]  - Privoxy Proxy: 172.23.220.58:8118
2026-09-13 16:57:06,062 [INFO]  - Tor Relay ORPort: 8443
2026-09-13 16:57:06,062 [INFO]  - IP-Rotation: Alle 120 Sekunden
2026-09-13 16:57:06,063 [INFO]  - Spurenschutz: Aktive 256MB RAM-Disk (tmpfs) + nftables Kill-Switch
2026-09-13 16:57:34,018 [INFO] [Cleanup] Fahre Cyberdeck Tor Suite herunter...
2026-09-13 16:57:34,019 [INFO] Deaktiviere Windows-Systemproxy...
2026-09-13 16:57:35,172 [INFO] [+] Windows-Systemproxy erfolgreich deaktiviert & System-Settings aktualisiert.
2026-09-13 16:57:35,173 [INFO] Stoppe Privoxy-Dienst...
2026-09-13 16:57:35,185 [INFO] [+] Privoxy sauber beendet.
2026-09-13 16:57:35,186 [INFO] Stoppe Tor-Prozess und IP-Changer...
2026-09-13 16:57:35,466 [INFO] [+] Tor-Prozess sauber beendet.
2026-09-13 16:57:35,467 [INFO] Stoppe tor@default...
2026-09-13 16:57:35,474 [INFO] Prüfe auf verwaiste Tor-Prozesse und gebe Ports frei...
2026-09-13 16:57:35,986 [INFO] [+] tor@default sauber beendet.
2026-09-13 16:57:35,989 [INFO] Entferne Windows-Firewall-Regeln...
2026-09-13 16:57:39,077 [INFO] [+] DNS-Redirect-Tabelle entfernt.
2026-09-13 16:57:39,085 [INFO] [+] nftables Kill-Switch Tabelle entfernt.
2026-09-13 16:57:39,088 [INFO] [+] Ursprüngliche /etc/resolv.conf Datei wiederhergestellt.
2026-09-13 16:57:39,089 [INFO] Unmounte RAM-Disk unter /mnt/tor_ramdisk...
2026-09-13 16:57:39,113 [INFO] [+] RAM-Disk sauber unmountet und Spuren beseitigt.
2026-09-13 16:57:39,113 [INFO] [+] Shutdown abgeschlossen. Sämtliche temporären Daten wurden aus dem RAM gelöscht.
2026-09-13 17:01:15,617 [INFO] [Vorbereitung] Entferne ggf. übrig gebliebenen Windows-Systemproxy (Stale-State)...
2026-09-13 17:01:15,617 [INFO] Deaktiviere Windows-Systemproxy...
2026-09-13 17:01:16,797 [INFO] [+] Windows-Systemproxy erfolgreich deaktiviert & System-Settings aktualisiert.
2026-09-13 17:01:16,798 [INFO] [Eingabe] Prüfe Systemvoraussetzungen...
2026-09-13 17:01:16,803 [INFO] [+] Systemcheck erfolgreich. WSL-IP ermittelt: 172.23.220.58
2026-09-13 17:01:16,804 [INFO] [Verarbeitung] Initialisiere 256MB RAM-Disk (tmpfs)...
2026-09-13 17:01:16,808 [INFO] Mounte 256MB tmpfs auf /mnt/tor_ramdisk...
2026-09-13 17:01:16,811 [INFO] [+] RAM-Disk erfolgreich gemountet.
2026-09-13 17:01:16,812 [INFO] [+] Unterstrukturen für Tor (/mnt/tor_ramdisk/tor_data) und Privoxy (/mnt/tor_ramdisk/privoxy) vorbereitet.
2026-09-13 17:01:16,812 [INFO] [Verarbeitung] Erzeuge dynamische Konfigurationsdateien in der RAM-Disk...
2026-09-13 17:01:17,859 [INFO] [+] Dynamische torrc erfolgreich in RAM-Disk erzeugt: /mnt/tor_ramdisk/torrc
2026-09-13 17:01:17,868 [INFO] [+] Privoxy user.action (Härtung) in RAM-Disk erzeugt: /mnt/tor_ramdisk/user.action
2026-09-13 17:01:17,868 [INFO] [+] Gehärtete Privoxy-Config in RAM-Disk erzeugt: /mnt/tor_ramdisk/privoxy.conf
2026-09-13 17:01:17,869 [INFO] [Verarbeitung] Wende strikte POSIX-Sicherheitsrechte an...
2026-09-13 17:01:17,869 [INFO] Setze strikte Dateirechte & erstelle Systempfade...
2026-09-13 17:01:17,870 [INFO] [+] Pfade und Rechte erfolgreich gehärtet (torrc: 0600, User-UID: 136).
2026-09-13 17:01:17,870 [INFO] [Verarbeitung] Konfiguriere Windows Defender Firewall-Regeln...
2026-09-13 17:01:18,639 [INFO] Konfiguriere Windows-Firewall-Regeln (Privoxy: 8118, ORPort: 8443)...
2026-09-13 17:01:21,988 [INFO] [+] Windows-Firewall-Regeln erfolgreich aktiv.
2026-09-13 17:01:21,989 [INFO] [Verarbeitung] Bereinige verwaiste Tor-Prozesse und aktiviere Tor-Dienst...
2026-09-13 17:01:21,990 [INFO] Stoppe System-Tor-Instanz (tor@default)...
2026-09-13 17:01:21,997 [INFO] Prüfe auf verwaiste Tor-Prozesse und gebe Ports frei...
2026-09-13 17:01:22,508 [INFO] [+] System-Tor gestoppt – Ports frei für den Suite-eigenen Tor (RAM-Disk).
2026-09-13 17:01:22,508 [INFO] [Verarbeitung] Starte Tor-Dienst und Stealth-Relay (warte auf Bootstrap 100%)...
2026-09-13 17:01:22,513 [INFO] [+] Dynamische torrc erfolgreich in RAM-Disk erzeugt: /mnt/tor_ramdisk/torrc
2026-09-13 17:01:22,516 [INFO] Starte Tor als direkten Prozess: tor -f /mnt/tor_ramdisk/torrc
2026-09-13 17:01:24,517 [INFO] Warte auf Tor-Bootstrap (kann bei europäischen Exit-Nodes einen Moment dauern)...
2026-09-13 17:01:34,173 [INFO] [+] Tor erfolgreich gestartet und zu 100% bootstrapped.
2026-09-13 17:01:34,174 [INFO] [*] IP-Changer gestartet (Rotation alle 120 Sekunden).
2026-09-13 17:01:34,180 [INFO] [Verarbeitung] Tor bootstrapped (100%) – aktiviere DNS-Leak-Schutz & Kill-Switch...
2026-09-13 17:01:34,184 [INFO] [+] /etc/resolv.conf gehärtet und auf lokalen Tor-DNS umgeleitet.
2026-09-13 17:01:34,188 [INFO] [+] DNS-Redirect aktiv (Port 53 -> Port 5353).
2026-09-13 17:01:34,191 [INFO] [+] nftables Ruleset angewendet (Tor-UID: 136).
2026-09-13 17:01:34,192 [INFO] [Verarbeitung] Starte gehärteten Privoxy-Proxy...
2026-09-13 17:01:35,069 [INFO] [+] Privoxy user.action (Härtung) in RAM-Disk erzeugt: /mnt/tor_ramdisk/user.action
2026-09-13 17:01:35,070 [INFO] [+] Gehärtete Privoxy-Config in RAM-Disk erzeugt: /mnt/tor_ramdisk/privoxy.conf
2026-09-13 17:01:35,070 [INFO] Starte Privoxy als direkten Prozess mit RAM-Disk-Config...
2026-09-13 17:01:36,573 [INFO] [+] Privoxy erfolgreich gestartet (Hört auf 0.0.0.0:8118).
2026-09-13 17:01:36,574 [INFO] [Ausgabe] Aktiviere Windows-Systemproxy...
2026-09-13 17:01:36,574 [INFO] Setze Windows-Systemproxy auf 172.23.220.58:8118...
2026-09-13 17:01:38,350 [INFO] [+] Windows-Systemproxy erfolgreich aktiviert (172.23.220.58:8118) mit Instant-WinINet-Refresh.
2026-09-13 17:01:38,350 [INFO] [SUCCESS] Tor Suite ist aktiv!
2026-09-13 17:01:38,351 [INFO]  - Privoxy Proxy: 172.23.220.58:8118
2026-09-13 17:01:38,352 [INFO]  - Tor Relay ORPort: 8443
2026-09-13 17:01:38,352 [INFO]  - IP-Rotation: Alle 120 Sekunden
2026-09-13 17:01:38,353 [INFO]  - Spurenschutz: Aktive 256MB RAM-Disk (tmpfs) + nftables Kill-Switch
2026-09-13 17:01:53,450 [INFO] [Cleanup] Fahre Cyberdeck Tor Suite herunter...
2026-09-13 17:01:53,451 [INFO] Deaktiviere Windows-Systemproxy...
2026-09-13 17:01:54,599 [INFO] [+] Windows-Systemproxy erfolgreich deaktiviert & System-Settings aktualisiert.
2026-09-13 17:01:54,601 [INFO] Stoppe Privoxy-Dienst...
2026-09-13 17:01:54,608 [INFO] [+] Privoxy sauber beendet.
2026-09-13 17:01:54,609 [INFO] Stoppe Tor-Prozess und IP-Changer...
2026-09-13 17:01:55,303 [INFO] [+] Tor-Prozess sauber beendet.
2026-09-13 17:01:55,303 [INFO] Stoppe tor@default...
2026-09-13 17:01:55,310 [INFO] Prüfe auf verwaiste Tor-Prozesse und gebe Ports frei...
2026-09-13 17:01:55,821 [INFO] [+] tor@default sauber beendet.
2026-09-13 17:01:55,825 [INFO] Entferne Windows-Firewall-Regeln...
2026-09-13 17:01:58,933 [INFO] [+] DNS-Redirect-Tabelle entfernt.
2026-09-13 17:01:58,961 [INFO] [+] nftables Kill-Switch Tabelle entfernt.
2026-09-13 17:01:58,963 [INFO] [+] Ursprüngliche /etc/resolv.conf Datei wiederhergestellt.
2026-09-13 17:01:58,963 [INFO] Unmounte RAM-Disk unter /mnt/tor_ramdisk...
2026-09-13 17:01:58,985 [INFO] [+] RAM-Disk sauber unmountet und Spuren beseitigt.
2026-09-13 17:01:58,986 [INFO] [+] Shutdown abgeschlossen. Sämtliche temporären Daten wurden aus dem RAM gelöscht.
